CASE_ID,ACCIDENT_YEAR,PROC_DATE,JURIS,COLLISION_DATE,COLLISION_TIME,OFFICER_ID,REPORTING_DISTRICT,DAY_OF_WEEK,CHP_SHIFT,POPULATION,CNTY_CITY_LOC,SPECIAL_COND,BEAT_TYPE,CHP_BEAT_TYPE,CITY_DIVISION_LAPD,CHP_BEAT_CLASS,BEAT_NUMBER,PRIMARY_RD,SECONDARY_RD,DISTANCE,DIRECTION,INTERSECTION,WEATHER_1,WEATHER_2,STATE_HWY_IND,CALTRANS_COUNTY,CALTRANS_DISTRICT,STATE_ROUTE,ROUTE_SUFFIX,POSTMILE_PREFIX,POSTMILE,LOCATION_TYPE,RAMP_INTERSECTION,SIDE_OF_HWY,TOW_AWAY,COLLISION_SEVERITY,NUMBER_KILLED,NUMBER_INJURED,PARTY_COUNT,PRIMARY_COLL_FACTOR,PCF_CODE_OF_VIOL,PCF_VIOL_CATEGORY,PCF_VIOLATION,PCF_VIOL_SUBSECTION,HIT_AND_RUN,TYPE_OF_COLLISION,MVIW,PED_ACTION,ROAD_SURFACE,ROAD_COND_1,ROAD_COND_2,LIGHTING,CONTROL_DEVICE,CHP_ROAD_TYPE,PEDESTRIAN_ACCIDENT,BICYCLE_ACCIDENT,MOTORCYCLE_ACCIDENT,TRUCK_ACCIDENT,NOT_PRIVATE_PROPERTY,ALCOHOL_INVOLVED,STWD_VEHTYPE_AT_FAULT,CHP_VEHTYPE_AT_FAULT,COUNT_SEVERE_INJ,COUNT_VISIBLE_INJ,COUNT_COMPLAINT_PAIN,COUNT_PED_KILLED,COUNT_PED_INJURED,COUNT_BICYCLIST_KILLED,COUNT_BICYCLIST_INJURED,COUNT_MC_KILLED,COUNT_MC_INJURED,PRIMARY_RAMP,SECONDARY_RAMP,LATITUDE,LONGITUDE,COUNTY,CITY,POINT_X,POINT_Y
91624700,2021,2021-11-15,9625,2021-11-09,2130,018468,,2,2,9,1300,0,1,1,,2,003,"INTERSTATE 8 (E/B)","IMPERIAL AVENUE",178.00,E,N,A,-,Y,,,,,,,,,,N,3,0,1,1,D,-,00,,,N,E,J,A,A,H,-,C,D,0,,,,,Y,,-,"- ",0,1,0,0,0,0,0,0,0,"- ","- ",32.773841857910156,-115.56877899169922,IMPERIAL,UNINCORPORATED,-115.56897735595703,32.773990631103516
92001363,2023,2023-02-23,9625,2023-02-18,1329,020771,,6,1,9,1300,0,3,5,,2,050,"BOWKER RD.","HEBER RD.",655.00,N,N,A,-,N,,,,,,,,,,N,4,0,1,1,A,-,08,22107,,N,E,I,A,A,H,-,A,D,0,,,,,Y,,A,07,0,0,1,0,0,0,0,0,0,"- ","- ",32.732089996337891,-115.46501922607422,IMPERIAL,UNINCORPORATED,-115.46504974365234,32.732139587402344
92028242,2023,2023-03-24,9625,2023-03-21,1120,019667,,2,1,4,1304,0,2,S,,2,901,"IMPERIAL AVENUE SOUTHBOUND","CRUICKSHANK ROAD",33.00,N,N,B,-,N,,,,,,,,,,N,4,0,1,2,A,-,03,22350,,N,C,C,A,B,H,-,A,A,0,,,,,Y,,J,48,0,0,1,0,0,0,0,0,0,"- ","- ",32.814990997314453,-115.57003784179688,IMPERIAL,"EL CENTRO",-115.56997680664062,32.814800262451172
92076150,2023,2023-05-24,9620,2023-05-19,"200 ",019360,,5,3,9,1300,0,1,1,,2,081,"I-8 E/B","SAND HILLS OVER CROSSING",8448.00,W,N,A,-,Y,,,8,,,,,,E,Y,3,0,1,1,A,-,08,22107,,N,F,0,A,A,H,-,D,D,0,,,,,Y,,D,22,0,1,0,0,0,0,0,0,0,"- ","- ",32.730621337890625,-114.90540313720703,IMPERIAL,UNINCORPORATED,-114.90543365478516,32.730686187744141
92113381,2023,2023-07-10,9625,2023-07-05,1325,016248,,3,1,9,1300,0,3,5,,2,050,"BARBARA WORTH ROAD","HEBER ROAD",0.00,,Y,A,-,N,,,,,,,,,,Y,3,0,3,2,A,-,09,21802,A,N,D,2,A,A,H,-,A,A,0,,,,,Y,,A,01,0,1,2,0,0,0,0,0,0,"- ","- ",32.730251312255859,-115.43080902099609,IMPERIAL,UNINCORPORATED,-115.43087768554688,32.730236053466797
90779140,2018,2018-07-27,9625,2018-07-19,0905,017055,,4,1,9,1300,0,1,3,,1,012,"SR-86 (N/B)","COOMBS ROAD",6103.00,S,N,A,-,Y,,,86,,,,,,,Y,3,0,1,1,A,-,08,22107,,N,F,A,A,A,H,-,A,A,0,,,,,Y,,D,22,0,1,0,0,0,0,0,0,0,"- ","- ",33.308639526367188,-115.98616027832031,IMPERIAL,UNINCORPORATED,-115.98605346679688,33.308727264404297
90858297,2018,2018-11-12,9625,2018-11-05,1836,018464,,1,2,9,1300,0,1,3,,1,011,"SR-86 (S/B)","LACK ROAD",1149.00,S,N,A,-,Y,,,86,,,,,,,Y,2,0,1,2,A,-,03,22350,,N,C,C,A,A,H,-,A,D,0,,,,,Y,,A,01,1,0,0,0,0,0,0,0,0,"- ","- ",33.037078857421875,-115.64356994628906,IMPERIAL,UNINCORPORATED,-115.64356994628906,33.037021636962891
91066462,2019,2019-09-03,9625,2019-08-23,1940,017809,,5,2,9,1300,0,1,1,,2,003,"INTERSTATE 8 E/B","WESTSIDE ROAD",3124.00,W,N,A,-,Y,,,8,,,,,,E,Y,2,0,3,1,A,-,01,23152,A,N,F,A,A,A,H,-,D,D,0,,,,,Y,Y,A,07,3,0,0,0,0,0,0,0,0,"- ","- ",32.7735595703125,-115.74449920654297,IMPERIAL,UNINCORPORATED,-115.74448394775391,32.773475646972656
91220136,2020,2020-04-06,9620,2020-02-04,1552,019291,Quech,2,2,9,1300,0,2,4,,1,075,"S-24 PICACHO ROAD (700 BLOCK)","ARNOLD RD",1056.00,N,N,A,G,Y,,,,,,,,,,Y,1,1,0,2,A,-,16,24002,A,N,F,A,E,A,H,-,A,D,0,Y,,,,Y,,D,22,0,0,0,1,0,0,0,0,0,"- ","- ",32.755779266357422,-114.61605072021484,IMPERIAL,UNINCORPORATED,,
91221134,2020,2020-04-06,9625,2020-04-01,1755,022010,,3,2,9,1300,0,1,3,,1,042,SR-98,"DREW ROAD",474.00,E,N,A,-,Y,,,98,,,,,,,Y,2,0,1,1,A,-,01,23152,A,N,E,J,A,A,H,-,A,D,0,,,,,Y,Y,A,01,1,0,0,0,0,0,0,0,0,"- ","- ",32.679508209228516,-115.66722869873047,IMPERIAL,UNINCORPORATED,-115.66722869873047,32.679462432861328
91240258,2020,2020-05-20,9625,2020-05-20,0650,016248,,3,1,9,1300,0,3,5,,2,050,"CASEY ROAD","WORTHINGTON ROAD",0.00,,Y,A,-,N,,,,,,,,,,Y,3,0,1,2,A,-,09,21802,A,N,D,C,A,A,H,-,A,A,0,,,,,Y,,D,22,0,1,0,0,0,0,0,0,0,"- ","- ",32.847328186035156,-115.42337799072266,IMPERIAL,UNINCORPORATED,-115.42333984375,32.847301483154297
8854136,2019,2019-05-09,1304,2019-03-31,1801,360,EWEST,7,5,4,1304,0,0,0,,0,WEST,"LA BRUCHERIE",OCOTILLO,426.00,S,N,A,-,N,,,,,,,,,,N,3,0,1,2,A,-,11,21955,,M,A,B,E,A,H,-,A,A,0,Y,,,,Y,Y,N,60,0,1,0,0,1,0,0,0,0,"- ","- ",,,IMPERIAL,"EL CENTRO",-115.57835388183594,32.776214599609375
90727090,2018,2018-05-15,9625,2018-05-03,1730,022010,,4,2,9,1300,0,1,3,,1,054,"SR-111 S/B","HARRIS ROAD",2112.00,N,N,A,-,Y,,,111,,,,,,S,Y,4,0,2,1,A,-,08,22107,,N,F,A,A,A,H,-,A,D,0,,,,,Y,,A,07,0,0,2,0,0,0,0,0,0,"- ","- ",32.888248443603516,-115.50917816162109,IMPERIAL,UNINCORPORATED,-115.50914764404297,32.888248443603516
90851611,2018,2018-11-02,9625,2018-10-25,2036,018773,,4,2,9,1300,0,1,3,,2,053,"SR-111 SOUTHBOUND","MCCABE ROAD",51.00,N,N,A,-,Y,,,111,,,,,,S,Y,3,0,2,2,A,-,03,22350,,N,C,C,A,A,A,-,C,A,0,,,,,Y,,A,01,0,1,1,0,0,0,0,0,0,"- ","- ",32.752689361572266,-115.50087738037109,IMPERIAL,UNINCORPORATED,-115.50076293945312,32.752689361572266
90879643,2018,2018-12-10,9625,2018-12-02,2220,020263,,7,3,9,1300,0,1,3,,2,025,SR-78,"IMP MPM 30",2640.00,E,N,A,-,Y,,,78,,,,,,,Y,3,0,1,1,A,-,01,23152,F,N,F,A,A,A,H,-,D,D,0,,,,,Y,,A,01,0,1,0,0,0,0,0,0,0,"- ","- ",32.970489501953125,-115.25138854980469,IMPERIAL,UNINCORPORATED,-115.25138854980469,32.970535278320312
91122945,2019,2019-11-18,9625,2019-11-08,2245,020516,,5,3,9,1300,0,3,5,,2,050,"DANENBERG ROAD","PITZER ROAD",30.00,W,N,A,-,N,,,,,,,,,,Y,2,0,2,2,A,-,01,23152,A,N,C,C,A,A,H,-,D,A,0,,,,,Y,Y,A,01,1,1,0,0,0,0,0,0,0,"- ","- ",32.766910552978516,-115.51775360107422,IMPERIAL,UNINCORPORATED,-115.51783752441406,32.766914367675781
91334110,2020,2020-10-29,9620,2020-10-22,1010,019333,,4,1,9,1300,0,1,3,,1,063,SR-78,"BUTLER RD",2112.00,N,N,A,-,Y,,,78,,,,,,,Y,4,0,1,1,A,-,08,22107,,N,F,A,A,A,H,-,A,D,0,,,,,Y,,A,07,0,0,1,0,0,0,0,0,0,"- ","- ",33.409481048583984,-114.73100280761719,IMPERIAL,UNINCORPORATED,-114.73133087158203,33.409461975097656
91346410,2020,2021-01-05,9625,2020-11-05,0536,016248,,4,3,9,1300,0,1,3,,2,052,SR-98,"DAVID NAVARRO AVENUE",1541.00,W,N,A,-,Y,,,98,,,,,,,Y,4,0,1,2,A,-,08,22107,,N,B,C,A,A,H,-,B,D,0,,,,,Y,,D,22,0,0,1,0,0,0,0,0,0,"- ","- ",32.67926025390625,-115.52401733398438,IMPERIAL,UNINCORPORATED,-115.52401733398438,32.679241180419922
91403573,2021,2021-02-05,9625,2021-02-01,1109,018368,,1,1,9,1300,0,1,1,,2,003,"I-8 E/B","DUNAWAY ROAD",7867.00,E,N,A,-,Y,,,8,,,,,,E,Y,3,0,1,1,A,-,08,22107,,N,E,I,A,A,H,-,A,D,0,,,,,Y,,A,01,0,1,0,0,0,0,0,0,0,"- ","- ",32.772998809814453,-115.77571105957031,IMPERIAL,UNINCORPORATED,-115.77571105957031,32.773067474365234
91883398,2022,2022-10-05,9625,2022-09-28,1600,018773,,3,2,9,1300,0,3,5,,2,050,"ORCHARD ROAD","NIMURA ROAD",220.00,S,N,A,-,N,,,,,,,,,,Y,3,0,2,2,A,-,03,22350,,N,C,C,A,A,H,-,A,A,0,,,,,Y,,A,01,0,2,0,0,0,0,0,0,0,"- ","- ",32.790229797363281,-115.38368988037109,IMPERIAL,UNINCORPORATED,-115.38373565673828,32.790279388427734
8554071,2018,2018-08-09,1301,2018-01-27,0918,A9,BRAWL,6,5,3,1301,0,0,0,,0,001,"RT 86",WESTERN,0.00,,Y,A,-,Y,IMP,11,86,-,-,20.749,I,5,N,Y,4,0,1,2,D,-,00,,,N,D,C,A,A,H,-,A,A,0,,,,,Y,,-,"- ",0,0,1,0,0,0,0,0,0,"- ","- ",,,IMPERIAL,BRAWLEY,-115.54365539550781,32.978656768798828
8661998,2018,2018-08-17,1304,2018-07-14,2019,365,,6,5,4,1304,0,0,0,,0,EAST,AURORA,5TH,0.00,,-,A,-,N,,,,,,,,,,N,3,0,1,2,A,-,03,22350,,F,G,B,D,A,H,-,D,D,0,Y,,,,Y,,D,22,0,1,0,0,1,0,0,0,0,"- ","- ",32.778400421142578,-115.5531005859375,IMPERIAL,"EL CENTRO",-115.55461883544922,32.778450012207031
8927117,2019,2020-06-16,1302,2019-02-27,0823,CX014,1302,3,5,4,1302,0,0,0,,0,0C1,"RT 98","DAVID NAVARRO AV",0.00,,Y,A,-,Y,IMP,11,98,-,-,31.136,I,5,W,Y,4,0,1,2,A,-,09,21800,A,F,D,D,A,A,H,-,A,A,0,,,,,Y,,D,22,0,0,1,0,0,0,0,0,0,"- ","- ",,,IMPERIAL,CALEXICO,-115.51899719238281,32.67919921875
8964535,2018,2019-10-30,1302,2018-03-04,2041,565,1302,7,5,4,1302,0,0,0,,0,003,"RT 111","E 2ND ST",0.00,,Y,A,-,N,,,,,,,,,,N,3,0,1,2,A,-,11,21451,C,F,A,B,B,A,H,-,B,A,0,Y,,,Y,Y,,F,21,0,1,0,0,1,0,0,0,0,"- ","- ",,,IMPERIAL,CALEXICO,-115.49867248535156,32.666690826416016
8964539,2018,2019-11-12,1302,2018-02-14,0752,CX118,1302,3,5,4,1302,0,0,0,,0,002,"RT 98","PAULIN AV",0.00,,Y,A,-,Y,IMP,11,98,-,-,32.405,I,5,W,N,4,0,2,2,A,-,09,21804,A,N,D,C,A,-,H,-,A,A,0,,,Y,,Y,,A,01,0,0,2,0,0,0,0,0,0,"- ","- ",,,IMPERIAL,CALEXICO,-115.49720764160156,32.679122924804688
9079395,2020,2020-06-26,1304,2020-02-28,2310,357,ELCE,5,5,4,1304,0,0,0,,0,WEST,VINE,"VINE 858",0.00,,-,A,-,N,,,,,,,,,,N,4,0,1,2,A,-,03,22350,,N,A,E,A,A,H,-,C,D,0,,,,,Y,,A,01,0,0,1,0,0,0,0,0,0,"- ","- ",32.784999847412109,-115.56268310546875,IMPERIAL,"EL CENTRO",-115.56262700000001,32.784953999999999
91685516,2022,2022-01-26,9625,2022-01-21,1900,019668,,5,2,9,1300,0,3,5,,2,050,"PITZER ROAD","MCCABE ROAD",0.00,,Y,A,-,N,,,,,,,,,,Y,4,0,1,2,A,-,09,21801,A,N,D,C,A,A,H,-,C,A,0,,,,,Y,,A,01,0,0,1,0,0,0,0,0,0,"- ","- ",32.752460479736328,-115.51760101318359,IMPERIAL,UNINCORPORATED,-115.51763153076172,32.752456665039062
91905699,2022,2022-10-31,9625,2022-10-28,1420,019225,,5,2,9,1300,0,1,1,,2,005,"INTERSTATE 8 (E/B) OFF-RAMP TO SR-7","STATE ROUTE (SR-7)",0.00,,Y,A,-,Y,,,8,,,,R,,,Y,4,0,3,2,A,-,09,21802,A,N,D,C,A,A,H,-,A,A,0,,,,,Y,,A,08,0,0,3,0,0,0,0,0,0,"- ","- ",32.771938323974609,-115.38374328613281,IMPERIAL,UNINCORPORATED,-115.38374328613281,32.771938323974609
92075149,2023,2023-05-23,9625,2023-05-17,1550,019225,,3,2,9,1300,0,1,3,,2,053,"SR-111 (SOUTHBOUND)","MCCABE ROAD",1270.00,N,N,A,-,Y,,,111,,,,,,,Y,4,0,1,2,A,-,03,22350,,N,C,C,A,A,H,-,A,D,0,,,,,Y,,A,01,0,0,1,0,0,0,0,0,0,"- ","- ",32.756008148193359,-115.50089263916016,IMPERIAL,UNINCORPORATED,-115.50080871582031,32.756011962890625
92112214,2023,2023-07-07,9625,2023-06-24,"130 ",016248,,6,3,9,1300,0,3,5,,2,050,"KLOKE ROAD","WILLOUGHBY ROAD",25.00,E,N,A,-,N,,,,,,,,,,N,2,0,1,1,A,-,08,22107,,N,E,I,A,A,H,-,D,D,0,,,,,Y,,A,01,1,0,0,0,0,0,0,0,0,"- ","- ",32.708419799804688,-115.51735687255859,IMPERIAL,UNINCORPORATED,-115.51779937744141,32.708469390869141
92205030,2023,2023-10-20,9625,2023-10-19,"929 ",018773,,4,1,9,1300,0,3,5,,2,050,"BOWKER ROAD","GILLET ROAD",10.00,S,N,A,-,N,,,,,,,,,,Y,4,0,1,2,A,-,03,22350,,N,C,C,A,A,H,-,A,D,0,,,,,Y,,A,01,0,0,1,0,0,0,0,0,0,"- ","- ",32.785011291503906,-115.47382354736328,IMPERIAL,UNINCORPORATED,-115.47383117675781,32.785041809082031
92226826,2023,2023-11-02,9625,2023-10-11,"530 ",018617,,3,3,9,1300,0,2,4,,2,047,"FORRESTER ROAD","ROSS ROAD",1114.00,N,N,G,-,N,,,,,,,,,,Y,1,1,2,2,A,-,05,21650,,N,A,C,A,A,H,-,D,D,0,,,,,Y,,A,01,1,1,0,0,0,0,0,0,0,"- ","- ",32.784549713134766,-115.62062072753906,IMPERIAL,UNINCORPORATED,-115.62062835693359,32.784465789794922
90861270,2018,2018-11-15,9625,2018-11-13,2205,020263,,2,3,9,1300,0,1,1,,2,005,"I-8, E/B","BOWKER ROAD",8.00,W,N,A,-,Y,,,8,,,,,,E,Y,3,0,1,1,A,-,08,22107,,N,F,A,A,A,H,-,D,D,0,,,,,Y,,A,01,0,1,0,0,0,0,0,0,0,"- ","- ",32.773349761962891,-115.4739990234375,IMPERIAL,UNINCORPORATED,-115.4739990234375,32.773468017578125
90932943,2019,2019-02-25,9625,2019-02-13,0755,017432,,3,1,9,1300,0,1,3,,1,054,"STATE ROUTE 111 N/B","ATEN ROAD",1954.00,S,N,A,-,Y,,,111,,,,,,N,N,4,0,1,3,A,-,03,22350,,N,C,C,A,A,H,-,A,D,0,,,,,Y,,D,22,0,0,1,0,0,0,0,0,0,"- ","- ",32.820400238037109,-115.50016784667969,IMPERIAL,UNINCORPORATED,-115.50028228759766,32.820400238037109
90935575,2019,2019-02-27,9625,2019-02-17,0520,017727,,7,3,9,1300,0,3,5,,2,020,"AVENUE C","1ST ST",170.00,S,N,A,-,N,,,,,,,,,,Y,2,0,1,1,A,-,01,23152,A,N,A,I,A,A,H,-,D,D,0,,,,,Y,,A,01,1,0,0,0,0,0,0,0,0,"- ","- ",33.354038238525391,-115.73169708251953,IMPERIAL,UNINCORPORATED,-115.73175811767578,33.353836059570312
91021727,2019,2019-07-01,9625,2019-06-22,0630,018279,,6,1,9,1300,0,1,3,,2,025,SR-78,"OGILBY RD",8448.00,W,N,A,-,Y,,,78,,,,,,,Y,3,0,2,3,A,-,05,21460,A,N,B,C,A,A,H,-,A,D,0,,,,,Y,,A,01,0,2,0,0,0,0,0,0,0,"- ","- ",33.079498291015625,-114.93840026855469,IMPERIAL,UNINCORPORATED,-114.93839263916016,33.0794677734375
91234602,2020,2020-05-06,9625,2020-05-03,1939,020054,,7,2,9,1300,0,3,5,,2,020,"BEST ROAD","RUTHERFORD ROAD",180.00,S,N,A,-,N,,,,,,,,,,Y,2,0,3,1,A,-,01,23152,A,N,F,I,A,A,H,-,B,D,0,,,,,Y,,D,22,1,2,0,0,0,0,0,0,0,"- ","- ",33.043949127197266,-115.50932312011719,IMPERIAL,UNINCORPORATED,-115.50926208496094,33.04400634765625
91523525,2021,2021-07-19,9625,2021-07-07,2300,020738,,3,3,9,1300,0,1,1,,2,003,"I-8 EASTBOUND","IMPERIAL HIGHWAY",23971.00,E,N,A,-,Y,,,8,,,,,,E,N,3,0,4,1,A,-,08,22107,,N,E,I,A,A,H,-,D,D,0,,,,,Y,,A,01,0,1,3,0,0,0,0,0,0,"- ","- ",32.74884033203125,-115.91834259033203,IMPERIAL,UNINCORPORATED,-115.91834259033203,32.748859405517578
9029353,2020,2020-06-10,1304,2020-01-04,2000,358,EEAST,6,5,4,1304,0,0,0,,0,EAST,ADAMS,6TH,96.00,E,N,A,-,N,,,,,,,,,,Y,3,0,1,2,A,-,01,23152,A,N,C,C,A,A,H,-,C,-,0,,,,,Y,Y,-,,0,1,0,0,0,0,0,0,0,"- ","- ",,,IMPERIAL,"EL CENTRO",-115.55677032470703,32.796531677246094
9410870,2021,2022-02-17,1304,2021-08-20,2015,337,ELCE,5,5,4,1304,0,0,0,,0,WEST,BRIGHTON,IMPERIAL,120.00,E,N,A,-,N,,,,,,,,,,N,3,0,1,2,A,-,06,21755,A,F,B,G,A,A,H,-,C,D,0,,Y,,,Y,Y,L,04,0,1,0,0,0,0,1,0,0,"- ","- ",32.789688110351562,-115.56948852539062,IMPERIAL,"EL CENTRO",-115.56983947753906,32.789630889892578
9555240,2023,2023-04-24,1304,2023-03-06,1554,E4277,EPTRL,1,5,4,1304,0,0,0,,0,WEST,IMPERIAL,VILLA,197.00,N,N,B,-,Y,IMP,11,86,-,-,7.850,H,-,N,N,3,0,1,2,A,-,03,22350,,N,C,C,A,A,H,-,A,A,0,,,,,Y,,A,07,0,1,0,0,0,0,0,0,0,"- ","- ",,,IMPERIAL,"EL CENTRO",-115.56988525390625,32.804332733154297
90766620,2018,2018-07-10,9625,2018-06-30,0430,020704,,6,3,9,1300,0,3,5,,2,050,"OLD HIGHWAY 111","ATEN ROAD",2640.00,S,N,A,-,Y,,,,,,,,,,Y,3,0,1,1,A,-,01,23152,A,N,E,I,A,A,H,-,D,D,0,,,,,Y,Y,A,01,0,1,0,0,0,0,0,0,0,"- ","- ",32.818111419677734,-115.50131988525391,IMPERIAL,UNINCORPORATED,-115.50130462646484,32.818557739257812
90790653,2018,2018-08-14,9625,2018-08-11,1443,018792,,6,2,9,1300,0,1,3,,1,021,"SR 111 N/B","SIXTH STREET",10.00,N,N,A,-,Y,,,111,,,,,,N,Y,3,0,1,1,A,-,08,22107,,N,E,I,A,A,H,-,A,D,0,,,,,Y,,A,01,0,1,0,0,0,0,0,0,0,"- ","- ",33.235858917236328,-115.51921081542969,IMPERIAL,UNINCORPORATED,-115.51907348632812,33.235858917236328
90900702,2018,2019-01-09,9625,2018-12-28,1008,018464,,5,1,9,1300,0,3,5,,2,040,"AUSTIN ROAD","KEYSTONE ROAD",1584.00,S,N,A,-,N,,,,,,,,,,Y,3,0,1,1,A,-,08,22107,,N,E,I,A,A,H,-,A,D,0,,,,,Y,,A,01,0,1,0,0,0,0,0,0,0,"- ","- ",32.908138275146484,-115.59481048583984,IMPERIAL,UNINCORPORATED,-115.59491729736328,32.908222198486328
91901029,2022,2022-10-27,9625,2022-09-14,1140,017727,,3,1,9,1300,0,1,3,,1,021,SR-111,"BEAL ROAD",1420.00,N,N,A,-,Y,,,111,,,,,,,Y,1,1,0,2,A,-,09,21804,A,N,D,C,A,A,H,-,A,D,0,,,Y,Y,Y,,C,06,0,0,0,0,0,0,0,1,0,"- ","- ",33.245571136474609,-115.52101898193359,IMPERIAL,UNINCORPORATED,-115.52101898193359,33.245571136474609
91994224,2023,2023-02-14,9625,2023-02-01,"550 ",017727,,3,3,9,1300,0,3,5,,2,010,"SINCLAIR ROAD","BRANDT ROAD",329.00,W,N,A,-,N,,,,,,,,,,Y,4,0,1,1,A,-,08,22107,,N,F,A,A,A,H,-,D,D,0,,,,,Y,,A,01,0,0,1,0,0,0,0,0,0,"- ","- ",33.176670074462891,-115.56371307373047,IMPERIAL,UNINCORPORATED,-115.57669067382812,33.1766357421875
92207462,2023,2023-10-24,9625,2023-10-13,2500,018933,,5,4,9,1300,0,2,4,,2,057,"EVAN HEWES HWY. E/B","CLAYBROOK ROAD",475.00,E,N,A,-,N,,,,,,,,,,N,3,0,1,1,A,-,08,22107,,N,E,I,A,A,H,-,D,D,0,,,,,Y,,A,01,0,1,0,0,0,0,0,0,0,"- ","- ",32.807258605957031,-115.38915252685547,IMPERIAL,UNINCORPORATED,-115.39374542236328,32.806461334228516
92250238,2023,2023-12-01,9625,2023-11-26,1725,019667,,7,2,2,1306,0,1,1,,2,005,"INTERSTATE 8 EASTBOUND","STATE ROUTE 111",280.00,W,N,A,-,Y,,,,,,,,,,Y,3,0,2,2,A,-,03,22350,,N,C,C,A,A,H,-,D,D,0,,,,Y,Y,,A,07,0,1,1,0,0,0,0,0,0,"- ","- ",32.773658752441406,-115.5023193359375,IMPERIAL,IMPERIAL,-115.50189208984375,32.773712158203125
90984509,2019,2019-05-08,9625,2019-04-26,0015,020111,,5,3,9,1300,0,3,5,,2,040,"HARRIS ROAD",SR-86,2440.00,W,N,A,-,N,,,,,,,,,,Y,4,0,2,1,A,-,08,22107,,N,E,I,A,A,H,-,D,D,0,,,,,Y,Y,A,07,0,0,2,0,0,0,0,0,0,"- ","- ",32.883548736572266,-115.5860595703125,IMPERIAL,UNINCORPORATED,-115.57821655273438,32.883590698242188
91088093,2019,2019-10-01,9625,2019-09-28,1201,016248,,6,1,9,1300,0,3,5,,2,040,"ATEN ROAD","GULLET ROAD",0.00,,Y,B,-,N,,,,,,,,,,N,2,0,1,1,A,-,08,22107,,N,F,A,A,A,B,-,A,D,0,,,Y,,Y,,C,02,1,0,0,0,0,0,0,0,1,"- ","- ",32.825641632080078,-115.63796997070312,IMPERIAL,UNINCORPORATED,-115.63787841796875,32.825569152832031
91390768,2021,2021-01-19,9625,2021-01-10,1250,018368,,7,1,9,1300,0,1,3,,1,044,"SR-86 S/B","KEYSTONE ROAD",0.00,,Y,A,-,Y,,,86,,,,,,S,Y,3,0,1,2,A,-,12,21453,A,N,D,C,A,A,H,-,A,A,0,,,,,Y,,A,01,0,1,0,0,0,0,0,0,0,"- ","- ",32.912570953369141,-115.56993865966797,IMPERIAL,UNINCORPORATED,-115.57006072998047,32.912563323974609
91394661,2021,2021-01-26,9625,2021-01-22,1146,019035,,5,1,9,1300,0,1,1,,2,004,"INTERSTATE 8 W/B","DUNAWAY ROAD",5808.00,W,N,A,-,Y,,,8,,,,,,W,Y,3,0,1,1,A,-,08,22107,,N,F,A,A,A,H,-,A,D,0,,,Y,,Y,,C,02,0,1,0,0,0,0,0,0,1,"- ","- ",32.764801025390625,-115.82209777832031,IMPERIAL,UNINCORPORATED,-115.82209014892578,32.764732360839844
91662715,2021,2021-12-27,9625,2021-12-15,0758,018368,,3,1,9,1300,0,1,3,,2,014,"BRANDT ROAD",SR-78,13.00,N,N,A,-,Y,,,,,,,,,,Y,3,0,2,2,A,-,09,21803,A,N,D,C,A,A,H,-,A,A,0,,,,,Y,,E,22,0,2,0,0,0,0,0,0,0,"- ","- ",33.000400543212891,-115.56127166748047,IMPERIAL,UNINCORPORATED,-115.56147003173828,33.000373840332031
91860087,2022,2022-09-08,9625,2022-08-31,2055,019225,,3,2,9,1300,0,1,1,,2,006,"INTERSTATE 8 (W/B)",SR-7,1389.00,W,N,A,-,Y,,,8,,,,,,,Y,4,0,1,1,A,-,01,23152,A,N,E,8,A,A,H,-,A,D,0,,,,,Y,Y,A,01,0,0,1,0,0,0,0,0,0,"- ","- ",32.773380279541016,-115.38828277587891,IMPERIAL,UNINCORPORATED,-115.38828277587891,32.773456573486328
9036663,2019,2020-02-10,1304,2019-12-11,1251,361,ELCE,3,5,4,1304,0,0,0,,0,WEST,"LA BRUCHERIE",EUCLID,0.00,,Y,A,-,N,,,,,,,,,,Y,4,0,1,2,A,-,09,21801,A,N,D,C,A,A,H,-,A,A,0,,,,,Y,,A,01,0,0,1,0,0,0,0,0,0,"- ","- ",,,IMPERIAL,"EL CENTRO",-115.57868194580078,32.798381805419922
9106600,2020,2020-06-30,1301,2020-03-31,1654,908,BRAWL,2,5,3,1301,0,0,0,,0,0B3,"MAIN ST","CESAR CHAVEZ ST",86.00,W,N,A,-,N,,,,,,,,,,Y,3,0,2,3,A,-,09,21801,,N,D,C,A,A,H,-,A,A,0,,,,,Y,,A,01,0,1,1,0,0,0,0,0,0,"- ","- ",,,IMPERIAL,BRAWLEY,-115.52667999267578,32.978630065917969
9192755,2021,2021-06-08,1304,2021-04-28,2154,368,E1,3,5,4,1304,0,0,0,,0,EAST,4TH,BROADWAY,0.00,,Y,A,-,Y,IMP,11,86,-,L,7.380,I,5,S,Y,2,0,1,3,A,-,01,23153,B,N,D,C,A,A,H,-,C,A,0,,,Y,,Y,Y,A,07,1,0,0,0,0,0,0,0,1,"- ","- ",,,IMPERIAL,"EL CENTRO",-115.55252838134766,32.793880462646484
9369992,2021,2022-01-18,1304,2021-12-14,1209,350,ELCE,2,5,4,1304,0,0,0,,0,,"LA BRUCHERIE",VILLA,0.00,,Y,A,-,N,,,,,,,,,,Y,3,0,1,2,A,-,12,21453,A,N,-,C,A,A,H,-,A,A,0,,,,,Y,,D,22,0,1,0,0,0,0,0,0,0,"- ","- ",32.803619384765625,-115.57865142822266,IMPERIAL,"EL CENTRO",-115.57865905761719,32.80364990234375