CASE_ID,ACCIDENT_YEAR,PROC_DATE,JURIS,COLLISION_DATE,COLLISION_TIME,OFFICER_ID,REPORTING_DISTRICT,DAY_OF_WEEK,CHP_SHIFT,POPULATION,CNTY_CITY_LOC,SPECIAL_COND,BEAT_TYPE,CHP_BEAT_TYPE,CITY_DIVISION_LAPD,CHP_BEAT_CLASS,BEAT_NUMBER,PRIMARY_RD,SECONDARY_RD,DISTANCE,DIRECTION,INTERSECTION,WEATHER_1,WEATHER_2,STATE_HWY_IND,CALTRANS_COUNTY,CALTRANS_DISTRICT,STATE_ROUTE,ROUTE_SUFFIX,POSTMILE_PREFIX,POSTMILE,LOCATION_TYPE,RAMP_INTERSECTION,SIDE_OF_HWY,TOW_AWAY,COLLISION_SEVERITY,NUMBER_KILLED,NUMBER_INJURED,PARTY_COUNT,PRIMARY_COLL_FACTOR,PCF_CODE_OF_VIOL,PCF_VIOL_CATEGORY,PCF_VIOLATION,PCF_VIOL_SUBSECTION,HIT_AND_RUN,TYPE_OF_COLLISION,MVIW,PED_ACTION,ROAD_SURFACE,ROAD_COND_1,ROAD_COND_2,LIGHTING,CONTROL_DEVICE,CHP_ROAD_TYPE,PEDESTRIAN_ACCIDENT,BICYCLE_ACCIDENT,MOTORCYCLE_ACCIDENT,TRUCK_ACCIDENT,NOT_PRIVATE_PROPERTY,ALCOHOL_INVOLVED,STWD_VEHTYPE_AT_FAULT,CHP_VEHTYPE_AT_FAULT,COUNT_SEVERE_INJ,COUNT_VISIBLE_INJ,COUNT_COMPLAINT_PAIN,COUNT_PED_KILLED,COUNT_PED_INJURED,COUNT_BICYCLIST_KILLED,COUNT_BICYCLIST_INJURED,COUNT_MC_KILLED,COUNT_MC_INJURED,PRIMARY_RAMP,SECONDARY_RAMP,LATITUDE,LONGITUDE,COUNTY,CITY,POINT_X,POINT_Y
90757691,2018,2018-06-28,9620,2018-06-22,0350,018290,,5,3,9,1300,0,1,3,,1,063,"SR-78 E/B","MIDWAY WELL RD",8448.00,E,N,A,-,Y,,,78,,,,,,E,Y,4,0,1,1,A,-,08,22107,,N,F,A,A,A,H,-,D,D,0,,,,,Y,,A,07,0,0,1,0,0,0,0,0,0,"- ","- ",33.236080169677734,-114.83796691894531,IMPERIAL,UNINCORPORATED,-114.83802032470703,33.236160278320312
91119665,2019,2019-11-13,9625,2019-11-07,2005,018773,,4,2,9,1300,0,1,3,,1,054,"SR-111 NORTHBOUND","EVAN HEWES HIGHWAY",0.00,,Y,A,-,Y,,,111,,,,,,N,N,4,0,1,2,A,-,08,22107,,M,B,C,A,A,H,-,C,A,0,,,,,Y,,A,01,0,0,1,0,0,0,0,0,0,"- ","- ",32.79949951171875,-115.50044250488281,IMPERIAL,UNINCORPORATED,-115.50060272216797,32.799522399902344
91386837,2021,2021-01-13,9625,2021-01-13,0812,016248,,3,1,9,1300,0,1,3,,1,054,"SR-111 S/B","EVAN HEWES HIGHWAY",80.00,N,N,A,-,Y,,,111,,,,,,S,N,4,0,1,2,A,-,21,22106,,N,C,C,A,A,H,-,A,A,0,,,,Y,Y,,G,26,0,0,1,0,0,0,0,0,0,"- ","- ",32.799949645996094,-115.50070953369141,IMPERIAL,UNINCORPORATED,-115.50056457519531,32.799945831298828
92064051,2023,2023-05-08,9625,2023-05-02,"804 ",018978,,2,1,9,1300,0,3,5,,2,040,"AUSTIN ROAD","EVAN HEWES HIGHWAY",85.00,S,N,A,-,N,,,,,,,,,,N,3,0,1,3,A,-,03,22350,,N,C,C,A,A,H,-,A,A,0,,,,,Y,,A,07,0,1,0,0,0,0,0,0,0,"- ","- ",32.796310424804688,-115.59496307373047,IMPERIAL,UNINCORPORATED,-115.594970703125,32.796337127685547
92095851,2023,2023-06-16,9620,2023-06-11,1222,020555,,7,1,9,1300,0,1,1,,2,082,"I-8 E/B","WINTERHAVEN DRIVE",5280.00,W,N,A,-,Y,,,8,,,,,,E,Y,2,0,1,1,A,-,08,22107,,N,F,A,A,A,H,-,A,D,0,,,,,Y,,A,01,1,0,0,0,0,0,0,0,0,"- ","- ",32.738601684570312,-114.66916656494141,IMPERIAL,UNINCORPORATED,-114.66915893554688,32.738666534423828
92262544,2023,2023-12-14,9625,2023-12-04,1837,019582,,1,2,9,1300,0,3,5,,2,050,"ANDERHOLT ROAD","JASPER RD.",3138.00,S,N,A,-,N,,,,,,,,,,Y,2,0,1,1,C,-,18,,,N,H,H,A,A,H,-,D,D,0,,,Y,,Y,,-,"- ",1,0,0,0,0,0,0,0,1,"- ","- ",32.699710845947266,-115.41377258300781,IMPERIAL,UNINCORPORATED,-115.41371154785156,32.699913024902344
8800674,2019,2019-05-23,1304,2019-01-07,2147,354,EAST,1,5,4,1304,0,0,0,,0,,"4TH ST",WENSLEY,0.00,,N,A,-,Y,IMP,11,86,-,-,6.704,I,5,S,Y,2,0,1,1,A,-,01,23152,F,N,E,I,A,A,H,-,C,D,0,,,,,Y,,A,01,1,0,0,0,0,0,0,0,0,"- ","- ",,,IMPERIAL,"EL CENTRO",-115.55247497558594,32.784015655517578
9632956,2023,2023-12-13,1304,2023-10-14,1906,358,,6,5,4,1304,0,0,0,,0,WEST,IMPERIAL,MAIN,130.00,S,N,A,-,N,,,,,,,,,,N,2,0,1,2,A,-,11,21950,B,N,G,B,D,A,H,-,C,D,0,Y,,,,Y,,N,60,1,0,0,0,1,0,0,0,0,"- ","- ",,,IMPERIAL,"EL CENTRO",-115.56990051269531,32.792800903320312
90691586,2018,2018-03-28,9625,2018-03-21,1110,013627,,3,1,9,1300,0,1,1,,2,006,"INTERSTATE 8 (W/B)","DOGWOOD ROAD",2587.00,E,N,A,-,Y,,,8,,,,,,,Y,4,0,1,1,C,-,18,,,N,F,A,A,A,H,-,A,D,0,,,,,Y,,-,"- ",0,0,1,0,0,0,0,0,0,"- ","- ",32.774131774902344,-115.52664947509766,IMPERIAL,UNINCORPORATED,-115.52664947509766,32.77398681640625
90776594,2018,2018-07-25,9625,2018-05-29,2040,017809,,2,2,9,1300,0,3,5,,2,010,"GENTRY ROAD","LINDSEY ROAD",0.00,,Y,A,-,N,,,,,,,,,,Y,1,1,1,3,A,-,01,23152,A,N,B,C,E,A,H,-,D,D,0,Y,,,Y,Y,Y,D,22,0,1,0,1,0,0,0,0,0,"- ","- ",33.147541046142578,-115.61435699462891,IMPERIAL,UNINCORPORATED,-115.61434936523438,33.147548675537109
90804933,2018,2018-09-04,9625,2018-05-11,1030,022010,,5,1,9,1300,0,1,1,,2,003,"INTERSTATE 8, E/B","DUNAWAY ROAD",14784.00,W,N,G,-,Y,,,8,,,,,,E,Y,1,2,7,1,A,-,08,22107,,N,F,A,A,A,H,-,A,D,0,,,,,Y,,B,07,7,0,0,0,0,0,0,0,0,"- ","- ",32.759159088134766,-115.84934234619141,IMPERIAL,UNINCORPORATED,-115.84934997558594,32.759227752685547
90912584,2019,2019-01-25,9625,2019-01-21,2000,017809,,1,2,9,1300,0,1,3,,1,011,"STATE ROUTE 86 N/B","BARTH ROAD",256.00,S,N,A,-,Y,,,86,,,,,,N,Y,2,0,2,1,A,-,08,22107,,N,F,A,A,A,H,-,D,A,0,,,,,Y,,D,22,2,0,0,0,0,0,0,0,0,"- ","- ",33.090019226074219,-115.77024078369141,IMPERIAL,UNINCORPORATED,-115.77006530761719,33.090389251708984
91124075,2019,2019-11-19,9625,2019-11-09,1718,018464,,6,2,9,1300,0,2,4,,2,047,"FORRESTER ROAD","EVAN HEWES HIGHWAY",105.00,N,N,A,-,N,,,,,,,,,,Y,4,0,2,3,A,-,01,23152,A,F,C,C,A,A,H,-,C,A,0,,,,,Y,Y,D,22,0,0,2,0,0,0,0,0,0,"- ","- ",32.796939849853516,-115.62081909179688,IMPERIAL,UNINCORPORATED,-115.62078857421875,32.796848297119141
91188438,2020,2020-02-18,9625,2020-02-09,2025,020516,,7,2,9,1300,0,3,5,,2,050,"ZENOS ROAD","STATE ROUTE 115",201.00,E,N,B,-,N,,,,,,,,,,Y,4,0,1,1,A,-,08,22107,,N,E,I,A,A,H,-,D,D,0,,,,,Y,,A,01,0,0,1,0,0,0,0,0,0,"- ","- ",32.811241149902344,-115.40547943115234,IMPERIAL,UNINCORPORATED,-115.40546417236328,32.811183929443359
91201927,2020,2020-03-04,9625,2020-03-01,1920,018930,,7,2,9,1300,0,1,3,,2,052,SR-98,"HOLDRIDGE ROAD",43296.00,E,N,A,G,Y,,,98,,,,,,,Y,2,0,2,1,A,-,08,22107,,N,E,I,A,A,H,-,D,D,0,,,,,Y,,A,01,1,0,1,0,0,0,0,0,0,"- ","- ",32.709999084472656,-115.13510131835938,IMPERIAL,UNINCORPORATED,-115.13510131835938,32.709972381591797
91324774,2020,2020-10-15,9625,2020-10-07,1225,016248,,3,1,9,1300,0,1,3,,1,054,"SR-111 NORTHBOUND","HEBER ROAD",672.00,S,N,A,-,Y,,,111,,,,,,N,Y,4,0,1,2,A,-,03,22350,,N,C,C,A,A,H,-,A,A,0,,,,,Y,,A,01,0,0,1,0,0,0,0,0,0,"- ","- ",32.729011535644531,-115.50031280517578,IMPERIAL,UNINCORPORATED,-115.50038146972656,32.729007720947266
91620258,2021,2021-11-09,9625,2021-10-31,0710,017727,,7,1,9,1300,0,2,4,,2,045,"HUFF ROAD","EVAN HEWES HIGHWAY",0.00,,Y,E,-,N,,,,,,,,,,Y,3,0,1,1,A,-,03,22350,,N,E,I,A,A,G,-,A,A,0,,,,,Y,,A,01,0,1,0,0,0,0,0,0,0,"- ","- ",32.791099548339844,-115.72720336914062,IMPERIAL,UNINCORPORATED,-115.72702789306641,32.791069030761719
92011484,2023,2023-03-07,9625,2023-02-25,"600 ",016248,,6,1,9,1300,0,1,3,,1,022,SR-111,"MILE POST MARKER 111 IMP 54.00",143.00,S,N,A,-,Y,,,111,,,,,,,Y,4,0,1,1,A,-,08,22107,,N,F,A,A,A,H,-,A,D,0,,,,,Y,,A,07,0,0,1,0,0,0,0,0,0,"- ","- ",33.368488311767578,-115.66877746582031,IMPERIAL,UNINCORPORATED,-115.66879272460938,33.368450164794922
8748520,2018,2018-12-14,1304,2018-11-07,0807,333,EWEST,3,5,4,1304,0,0,0,,0,WEST,"WATERMAN AV","BRIGHTON AV",163.00,N,N,A,-,N,,,,,,,,,,Y,4,0,1,3,A,-,08,22107,,N,A,C,A,A,H,-,A,D,0,,,,,Y,,A,01,0,0,1,0,0,0,0,0,0,"- ","- ",,,IMPERIAL,"EL CENTRO",-115.57411956787109,32.790084838867188
8924035,2018,2019-09-13,1302,2018-01-03,1601,561,1302,3,5,4,1302,0,0,0,,0,002,"IMPERIAL AV","LINCOLN ST",20.00,S,N,A,-,Y,IMP,11,111,-,-,0.908,I,5,N,Y,3,0,1,2,A,-,08,22107,,N,D,C,A,A,H,-,A,D,0,,,Y,,Y,,A,01,0,1,0,0,0,0,0,0,1,"- ","- ",,,IMPERIAL,CALEXICO,-115.49868011474609,32.675083160400391
90685128,2018,2018-03-19,9625,2018-03-18,0355,019668,,7,3,9,1300,0,1,1,,2,004,"I-8 W/B OFF-RAMP TO FORRESTER ROAD","I-8 W/B",342.00,N,N,A,-,Y,,,8,,,,R,,W,Y,3,0,1,1,A,-,08,22107,,N,E,I,A,A,H,-,C,D,0,,,,,Y,,A,01,0,1,0,0,0,0,0,0,0,"- ","- ",32.775150299072266,-115.62098693847656,IMPERIAL,UNINCORPORATED,-115.62098693847656,32.775150299072266
91780051,2022,2022-05-25,9625,2022-05-20,1226,016248,,5,1,9,1300,0,1,3,,1,054,"SR-111 N/B","EVAN HEWES HIGHWAY",8.00,S,N,A,-,Y,,,111,,,,,,N,Y,3,0,1,2,A,-,03,22350,,N,C,C,A,A,H,-,A,A,0,,,,,Y,,A,07,0,1,0,0,0,0,0,0,0,"- ","- ",32.799659729003906,-115.50032806396484,IMPERIAL,UNINCORPORATED,-115.50057983398438,32.799701690673828
91836435,2022,2022-08-09,9620,2022-08-01,1735,019291,,1,2,9,1300,0,2,4,,1,075,"MEHRING RD","YORK RD",27.00,W,N,A,-,N,,,,,,,,,,N,3,0,1,1,A,-,03,22350,,N,F,A,A,A,H,-,A,D,0,,,Y,,Y,,C,02,0,1,0,0,0,0,0,0,1,"- ","- ",32.818161010742188,-114.54782104492188,IMPERIAL,UNINCORPORATED,-114.54769134521484,32.818691253662109
92115843,2023,2023-07-13,9625,2023-06-30,2145,022010,,5,2,9,1300,0,3,5,,2,010,"SOUTH MARINA DRIVE","SUNRISE DRIVE",0.00,,Y,A,-,N,,,,,,,,,,Y,4,0,1,2,A,-,09,21802,A,N,D,C,A,A,H,-,D,A,0,,,,,Y,,A,01,0,0,1,0,0,0,0,0,0,"- ","- ",33.291538238525391,-115.96434020996094,IMPERIAL,UNINCORPORATED,-115.96428680419922,33.291557312011719
92271707,2023,2023-12-27,9625,2023-12-20,1652,021107,,3,2,9,1300,0,3,5,,2,050,"HOLT ROAD","NORRISH ROAD",0.00,,Y,A,-,N,,,,,,,,,,Y,3,0,3,2,A,-,09,21802,A,N,D,C,A,A,H,-,B,A,0,,,,,Y,,A,07,0,2,1,0,0,0,0,0,0,"- ","- ",32.832748413085938,-115.38028717041016,IMPERIAL,UNINCORPORATED,-115.38028717041016,32.832756042480469
8929057,2019,2019-09-10,1302,2019-03-06,1911,CX186,1302,3,5,4,1302,0,0,0,,0,002,"HEFFERNAN AV","5TH ST",0.00,,Y,A,-,N,,,,,,,,,,Y,4,0,1,2,A,-,09,21803,A,N,D,C,A,A,H,-,C,A,0,,,,,Y,,A,01,0,0,1,0,0,0,0,0,0,"- ","- ",,,IMPERIAL,CALEXICO,-115.49488830566406,32.669830322265625
9044922,2020,2020-10-16,1304,2020-02-07,1814,359,EWEST,5,5,4,1304,0,0,0,,0,WEST,"IMPERIAL AV",VILLA,0.00,N,N,A,-,Y,IMP,11,86,-,-,7.860,H,-,N,Y,3,0,1,4,A,-,04,21703,,N,C,C,A,A,H,-,D,A,0,,,,,Y,,A,01,0,1,0,0,0,0,0,0,0,"- ","- ",,,IMPERIAL,"EL CENTRO",-115.56988525390625,32.804492950439453
9096433,2020,2020-09-17,1304,2020-04-28,0745,335,EWEST,2,5,4,1304,0,0,0,,0,WEST,"CLARK RD",VALLEYVIEW,450.00,S,N,A,-,N,,,,,,,,,,N,2,0,2,3,A,-,03,22350,,N,C,G,A,A,H,-,A,D,0,,Y,,,Y,,A,01,1,1,0,0,0,0,2,0,0,"- ","- ",,,IMPERIAL,"EL CENTRO",-115.56079864501953,32.758460998535156
9375068,2021,2021-12-16,1304,2021-11-27,1104,322,EWES,6,5,4,1304,0,0,0,,0,WEST,BROADWAY,"BROADWAY 600",0.00,,N,A,-,N,,,,,,,,,,N,3,0,1,2,A,-,03,22350,,N,G,B,E,A,H,-,A,D,0,Y,,,,Y,,A,01,0,1,0,0,1,0,0,0,0,"- ","- ",32.793361663818359,-115.55744934082031,IMPERIAL,"EL CENTRO",-115.557303,32.793864999999997
9547258,2022,2023-02-23,1301,2022-12-30,1122,949,BRAWL,5,5,3,1301,0,0,0,,0,0B1,"2ND ST","E ST",0.00,,Y,A,-,N,,,,,,,,,,Y,4,0,1,2,A,-,09,21802,A,N,-,C,A,A,H,-,A,A,0,,,,,Y,,A,01,0,0,1,0,0,0,0,0,0,"- ","- ",,,IMPERIAL,BRAWLEY,-115.53943634033203,32.979770660400391
90850324,2018,2018-10-31,9625,2018-10-27,0955,020111,,6,1,9,1300,0,3,5,,2,050,"CORRELL ROAD","DOGWOOD ROAD",12.00,E,N,A,-,N,,,,,,,,,,N,4,0,1,2,A,-,03,22350,,N,C,C,A,A,H,-,A,A,0,,,,,Y,,A,01,0,0,1,0,0,0,0,0,0,"- ","- ",32.738300323486328,-115.53411102294922,IMPERIAL,UNINCORPORATED,-115.53455352783203,32.737918853759766
91525853,2021,2021-07-21,9625,2021-07-10,1228,018933,,6,1,9,1300,0,1,3,,1,011,SR-86,"KALIN ROAD",0.00,,Y,A,-,Y,,,86,,,,,,,Y,3,0,3,2,A,-,09,21802,A,N,D,C,A,A,H,-,A,A,0,,,,,Y,,D,22,0,3,0,0,0,0,0,0,0,"- ","- ",32.984928131103516,-115.57801055908203,IMPERIAL,UNINCORPORATED,-115.57793426513672,32.984989166259766
91683570,2022,2022-01-24,9625,2022-01-14,2305,022010,,5,3,9,1300,0,3,5,,2,040,"CLARK ROAD","WILLOUGHBY ROAD",211.00,N,N,A,-,N,,,,,,,,,,Y,3,0,1,1,A,-,01,23152,A,N,F,I,A,A,H,-,D,D,0,,,,,Y,Y,A,01,0,1,0,0,0,0,0,0,0,"- ","- ",32.708950042724609,-115.56001281738281,IMPERIAL,UNINCORPORATED,-115.56000518798828,32.709079742431641
91703258,2022,2022-02-17,9625,2022-01-18,1255,018368,,2,1,9,1300,0,1,1,,2,002,"INTERSTATE 8 (W/B)","STATE ROUTE 98",20064.00,W,N,A,-,Y,,,8,,,,,,,Y,1,2,0,1,A,-,08,22107,,N,E,I,A,A,H,-,A,D,0,,,,,Y,,A,01,0,0,0,0,0,0,0,0,0,"- ","- ",32.712001800537109,-116.06667327880859,IMPERIAL,UNINCORPORATED,-116.06670379638672,32.711982727050781
91914732,2022,2022-11-10,9625,2022-11-03,"650 ",018773,,4,1,9,1300,0,1,3,,1,054,"SR-111 (S/B)","SCHARTZ ROAD",0.00,,Y,A,-,Y,,,111,,,,,,,Y,3,0,1,2,A,-,09,21803,A,N,D,C,A,A,H,-,A,A,0,,,,,Y,,A,01,0,1,0,0,0,0,0,0,0,"- ","- ",32.941791534423828,-115.50927734375,IMPERIAL,UNINCORPORATED,-115.50911712646484,32.941783905029297
92043448,2023,2023-04-12,9625,2023-03-30,1305,017727,,4,1,3,1301,0,3,5,,2,020,"OLD HWY 111","SCHARTZ ROAD",0.00,,Y,A,-,N,,,,,,,,,,Y,4,0,1,2,A,-,09,21802,A,N,D,C,A,A,H,-,A,A,0,,,,,Y,,A,01,0,0,1,0,0,0,0,0,0,"- ","- ",32.941799163818359,-115.51040649414062,IMPERIAL,BRAWLEY,-115.50897979736328,32.941745758056641
92271706,2023,2023-12-27,9625,2023-12-20,1635,018792,,3,2,9,1300,0,3,5,,2,010,"MARTIN ROAD",SR-86,684.00,S,N,B,-,N,,,,,,,,,,Y,3,0,1,1,A,-,00,22017,,N,E,I,A,A,H,-,A,D,0,,,,,Y,,A,01,0,1,0,0,0,0,0,0,0,"- ","- ",33.035350799560547,-115.63018798828125,IMPERIAL,UNINCORPORATED,-115.63010406494141,33.035491943359375
91017119,2019,2019-06-25,9625,2019-06-13,2042,019035,,4,2,9,1300,0,3,5,,2,050,"KLOKE ROAD","WILLOUGHBY ROAD",0.00,,Y,A,-,N,,,,,,,,,,Y,3,0,3,1,A,-,03,22350,,F,E,I,A,A,H,-,D,D,0,,,,,Y,,A,07,0,2,1,0,0,0,0,0,0,"- ","- ",32.708301544189453,-115.51719665527344,IMPERIAL,UNINCORPORATED,-115.51792144775391,32.708511352539062
91103518,2019,2019-10-23,9625,2019-10-11,1550,018464,,5,2,9,1300,0,1,3,,2,053,"SR-111 (S/B)","HEBER ROAD",600.00,N,N,A,-,Y,,,111,,,,,,,N,4,0,2,2,A,-,03,22350,,M,C,C,A,A,H,-,A,D,0,,,,,Y,,A,07,0,0,2,0,0,0,0,0,0,"- ","- ",32.732379913330078,-115.50051879882812,IMPERIAL,UNINCORPORATED,-115.50044250488281,32.732379913330078
91141507,2019,2019-12-11,9625,2019-12-07,1153,018464,,6,1,9,1300,0,2,4,,2,045,"EVAN HEWES HIGHWAY","BENNETT ROAD",800.00,W,N,B,-,N,,,,,,,,,,Y,4,0,4,2,A,-,03,22350,,N,C,C,A,B,H,-,A,D,0,,,,,Y,,A,01,0,0,4,0,0,0,0,0,0,"- ","- ",32.796611785888672,-115.67507934570312,IMPERIAL,UNINCORPORATED,-115.67484283447266,32.796550750732422
91178631,2020,2020-02-03,9625,2020-01-25,1255,016248,,6,1,9,1300,0,1,3,,2,053,"SR-111 N/B","MCCABE ROAD",35.00,S,N,A,-,Y,,,111,,,,,,N,Y,4,0,1,2,A,-,03,22350,,N,C,C,A,A,H,-,A,A,0,,,,,Y,,A,01,0,0,1,0,0,0,0,0,0,"- ","- ",32.752120971679688,-115.50045013427734,IMPERIAL,UNINCORPORATED,-115.50075531005859,32.752117156982422
91210472,2020,2020-03-17,9625,2020-03-11,1835,018279,,3,2,9,1300,0,1,3,,1,054,"SR-111 S/B","WORTHINGTON ROAD",56.00,S,N,A,-,Y,,,111,,,,,,S,Y,4,0,1,1,A,-,08,22107,,N,E,I,A,A,H,-,B,A,0,,,,,Y,,A,01,0,0,1,0,0,0,0,0,0,"- ","- ",32.847129821777344,-115.50772094726562,IMPERIAL,UNINCORPORATED,-115.50756072998047,32.847198486328125
91467250,2021,2021-05-06,9625,2021-05-01,1222,018468,,6,1,9,1300,0,1,3,,2,014,"STATE ROUTE 78 (E/B)","OLD HIGHWAY 111",1879.00,W,N,A,-,Y,,,78,,,,,,,N,3,0,1,2,A,-,07,21658,A,N,B,C,A,A,H,-,A,D,0,,,,Y,Y,,G,25,0,1,0,0,0,0,0,0,0,"- ","- ",33.001838684082031,-115.53240966796875,IMPERIAL,UNINCORPORATED,-115.53240966796875,33.001838684082031
8900138,2019,2019-07-30,1304,2019-07-15,1931,340,E1,1,5,4,1304,0,0,0,,0,WEST,PICO,12TH,0.00,W,N,A,-,N,,,,,,,,,,N,3,0,1,2,A,-,08,22107,,N,C,E,A,A,H,-,A,D,0,,,,,Y,,A,01,0,1,0,0,0,0,0,0,0,"- ","- ",,,IMPERIAL,"EL CENTRO",-115.56568145751953,32.805641174316406
9438561,2022,2022-05-04,1301,2022-03-06,"911 ",9A10,,7,5,3,1301,0,0,0,,0,003,"RT 78","RT 111",0.00,,Y,A,-,Y,IMP,11,78,-,-,15.499,I,5,E,Y,4,0,1,2,A,-,03,22350,,N,D,C,A,A,H,-,A,A,0,,,,,Y,,A,07,0,0,1,0,0,0,0,0,0,"- ","- ",,,IMPERIAL,BRAWLEY,-115.5013427734375,32.978641510009766
9446853,2022,2022-06-16,1304,2022-05-25,1612,357,,3,5,4,1304,0,0,0,,0,WEST,MAIN,IMPERIAL,272.00,W,N,A,-,N,,,,,,,,,,N,4,0,4,2,A,-,09,21804,A,N,C,C,A,A,H,-,A,D,0,,,,,Y,,-,,0,0,4,0,0,0,0,0,0,"- ","- ",,,IMPERIAL,"EL CENTRO",-115.57077789306641,32.792800903320312
9459860,2022,2022-06-27,1304,2022-06-08,"754 ",358,,3,5,4,1304,0,0,0,,0,WEST,ADAMS,IMPERIAL,446.00,W,N,A,-,N,,,,,,,,,,Y,3,0,5,2,A,-,07,21658,A,N,C,C,A,A,H,-,A,D,0,,,,,Y,,A,01,0,5,0,0,0,0,0,0,0,"- ","- ",,,IMPERIAL,"EL CENTRO",-115.57142639160156,32.796588897705078
9464780,2022,2022-12-01,1304,2022-10-18,"747 ",358,,2,5,4,1304,0,0,0,,0,EAST,MAIN,2ND,0.00,,Y,A,-,N,,,,,,,,,,Y,3,0,1,2,A,-,09,21802,A,N,D,C,A,A,H,-,A,A,0,,,,,Y,,A,01,0,1,0,0,0,0,0,0,0,"- ","- ",,,IMPERIAL,"EL CENTRO",-115.54647827148438,32.792831420898438
9534434,2023,2023-03-02,1301,2023-01-01,1105,907,BRAWL,7,5,3,1301,0,0,0,,0,0B1,"WEST RIVER DR","NORTH RIO VISTA AV",162.00,E,N,A,-,N,,,,,,,,,,Y,3,0,1,3,A,-,01,23152,,N,C,E,A,A,H,-,A,D,0,,,,,Y,Y,A,01,0,1,0,0,0,0,0,0,0,"- ","- ",32.986518859863281,-115.34732818603516,IMPERIAL,BRAWLEY,-115.54744720458984,32.986507415771484
91938340,2022,2022-12-09,9625,2022-12-05,1645,018773,,1,2,9,1300,0,1,3,,1,054,"SR-111 (S/B)","ATEN ROAD",98.00,N,N,A,-,Y,,,111,,,,,,,N,4,0,1,3,A,-,03,22350,,N,C,C,A,A,H,-,C,A,0,,,,,Y,,A,07,0,0,1,0,0,0,0,0,0,"- ","- ",32.826179504394531,-115.50032043457031,IMPERIAL,UNINCORPORATED,-115.50019836425781,32.826179504394531
92202728,2023,2023-10-18,9625,2023-10-16,"605 ",018617,,1,1,9,1300,0,3,5,,2,010,"TREADWELL BLVD.",SR-86,10.00,E,N,A,-,Y,,,,,,,,,,N,4,0,1,2,A,-,21,22106,,N,C,C,A,A,H,-,D,D,0,,,,,Y,,A,01,0,0,1,0,0,0,0,0,0,"- ","- ",33.327510833740234,-115.99990844726562,IMPERIAL,UNINCORPORATED,-115.99816131591797,33.324966430664062
91083891,2019,2019-09-26,9625,2019-09-19,0555,019667,,4,3,9,1300,0,2,4,,2,047,"FORRESTER ROAD","EVAN HEWES HIGHWAY",228.00,N,N,A,-,N,,,,,,,,,,Y,4,0,2,2,A,-,03,22350,,N,C,C,A,A,H,-,B,A,0,,,,,Y,,A,01,0,0,2,0,0,0,0,0,0,"- ","- ",32.797389984130859,-115.62098693847656,IMPERIAL,UNINCORPORATED,-115.62078857421875,32.797183990478516
91090936,2019,2019-10-04,9625,2019-09-27,2010,018464,,5,2,9,1300,0,1,3,,2,053,"SR-111 (S/B)","HEBER ROAD",645.00,N,N,A,-,Y,,,111,,,,,,,N,4,0,1,2,A,-,03,22350,,N,C,C,A,A,H,-,C,A,0,,,,,Y,,A,01,0,0,1,0,0,0,0,0,0,"- ","- ",32.732490539550781,-115.50054931640625,IMPERIAL,UNINCORPORATED,-115.50045013427734,32.732490539550781
91143409,2019,2019-12-13,9625,2019-12-03,1750,022010,,2,2,9,1300,0,1,3,,1,054,"SR-111 N/B","EVAN HEWES HIGHWAY",510.00,S,N,A,-,Y,,,111,,,,,,N,Y,4,0,4,3,A,-,03,22350,,N,C,C,A,A,H,-,C,A,0,,,,,Y,,A,07,0,0,4,0,0,0,0,0,0,"- ","- ",32.798480987548828,-115.50061798095703,IMPERIAL,UNINCORPORATED,-115.50062561035156,32.798480987548828
91671473,2021,2022-01-05,9625,2021-12-30,1155,018368,,4,1,9,1300,0,1,3,,2,013,SR-78,"OLD MINE ROAD",3245.00,E,N,A,-,Y,,,78,,,,,,,N,3,0,1,1,A,-,08,22107,,N,F,A,A,A,H,-,A,D,0,,,Y,,Y,,C,06,0,1,0,0,0,0,0,0,1,"- ","- ",33.125728607177734,-116.04440307617188,IMPERIAL,UNINCORPORATED,-116.04440307617188,33.125724792480469
91757897,2022,2022-04-27,9625,2022-04-20,2315,020263,,3,3,9,1300,0,3,5,,2,050,"KUMBERG ROAD","BONESTEELE ROAD",1584.00,W,N,A,-,N,,,,,,,,,,Y,3,0,1,1,A,-,03,22350,,N,E,I,A,A,G,-,D,D,0,,,,,Y,,A,01,0,1,0,0,0,0,0,0,0,"- ","- ",32.708980560302734,-115.31575775146484,IMPERIAL,UNINCORPORATED,-115.31472015380859,32.708850860595703
91837031,2022,2022-08-10,9620,2022-08-02,2105,018028,QUECH,2,2,9,1300,0,2,4,,1,072,"WINTERHAVEN DRIVE","I-8 W/B TO WINTERHAVEN DR.",0.00,,Y,A,-,Y,,,,,,,,,,Y,3,0,2,2,A,-,09,21802,A,N,D,C,A,A,H,-,C,A,0,,,,,Y,,A,01,0,2,0,0,0,0,0,0,0,"- ","- ",32.732398986816406,-114.62452697753906,IMPERIAL,UNINCORPORATED,-114.62458038330078,32.732433319091797