CASE_ID,ACCIDENT_YEAR,PROC_DATE,JURIS,COLLISION_DATE,COLLISION_TIME,OFFICER_ID,REPORTING_DISTRICT,DAY_OF_WEEK,CHP_SHIFT,POPULATION,CNTY_CITY_LOC,SPECIAL_COND,BEAT_TYPE,CHP_BEAT_TYPE,CITY_DIVISION_LAPD,CHP_BEAT_CLASS,BEAT_NUMBER,PRIMARY_RD,SECONDARY_RD,DISTANCE,DIRECTION,INTERSECTION,WEATHER_1,WEATHER_2,STATE_HWY_IND,CALTRANS_COUNTY,CALTRANS_DISTRICT,STATE_ROUTE,ROUTE_SUFFIX,POSTMILE_PREFIX,POSTMILE,LOCATION_TYPE,RAMP_INTERSECTION,SIDE_OF_HWY,TOW_AWAY,COLLISION_SEVERITY,NUMBER_KILLED,NUMBER_INJURED,PARTY_COUNT,PRIMARY_COLL_FACTOR,PCF_CODE_OF_VIOL,PCF_VIOL_CATEGORY,PCF_VIOLATION,PCF_VIOL_SUBSECTION,HIT_AND_RUN,TYPE_OF_COLLISION,MVIW,PED_ACTION,ROAD_SURFACE,ROAD_COND_1,ROAD_COND_2,LIGHTING,CONTROL_DEVICE,CHP_ROAD_TYPE,PEDESTRIAN_ACCIDENT,BICYCLE_ACCIDENT,MOTORCYCLE_ACCIDENT,TRUCK_ACCIDENT,NOT_PRIVATE_PROPERTY,ALCOHOL_INVOLVED,STWD_VEHTYPE_AT_FAULT,CHP_VEHTYPE_AT_FAULT,COUNT_SEVERE_INJ,COUNT_VISIBLE_INJ,COUNT_COMPLAINT_PAIN,COUNT_PED_KILLED,COUNT_PED_INJURED,COUNT_BICYCLIST_KILLED,COUNT_BICYCLIST_INJURED,COUNT_MC_KILLED,COUNT_MC_INJURED,PRIMARY_RAMP,SECONDARY_RAMP,LATITUDE,LONGITUDE,COUNTY,CITY,POINT_X,POINT_Y
8950401,2019,2019-10-10,1301,2019-09-01,1137,9A4,BRAWL,7,5,3,1301,0,0,0,,0,002,"B ST","8TH ST",27.00,W,N,A,-,N,,,,,,,,,,Y,4,0,1,2,A,-,03,22350,,N,C,C,A,A,H,-,A,A,0,,,,,Y,,A,01,0,0,1,0,0,0,0,0,0,"- ","- ",,,IMPERIAL,BRAWLEY,-115.52935791015625,32.983051300048828
9375069,2021,2021-12-30,1304,2021-11-30,0801,322,WEST,2,5,4,1304,0,0,0,,0,ECSC,"LA BRUCHERIE AV","ROSS ST",0.00,,N,A,-,N,,,,,,,,,,Y,3,0,1,2,A,-,03,22350,,N,C,C,A,A,H,-,A,D,0,,,,,Y,,-,,0,1,0,0,0,0,0,0,0,"- ","- ",32.780731201171875,-115.57839202880859,IMPERIAL,"EL CENTRO",-115.57848358154297,32.781475067138672
9620427,2023,2023-10-12,1304,2023-09-08,1840,351,ELCE,5,5,4,1304,0,0,0,,0,EAST,"4TH AV",ROSS,0.00,,Y,A,-,N,,,,,,,,,,N,4,0,1,2,A,-,03,22350,,N,C,C,A,A,H,-,A,A,0,,,,,Y,,A,01,0,0,1,0,0,0,0,0,0,"- ","- ",32.78173828125,-115.55245208740234,IMPERIAL,"EL CENTRO",-115.55242919921875,32.781448364257812
9695681,2023,2024-05-17,1301,2023-01-28,1925,B910,,6,5,3,1301,0,0,0,,0,0B2,1ST,"K ST",88.00,N,N,A,-,N,,,,,,,,,,Y,2,0,1,1,A,-,03,22350,,N,E,I,A,A,H,-,C,A,0,,,,,Y,Y,A,07,1,0,0,0,0,0,0,0,0,"- ","- ",,,IMPERIAL,BRAWLEY,-115.54166412353516,32.973342895507812
90637131,2018,2018-01-10,9625,2018-01-04,0600,016248,,4,1,9,1300,0,2,4,,2,057,"MELOLAND ROAD","EVAN HEWES HIGHWAY",0.00,,Y,A,-,N,,,,,,,,,,Y,4,0,2,2,A,-,09,21802,A,N,D,C,A,A,H,-,B,A,0,,,,,Y,,A,01,0,0,2,0,0,0,0,0,0,"- ","- ",32.802951812744141,-115.44785308837891,IMPERIAL,UNINCORPORATED,-115.44799041748047,32.803329467773438
92000405,2023,2023-02-22,9625,2023-02-13,1435,020516,,1,2,9,1300,0,1,3,,1,044,"SR-86 (S/B)","AUSTIN ROAD",1029.00,S,N,A,-,Y,,,86,,,,,,,N,3,0,1,1,A,-,08,22107,,N,F,A,A,A,H,-,A,D,0,,Y,,,Y,,M,91,0,1,0,0,0,0,1,0,0,"- ","- ",32.948680877685547,-115.56976318359375,IMPERIAL,UNINCORPORATED,-115.56966400146484,32.948616027832031
92081718,2023,2023-05-30,9625,2023-05-17,1723,018930,,3,2,9,1300,0,1,3,,1,051,"SR-7 (S/B)","INTERSTATE 8 (W/B)",451.00,N,N,A,-,Y,,,7,,,,,,,Y,4,0,1,2,A,-,09,21801,A,N,D,C,A,A,H,-,A,D,0,,,Y,,Y,,A,01,0,0,1,0,0,0,0,0,1,"- ","- ",32.7747802734375,-115.38377380371094,IMPERIAL,UNINCORPORATED,-115.38374328613281,32.7747802734375
8900357,2019,2019-07-24,1301,2019-05-10,1036,917,BRAWL,5,5,3,1301,0,0,0,,0,0B4,"J ST","13TH ST",137.00,E,N,A,-,N,,,,,,,,,,N,3,0,1,1,A,-,03,22350,,N,E,H,A,A,H,-,A,D,0,,,Y,,Y,,C,02,0,1,0,0,0,0,0,0,1,"- ","- ",,,IMPERIAL,BRAWLEY,-115.51938629150391,32.974201202392578
9125464,2020,2020-09-17,1304,2020-07-04,1128,363,ESCO,6,5,4,1304,0,0,0,,0,WEST,IMPERIAL,BRADSHAW,0.00,,Y,A,-,N,,,,,,,,,,Y,3,0,1,2,A,-,09,21453,C,N,B,C,A,A,H,-,A,A,0,,,,,Y,Y,A,01,0,1,0,0,0,0,0,0,0,"- ","- ",,,IMPERIAL,"EL CENTRO",-115.56979,32.811079999999997
9205816,2020,2021-01-19,1304,2020-11-25,1626,346,ELCE,3,5,4,1304,0,0,0,,0,EAST,"E MAIN ST",DOGWOOD,0.00,,Y,A,-,N,,,,,,,,,,Y,3,0,1,3,A,-,09,21801,A,N,D,C,A,A,H,-,A,A,0,,,,,Y,,A,01,0,1,0,0,0,0,0,0,0,"- ","- ",32.792858123779297,-115.53621673583984,IMPERIAL,"EL CENTRO",-115.53565216064453,32.792819976806641
9252306,2021,2021-04-15,1301,2021-01-23,2102,907,BRAWE,6,5,3,1301,0,0,0,,0,004,"S PALM AVE","K STREET",0.00,,Y,C,-,N,,,,,,,,,,N,3,0,1,2,A,-,12,22450,A,N,D,C,A,B,H,-,C,A,0,,,,,Y,Y,A,07,0,1,0,0,0,0,0,0,0,"- ","- ",,,IMPERIAL,BRAWLEY,-115.52204132080078,32.973110198974609
9256425,2021,2023-06-21,1301,2021-06-10,1828,708,BRAWL,4,5,3,1301,0,0,0,,0,0B1,"N 1ST ST","C ST",0.00,,Y,A,-,N,,,,,,,,,,Y,1,1,2,3,A,-,03,22350,,N,D,C,A,A,B,-,A,A,0,,,,,Y,Y,A,07,0,0,2,0,0,0,0,0,0,"- ","- ",,,IMPERIAL,BRAWLEY,-115.54164886474609,32.981967926025391
90746241,2018,2018-06-12,9625,2018-06-03,2150,022010,,7,2,9,1300,0,1,1,,2,003,"INTERSTATE 8 E/B","DUNAWAY ROAD",17424.00,W,N,A,-,Y,,,8,,,,,,E,Y,4,0,1,2,A,-,03,22350,,N,C,C,A,A,H,-,B,D,0,,,,,Y,,A,01,0,0,1,0,0,0,0,0,0,"- ","- ",32.757900238037109,-115.85697174072266,IMPERIAL,UNINCORPORATED,-115.85698699951172,32.758029937744141
91542453,2021,2021-08-11,9625,2021-07-31,1333,018468,,6,1,9,1300,0,3,5,,2,050,"ATEN ROAD","DOGWOOD ROAD",110.00,E,N,A,-,N,,,,,,,,,,Y,3,0,1,2,A,-,07,21658,A,N,B,C,A,A,H,-,A,D,0,,,,,Y,,A,07,0,1,0,0,0,0,0,0,0,"- ","- ",32.825408935546875,-115.5352783203125,IMPERIAL,UNINCORPORATED,-115.53569793701172,32.825431823730469
91616044,2021,2021-11-04,9625,2021-10-26,2117,018468,,2,2,9,1300,0,1,1,,2,004,"INTERSTATE 8 (W/B)","4TH STREET",215.00,E,N,A,-,Y,,,,,,,,,,Y,3,0,1,2,A,-,08,22107,,N,D,C,A,A,H,-,C,D,0,,,,,Y,,A,01,0,1,0,0,0,0,0,0,0,"- ","- ",32.773891448974609,-115.55133819580078,IMPERIAL,UNINCORPORATED,-115.55143737792969,32.773700714111328
91932600,2022,2022-12-02,9625,2022-11-21,1216,018468,,1,1,9,1300,0,2,4,,2,046,"DOGWOOD ROAD","HUSTON ROAD",561.00,N,N,A,-,N,,,,,,,,,,Y,2,0,2,1,A,-,08,22107,,N,E,I,A,A,H,-,A,D,0,,,,,Y,,A,07,1,0,1,0,0,0,0,0,0,"- ","- ",32.841621398925781,-115.53568267822266,IMPERIAL,UNINCORPORATED,-115.53572082519531,32.841583251953125
92263961,2023,2023-12-18,9625,2023-12-02,1750,022010,,6,2,9,1300,0,3,5,,2,040,"ATEN ROAD","SILSBEE ROAD",20.00,W,N,A,-,N,,,,,,,,,,Y,4,0,1,1,A,-,08,22107,,N,E,I,A,A,H,-,D,D,0,,,,,Y,,A,01,0,0,1,0,0,0,0,0,0,"- ","- ",32.825519561767578,-115.64633941650391,IMPERIAL,UNINCORPORATED,-115.64649200439453,32.825531005859375
90968218,2019,2019-05-15,9625,2019-04-11,1518,019035,,4,2,9,1300,0,3,5,,2,050,"ROSS ROAD","CITRUS LANE",402.00,E,N,A,-,N,,,,,,,,,,Y,4,0,1,2,A,-,08,22107,,N,D,C,A,A,H,-,A,D,0,,,,,Y,,A,01,0,0,1,0,0,0,0,0,0,"- ","- ",32.781501770019531,-115.51499938964844,IMPERIAL,UNINCORPORATED,-115.51798248291016,32.781490325927734
91081077,2019,2019-09-23,9625,2019-09-14,1400,017727,,6,2,9,1300,0,3,5,,2,020,"BRANDT ROAD","YOUNG ROAD",1375.00,N,N,A,-,N,,,,,,,,,,N,4,0,1,1,A,-,08,22107,,N,E,I,A,A,H,-,A,D,0,,,,,Y,,A,01,0,0,1,0,0,0,0,0,0,"- ","- ",33.136798858642578,-115.56259918212891,IMPERIAL,UNINCORPORATED,-115.56259918212891,33.136756896972656
91226815,2020,2020-04-17,9625,2020-04-11,0925,016248,,6,1,9,1300,0,2,4,,2,047,"FORRESTER ROAD","WIENERT ROAD",3402.00,S,N,A,-,N,,,,,,,,,,Y,2,0,1,1,A,-,08,22107,,N,E,I,A,A,H,-,A,D,0,,,,,Y,,D,22,1,0,0,0,0,0,0,0,0,"- ","- ",32.859798431396484,-115.62084197998047,IMPERIAL,UNINCORPORATED,-115.62080383300781,32.859901428222656
91479259,2021,2021-05-27,9620,2021-05-19,0900,018028,,3,1,9,1300,0,1,1,,2,081,"I-8 W/B","ALL AMERICAN CANAL",1056.00,W,N,A,-,Y,,,8,,,,,,W,Y,3,0,1,1,A,-,01,23152,F,N,E,I,A,A,H,-,A,D,0,,,,,Y,,A,07,0,1,0,0,0,0,0,0,0,"- ","- ",32.748870849609375,-114.873046875,IMPERIAL,UNINCORPORATED,-114.87279510498047,32.74835205078125
91480952,2021,2021-05-27,9625,2021-05-20,1425,019668,,4,2,9,1300,0,1,3,,2,052,SR-98,"BONESTEELE ROAD",816.00,E,N,A,-,Y,,,98,,,,,,,Y,3,0,2,2,A,-,03,22350,,N,D,C,A,A,H,-,A,D,0,,,,,Y,,A,01,0,2,0,0,0,0,0,0,0,"- ","- ",32.694301605224609,-115.30687713623047,IMPERIAL,UNINCORPORATED,-115.30687713623047,32.694419860839844
91500703,2021,2021-06-18,9625,2021-06-10,0105,022010,,4,3,9,1300,0,1,3,,1,042,SR-98,"FERRELL ROAD",15.00,E,N,A,-,Y,,,98,,,,,,,Y,3,0,2,1,A,-,08,22107,,N,E,I,A,A,H,-,D,D,0,,,,,Y,,A,01,0,2,0,0,0,0,0,0,0,"- ","- ",32.679191589355469,-115.58550262451172,IMPERIAL,UNINCORPORATED,-115.58550262451172,32.679191589355469
9595303,2023,2023-07-19,1304,2023-06-20,1138,391,EPTRL,2,5,4,1304,0,0,0,,0,EAST,8TH,ORANGE,0.00,,Y,A,-,N,,,,,,,,,,Y,3,0,1,2,A,-,09,21802,A,N,D,C,A,A,H,-,A,A,0,,,,,Y,,A,01,0,1,0,0,0,0,0,0,0,"- ","- ",,,IMPERIAL,"EL CENTRO",-115.56137847900391,32.788780212402344
90858247,2018,2018-11-12,9625,2018-11-01,1532,018464,,4,2,9,1300,0,3,5,,2,020,"BLAIR ROAD","PETERSON RD",445.00,N,N,A,-,N,,,,,,,,,,N,4,0,1,2,A,-,09,21804,A,N,D,C,A,A,H,-,A,A,0,,,,,Y,,A,01,0,0,1,0,0,0,0,0,0,"- ","- ",33.163249969482422,-115.49317932128906,IMPERIAL,UNINCORPORATED,-115.49317169189453,33.163265228271484
90940251,2019,2019-03-18,9625,2019-02-22,0850,017055,,5,1,9,1300,0,2,4,,2,046,"DOGWOOD ROAD","MCCABE ROAD",175.00,S,N,A,-,N,,,,,,,,,,N,4,0,1,2,A,-,03,22350,,N,C,C,A,A,H,-,A,D,0,,,,,Y,,A,01,0,0,1,0,0,0,0,0,0,"- ","- ",32.751789093017578,-115.53495788574219,IMPERIAL,UNINCORPORATED,-115.53489685058594,32.75189208984375
91287636,2020,2020-08-19,9625,2020-08-07,1000,018930,,5,1,9,1300,0,1,3,,1,054,"SR-111 N/B","WORTHINGTON ROAD",0.00,,Y,A,-,Y,,,111,,,,,,N,Y,4,0,1,2,A,-,12,21453,A,N,D,C,A,A,H,-,A,A,0,,,,,Y,,A,01,0,0,1,0,0,0,0,0,0,"- ","- ",32.847301483154297,-115.50749969482422,IMPERIAL,UNINCORPORATED,-115.50758361816406,32.847263336181641
91372565,2020,2021-01-11,9625,2020-12-12,1212,018933,,6,1,9,1300,0,1,3,,1,012,"S/B SR-86","NORM NIVER ROAD",0.00,,Y,A,-,Y,,,86,,,,,,,Y,4,0,1,3,A,-,09,21802,A,N,D,C,A,A,H,-,A,A,0,,,,,Y,,A,01,0,0,1,0,0,0,0,0,0,"- ","- ",33.357341766357422,-116.01873779296875,IMPERIAL,UNINCORPORATED,-116.01881408691406,33.357318878173828
91495338,2021,2021-06-11,9625,2021-06-07,0700,016248,,1,1,9,1300,0,2,4,,2,057,"EVAN HEWES HIGHWAY","BARBARAWORTH ROAD",1605.00,W,N,A,-,N,,,,,,,,,,Y,3,0,1,1,A,-,08,22107,,N,F,I,A,A,H,-,A,D,0,,,,,Y,,A,01,0,1,0,0,0,0,0,0,0,"- ","- ",32.803440093994141,-115.43595886230469,IMPERIAL,UNINCORPORATED,-115.43566131591797,32.803386688232422
91539081,2021,2021-08-06,9625,2021-07-26,1701,018978,,1,2,9,1300,0,1,3,,1,012,"SR- 86 S/B","S. MARINA DR.",1200.00,N,N,A,-,Y,,,86,,,,,,S,N,3,0,1,2,A,-,03,22350,,N,C,C,A,D,H,-,A,D,0,,,,,Y,,A,08,0,1,0,0,0,0,0,0,0,"- ","- ",33.281929016113281,-115.96650695800781,IMPERIAL,UNINCORPORATED,-115.96653747558594,33.281909942626953
92110841,2023,2023-07-06,9625,2023-06-22,"730 ",018933,,4,1,9,1300,0,1,3,,2,052,SR-98,"BARBARA WORTH ROAD",1068.00,E,N,A,-,Y,,,98,,,,,,,Y,3,0,1,2,A,-,01,23152,F,N,C,C,A,A,H,-,A,A,0,,,,,Y,,A,01,0,1,0,0,0,0,0,0,0,"- ","- ",32.693771362304688,-115.42743682861328,IMPERIAL,UNINCORPORATED,-115.42743682861328,32.693843841552734
92141994,2023,2023-08-11,9625,2023-07-28,2135,021232,,5,2,9,1300,0,1,3,,2,053,"SR-111 (S/B)","HEBER ROAD",3696.00,N,N,A,-,Y,,,111,,,,,,,Y,3,0,2,2,A,-,01,23152,A,N,C,C,A,A,H,-,D,D,0,,,,,Y,Y,A,01,0,1,1,0,0,0,0,0,0,"- ","- ",32.740238189697266,-115.50066375732422,IMPERIAL,UNINCORPORATED,-115.50057983398438,32.740242004394531
92261154,2023,2023-12-13,9625,2023-11-30,1315,016248,,4,1,9,1300,0,1,3,,2,053,SR-111,"MC CABE ROAD",46.00,S,N,A,-,Y,,,111,,,,,,,Y,3,0,2,2,A,-,08,22107,,N,D,C,A,A,H,-,A,A,0,,,,,Y,,A,01,0,1,1,0,0,0,0,0,0,"- ","- ",32.752208709716797,-115.50061798095703,IMPERIAL,UNINCORPORATED,-115.50075531005859,32.752208709716797
8625856,2018,2018-05-31,1304,2018-05-06,2107,333,EAST,7,5,4,1304,0,0,0,,0,EAST,"DANEN BERG",FARNSWORTH,0.00,,Y,A,-,N,,,,,,,,,,N,4,0,1,2,A,-,03,22350,,N,C,C,A,A,H,-,D,D,0,,,,,Y,,A,01,0,0,1,0,0,0,0,0,0,"- ","- ",32.766960144042969,-115.54350280761719,IMPERIAL,"EL CENTRO",-115.54360961914062,32.766929626464844
8974459,2019,2020-05-20,1304,2019-09-26,0946,357,,4,5,4,1304,0,0,0,,0,EAST,"4TH ST","AURORA DR",160.00,N,N,A,-,Y,IMP,11,86,-,-,6.360,H,-,N,Y,2,0,2,2,A,-,09,21801,A,N,D,C,A,A,H,-,A,D,0,,,Y,,Y,,A,01,1,0,1,0,0,0,0,0,1,"- ","- ",,,IMPERIAL,"EL CENTRO",-115.55237579345703,32.778961181640625
90875901,2018,2018-12-05,9625,2018-11-23,0750,017432,,5,1,9,1300,0,1,1,,2,004,"I-8 (W/B)","IMPERIAL HIGHWAY",13200.00,E,N,A,-,Y,,,8,,,,,,,Y,4,0,4,2,A,-,07,21658,A,N,C,C,A,A,H,-,A,D,0,,,,,Y,,A,01,0,0,4,0,0,0,0,0,0,"- ","- ",32.744598388671875,-115.95252990722656,IMPERIAL,UNINCORPORATED,-115.95252227783203,32.744552612304688
91638661,2021,2021-11-30,9625,2021-11-22,1745,018792,,1,2,9,1300,0,2,4,,2,047,"CARTER ROAD","FORRESTER ROAD",0.00,,Y,A,-,N,,,,,,,,,,Y,3,0,2,2,A,-,09,21802,A,N,D,C,A,A,H,-,C,A,0,,,,,Y,,A,01,0,2,0,0,0,0,0,0,0,"- ","- ",32.935569763183594,-115.62164306640625,IMPERIAL,UNINCORPORATED,-115.62119293212891,32.935581207275391
91845796,2022,2022-08-22,9625,2022-08-18,1205,018773,,4,1,9,1300,0,3,5,,2,040,"AUSTIN ROAD","LARSEN ROAD",1200.00,N,N,A,-,N,,,,,,,,,,Y,4,0,1,1,A,-,08,22107,,N,F,A,A,A,H,-,A,D,0,,,,,Y,,A,01,0,0,1,0,0,0,0,0,0,"- ","- ",32.879661560058594,-115.59490203857422,IMPERIAL,UNINCORPORATED,-115.59494018554688,32.879608154296875
92007095,2023,2023-03-01,9625,2023-02-18,1149,018617,,6,1,9,1300,0,1,1,,2,002,"INTERSTATE 8 (W/B)","MYER CREEK BRIDGE 58-297L",81.00,W,N,A,-,Y,,,8,,,,,,,Y,2,0,1,1,A,-,08,22107,,N,E,J,A,A,H,-,A,D,0,,,,,Y,,A,01,1,0,0,0,0,0,0,0,0,"- ","- ",32.724861145019531,-116.03987884521484,IMPERIAL,UNINCORPORATED,-116.03987121582031,32.724945068359375
92007331,2023,2023-03-01,9625,2023-02-21,1550,018930,,2,2,9,1300,0,1,1,,2,002,"INTERSTATE 8 (W/B)",SR-98,6864.00,W,N,G,-,Y,,,8,,,,,,,Y,4,0,1,1,C,-,18,,,N,F,A,A,A,H,-,A,D,0,,,,Y,Y,,-,"- ",0,0,1,0,0,0,0,0,0,"- ","- ",32.725608825683594,-116.04351043701172,IMPERIAL,UNINCORPORATED,-116.04351043701172,32.725601196289062
92043625,2023,2023-04-12,9620,2023-04-06,1740,018464,,4,2,9,1300,0,1,3,,1,063,SR78,"MITCHELLS CAMP RD",6336.00,E,N,A,-,N,,,78,,,,,,,Y,4,0,2,3,A,-,05,21460,A,M,B,C,A,A,H,-,A,D,0,,,,,Y,,D,22,0,0,2,0,0,0,0,0,0,"- ","- ",33.325241088867188,-114.73016357421875,IMPERIAL,UNINCORPORATED,-114.73013305664062,33.3251953125
92059599,2023,2023-05-02,9625,2023-04-20,1325,018930,,4,1,9,1300,0,3,5,,2,050,"YOURMAN ROAD","HEBER ROAD",216.00,N,N,A,-,N,,,,,,,,,,Y,3,0,1,1,A,-,08,22107,,N,F,A,A,A,H,-,A,D,0,,,Y,,Y,,C,02,0,1,0,0,0,0,0,0,1,"- ","- ",32.731338500976562,-115.49980163574219,IMPERIAL,UNINCORPORATED,-115.49885559082031,32.730960845947266
92226836,2023,2023-11-02,9625,2023-10-28,1455,020516,,6,2,9,1300,0,1,3,,2,053,"SR-111 S/B","MCCABE ROAD",62.00,N,N,A,-,Y,,,111,,,,,,S,Y,4,0,1,2,A,-,03,22350,,N,C,C,A,A,H,-,A,A,0,,,,,Y,,A,07,0,0,1,0,0,0,0,0,0,"- ","- ",32.752700805664062,-115.50084686279297,IMPERIAL,UNINCORPORATED,-115.50076293945312,32.752700805664062
9656802,2023,2024-01-26,1301,2023-11-13,1752,913,BRAWL,1,5,3,1301,0,0,0,,0,0B1,"NORTH IMPERIAL AV","D ST",0.00,,Y,A,-,N,,,,,,,,,,N,2,0,1,2,A,-,10,21950,A,N,G,B,B,A,H,-,C,A,0,Y,,,,Y,,-,"- ",1,0,0,0,1,0,0,0,0,"- ","- ",,,IMPERIAL,BRAWLEY,-115.53498077392578,32.980869293212891
91260256,2020,2020-06-29,9625,2020-06-28,0825,019225,,7,1,9,1300,0,1,3,,1,054,"STATE ROUTE 111 (NORTHBOUND)","ATEN ROAD",5280.00,N,N,A,-,Y,,,111,,,,,,,N,4,0,1,2,A,-,03,22350,,N,C,C,A,A,H,-,A,D,0,,,,,Y,,D,22,0,0,1,0,0,0,0,0,0,"- ","- ",32.840728759765625,-115.50398254394531,IMPERIAL,UNINCORPORATED,-115.50380706787109,32.840839385986328
91293849,2020,2020-08-27,9625,2020-08-24,1410,019668,,1,2,9,1300,0,1,3,,2,056,"SR-111 S/B","ATEN ROAD",0.00,,Y,A,-,Y,,,111,,,,,,S,Y,3,0,3,2,A,-,12,21453,A,N,D,C,A,A,H,-,A,A,0,,,,,Y,,A,01,0,3,0,0,0,0,0,0,0,"- ","- ",32.825649261474609,-115.50041961669922,IMPERIAL,UNINCORPORATED,-115.50020599365234,32.825645446777344
91570819,2021,2021-09-15,9625,2021-09-12,0140,021107,,7,3,9,1300,0,1,3,,1,012,"STATE ROUTE 86 N/B","MONTEREY AVENUE",2850.00,S,N,A,-,Y,,,86,,,,,,N,Y,4,0,1,2,A,-,03,22350,,N,C,2,A,A,H,-,D,D,0,,,,,Y,Y,D,22,0,0,1,0,0,0,0,0,0,"- ","- ",33.397628784179688,-116.04405975341797,IMPERIAL,UNINCORPORATED,-116.04399871826172,33.397651672363281
91682619,2022,2022-01-21,9625,2022-01-14,"418 ",020738,,5,3,9,1300,0,1,1,,2,002,"I-8 W/B","WEST SR-98",23760.00,W,N,B,-,Y,,,8,,,,,,W,Y,2,0,1,2,A,-,21,22106,,N,F,A,A,A,H,-,D,D,0,,,,Y,Y,,F,26,1,0,0,0,0,0,0,0,0,"- ","- ",32.704280853271484,-116.06965637207031,IMPERIAL,UNINCORPORATED,-116.06964874267578,32.704261779785156
91683530,2022,2022-01-24,9625,2022-01-13,1225,018368,,4,1,9,1300,0,1,1,,2,002,"I-8 W/B","IN-KO-PAH PARK ROAD",4039.00,E,N,A,-,Y,,,8,,,,,,W,Y,3,0,1,1,A,-,08,22107,,N,E,J,A,A,H,-,A,D,0,,,,,Y,,A,07,0,1,0,0,0,0,0,0,0,"- ","- ",32.655868530273438,-116.09873199462891,IMPERIAL,UNINCORPORATED,-116.09870910644531,32.655860900878906
91789878,2022,2022-06-07,9625,2022-05-28,"641 ",018368,,6,1,9,1300,0,3,5,,2,040,"HUFF ROAD","MEALY ROAD",188.00,S,N,A,-,N,,,,,,,,,,Y,3,0,1,1,A,-,08,22107,,N,E,I,A,A,H,-,A,D,0,,,,,Y,,A,01,0,1,0,0,0,0,0,0,0,"- ","- ",32.838878631591797,-115.71833038330078,IMPERIAL,UNINCORPORATED,-115.71839904785156,32.839015960693359
8873377,2019,2019-06-20,1304,2019-05-15,1522,326,EWES,3,5,4,1304,0,0,0,,0,,8TH,BROADWAY,0.00,,Y,A,-,N,,,,,,,,,,Y,4,0,2,2,A,-,12,21453,A,N,D,C,A,A,H,-,A,A,0,,,,,Y,,-,"- ",0,0,2,0,0,0,0,0,0,"- ","- ",,,IMPERIAL,"EL CENTRO",-115.56144714355469,32.793861389160156
8910963,2019,2021-06-02,1301,2019-11-08,1724,903,BRAWL,5,5,3,1301,0,0,0,,0,002,"RT 86","S WESTERN",601.00,N,N,A,-,Y,IMP,11,86,-,-,20.180,H,-,N,N,1,1,0,2,A,-,11,21950,B,N,G,B,D,A,H,-,C,D,0,Y,,,,Y,,N,60,0,0,0,1,0,0,0,0,0,"- ","- ",,,IMPERIAL,BRAWLEY,-115.54241943359375,32.972366333007812
8924134,2018,2019-09-12,1302,2018-04-12,1824,I0005,1302,4,5,4,1302,0,0,0,,0,004,"RT 111","RT 98",600.00,N,N,A,-,Y,IMP,11,111,-,R,1.670,H,-,S,Y,4,0,3,2,A,-,03,22350,,N,C,C,A,A,H,-,A,D,0,,,,,Y,,A,01,0,0,3,0,0,0,0,0,0,"- ","- ",,,IMPERIAL,CALEXICO,-115.49919128417969,32.686153411865234
9418409,2022,2022-03-29,1304,2022-03-06,1052,358,,7,5,4,1304,0,0,0,,0,,8TH,BRADSHAW,0.00,,Y,A,-,N,,,,,,,,,,Y,3,0,1,2,A,-,09,21801,A,N,-,C,A,A,H,-,A,D,0,,,,,Y,,-,,0,1,0,0,0,0,0,0,0,"- ","- ",,,IMPERIAL,"EL CENTRO",-115.56143188476562,32.8111572265625
9498668,2022,2022-10-20,1304,2022-09-22,1354,E0030,EWEST,4,5,4,1304,0,0,0,,0,WEST,"LA BRUCHERIE",VILLA,0.00,,Y,A,-,N,,,,,,,,,,Y,3,0,1,2,A,-,12,21453,A,N,D,C,A,A,H,-,A,A,0,,,,,Y,,A,01,0,1,0,0,0,0,0,0,0,"- ","- ",,,IMPERIAL,"EL CENTRO",-115.57865905761719,32.80364990234375
9576523,2023,2023-05-11,1301,2023-03-02,1515,911,BRAWL,4,5,3,1301,0,0,0,,0,0B1,"N 8TH ST","E ST",120.00,N,N,A,-,N,,,,,,,,,,Y,4,0,2,2,A,-,03,22350,,N,C,C,A,A,H,-,A,A,0,,,,,Y,,A,08,0,0,2,0,0,0,0,0,0,"- ","- ",32.980140686035156,-115.53008270263672,IMPERIAL,BRAWLEY,-115.53003692626953,32.980087280273438
92063551,2023,2023-05-08,9620,2023-05-01,1744,018464,,1,2,9,1300,0,1,1,,2,081,"I-8 E/B TO GORDONS WELL ROAD","GORDONS WELL ROAD",590.00,W,N,A,G,Y,,,8,,,,R,,E,Y,3,0,1,1,A,-,08,22107,,N,F,A,A,A,H,-,A,D,0,,,,,Y,,-,"- ",0,1,0,0,0,0,0,0,0,"- ","- ",32.708271026611328,-114.95903778076172,IMPERIAL,UNINCORPORATED,-114.95903778076172,32.708271026611328
9632957,2023,2023-12-13,1304,2023-10-21,2256,325,ELCE,6,5,4,1304,0,0,0,,0,EAST,DOGWOOD,"HAMILTON AV",62.00,S,N,A,-,N,,,,,,,,,,Y,3,0,3,2,A,-,00,21650,A,N,-,C,A,A,H,-,C,D,0,,,,,Y,,A,07,0,2,1,0,0,0,0,0,0,"- ","- ",,,IMPERIAL,"EL CENTRO",-115.53548431396484,32.785579681396484