CASE_ID,ACCIDENT_YEAR,PROC_DATE,JURIS,COLLISION_DATE,COLLISION_TIME,OFFICER_ID,REPORTING_DISTRICT,DAY_OF_WEEK,CHP_SHIFT,POPULATION,CNTY_CITY_LOC,SPECIAL_COND,BEAT_TYPE,CHP_BEAT_TYPE,CITY_DIVISION_LAPD,CHP_BEAT_CLASS,BEAT_NUMBER,PRIMARY_RD,SECONDARY_RD,DISTANCE,DIRECTION,INTERSECTION,WEATHER_1,WEATHER_2,STATE_HWY_IND,CALTRANS_COUNTY,CALTRANS_DISTRICT,STATE_ROUTE,ROUTE_SUFFIX,POSTMILE_PREFIX,POSTMILE,LOCATION_TYPE,RAMP_INTERSECTION,SIDE_OF_HWY,TOW_AWAY,COLLISION_SEVERITY,NUMBER_KILLED,NUMBER_INJURED,PARTY_COUNT,PRIMARY_COLL_FACTOR,PCF_CODE_OF_VIOL,PCF_VIOL_CATEGORY,PCF_VIOLATION,PCF_VIOL_SUBSECTION,HIT_AND_RUN,TYPE_OF_COLLISION,MVIW,PED_ACTION,ROAD_SURFACE,ROAD_COND_1,ROAD_COND_2,LIGHTING,CONTROL_DEVICE,CHP_ROAD_TYPE,PEDESTRIAN_ACCIDENT,BICYCLE_ACCIDENT,MOTORCYCLE_ACCIDENT,TRUCK_ACCIDENT,NOT_PRIVATE_PROPERTY,ALCOHOL_INVOLVED,STWD_VEHTYPE_AT_FAULT,CHP_VEHTYPE_AT_FAULT,COUNT_SEVERE_INJ,COUNT_VISIBLE_INJ,COUNT_COMPLAINT_PAIN,COUNT_PED_KILLED,COUNT_PED_INJURED,COUNT_BICYCLIST_KILLED,COUNT_BICYCLIST_INJURED,COUNT_MC_KILLED,COUNT_MC_INJURED,PRIMARY_RAMP,SECONDARY_RAMP,LATITUDE,LONGITUDE,COUNTY,CITY,POINT_X,POINT_Y
90675233,2018,2018-03-05,9625,2018-02-22,1220,018930,,4,1,9,1300,0,1,3,,2,023,"SR-115 S/B","SHANK ROAD",108.00,N,N,A,-,Y,,,115,,,,,,S,N,3,0,1,1,A,-,08,22107,,N,F,A,A,A,H,-,A,D,0,,,Y,,Y,,C,02,0,1,0,0,0,0,0,0,1,"- ","- ",33.000900268554688,-115.44899749755859,IMPERIAL,UNINCORPORATED,-115.44882965087891,33.000900268554688
91205109,2020,2020-03-10,9620,2020-03-08,2200,018468,,7,3,9,1300,0,1,3,,1,062,SR-186,"ALL AMERICAN CANAL",1933.00,S,N,A,-,Y,,,186,,,,,,,Y,3,0,1,1,A,-,01,23152,A,N,E,I,A,A,H,-,D,D,0,,,,,Y,Y,A,01,0,1,0,0,0,0,0,0,0,"- ","- ",32.731861114501953,-114.71691131591797,IMPERIAL,UNINCORPORATED,-114.71685028076172,32.731842041015625
91454596,2021,2021-04-20,9625,2021-02-12,2028,018930,,5,2,9,1300,0,3,5,,2,040,"CLARK ROAD",SR-98,225.00,N,N,A,-,N,,,,,,,,,,N,2,0,1,2,A,-,11,21954,A,F,G,B,E,A,H,-,D,D,0,Y,,,,Y,,N,60,1,0,0,0,1,0,0,0,0,"- ","- ",32.680698394775391,-115.55979919433594,IMPERIAL,UNINCORPORATED,-115.55973052978516,32.679943084716797
91604185,2021,2021-11-17,9625,2021-10-12,1843,018792,,2,2,9,1300,0,1,1,,2,001,SR-86,"NORM NIVER ROAD",0.00,,Y,A,-,Y,,,86,,,,,,,Y,3,0,2,2,A,-,09,21803,A,N,D,C,A,A,H,-,D,A,0,,,,,Y,,A,01,0,2,0,0,0,0,0,0,0,"- ","- ",33.357410430908203,-116.01882171630859,IMPERIAL,UNINCORPORATED,-116.01883697509766,33.357402801513672
91919308,2022,2022-11-16,9625,2022-11-06,1427,018368,,7,2,9,1300,0,1,1,,2,004,"I-8 (E/B)","DUNAWAY ROAD",18850.00,W,N,A,-,Y,,,8,,,,,,,Y,3,0,2,2,A,-,08,22107,,N,A,C,A,A,H,-,A,D,0,,,,Y,Y,,F,26,0,1,1,0,0,0,0,0,0,"- ","- ",32.757499694824219,-115.86039733886719,IMPERIAL,UNINCORPORATED,-115.86039733886719,32.757492065429688
8929041,2019,2019-09-10,1302,2019-02-25,1515," CX527",1302,1,5,4,1302,0,0,0,,0,004,"COLE RD","VAN DE GRAAF ST",217.00,E,N,A,-,N,,,,,,,,,,N,4,0,1,2,A,-,11,21950,B,N,G,B,D,A,H,-,A,A,0,Y,,,,Y,,N,60,0,0,1,0,1,0,0,0,0,"- ","- ",,,IMPERIAL,CALEXICO,-115.50110626220703,32.693973541259766
8974418,2019,2019-11-27,1304,2019-09-24,1324,E0042,,2,5,4,1304,0,0,0,,0,WEST,"ADAMS AV","WILSON ST",0.00,,Y,A,-,N,,,,,,,,,,Y,3,0,1,3,A,-,09,21802,A,N,-,C,A,A,H,-,A,A,0,,,,,Y,,-,,0,1,0,0,0,0,0,0,0,"- ","- ",,,IMPERIAL,"EL CENTRO",-115.56664276123047,32.796588897705078
9548644,2022,2023-02-13,1304,2022-12-16,1137,358,,5,5,4,1304,0,0,0,,0,EAST,6TH,ORANGE,0.00,,Y,A,-,N,,,,,,,,,,Y,4,0,1,2,A,-,09,21802,A,N,D,C,A,A,H,-,A,A,0,,,,,Y,,A,07,0,0,1,0,0,0,0,0,0,"- ","- ",,,IMPERIAL,"EL CENTRO",-115.55693054199219,32.788791656494141
9632954,2023,2023-12-12,1304,2023-10-03,"801 ",391,EPTRL,2,5,4,1304,0,0,0,,0,EAST,"HOLT AV","S 12TH ST",0.00,,Y,A,-,N,,,,,,,,,,N,3,0,1,2,A,-,03,22350,,M,D,-,A,A,H,-,A,B,0,,Y,,,Y,,-,99,0,1,0,0,0,0,1,0,0,"- ","- ",32.787830352783203,-115.56021881103516,IMPERIAL,"EL CENTRO",-115.56547546386719,32.787738800048828
90896683,2018,2019-01-03,9625,2018-12-27,1740,019225,,4,2,9,1300,0,1,3,,2,053,"STATE ROUTE 111 S/B","MCCABE ROAD",1214.00,S,N,A,-,Y,,,111,,,,,,S,Y,4,0,1,2,A,-,03,22350,,N,C,C,A,A,H,-,D,D,0,,,,,Y,,A,01,0,0,1,0,0,0,0,0,0,"- ","- ",32.748798370361328,-115.50080108642578,IMPERIAL,UNINCORPORATED,-115.50070953369141,32.748802185058594
91386590,2021,2021-01-13,9625,2021-01-08,0650,016248,,5,1,9,1300,0,1,3,,1,054,"SR-111 N/B","WORTHINGTON ROAD",15.00,S,N,A,-,Y,,,111,,,,,,N,N,4,0,1,2,A,-,03,22350,,N,C,C,A,A,H,-,A,A,0,,,,,Y,,D,22,0,0,1,0,0,0,0,0,0,"- ","- ",32.847270965576172,-115.50749206542969,IMPERIAL,UNINCORPORATED,-115.50757598876953,32.847236633300781
91423695,2021,2021-03-09,9625,2021-03-03,1445,019667,,3,2,9,1300,0,1,1,,2,001,"I-8 E/B","MOUNTAIN SPRINGS ROAD",13253.00,E,N,C,G,Y,,,8,,,,,,E,Y,3,0,1,2,A,-,03,22350,,N,C,C,A,B,H,-,A,D,0,,,,Y,Y,,A,07,0,1,0,0,0,0,0,0,0,"- ","- ",32.685878753662109,-116.06561279296875,IMPERIAL,UNINCORPORATED,-116.06550598144531,32.685844421386719
91516086,2021,2021-07-08,9625,2021-06-26,1747,021107,,6,2,9,1300,0,1,1,,2,003,"INTERSTATE 8 EASTBOUND","SILSBEE ROAD",2045.00,W,N,A,-,Y,,,8,,,,,,E,Y,4,0,2,2,A,-,03,22350,,N,C,C,A,A,H,-,A,D,0,,,,,Y,,A,01,0,0,2,0,0,0,0,0,0,"- ","- ",32.773738861083984,-115.65312194824219,IMPERIAL,UNINCORPORATED,-115.65312194824219,32.773777008056641
91655996,2021,2021-12-20,9620,2021-12-13,1535,018703,Quech,1,2,9,1300,0,2,4,,1,072,"WINTERHAVEN DRIVE","INTERSTATE 8 W/B OFFRAMP",15.00,S,N,A,-,Y,,,,,,,,,,N,4,0,1,2,A,-,08,22107,,N,A,C,A,A,H,-,A,A,0,,,,,Y,,A,07,0,0,1,0,0,0,0,0,0,"- ","- ",32.732311248779297,-114.62458801269531,IMPERIAL,UNINCORPORATED,,
91734859,2022,2022-03-28,9625,2022-02-06,"1   ",021107,,7,3,9,1300,0,1,3,,1,012,"SR-86 S/B","NORM NIVER ROAD",0.00,,Y,A,-,Y,,,86,,,,,,S,Y,1,1,6,2,A,-,09,21803,A,N,D,C,A,A,H,-,C,A,0,,,,,Y,,A,07,5,1,0,0,0,0,0,0,0,"- ","- ",33.357448577880859,-116.01876831054688,IMPERIAL,UNINCORPORATED,-116.01884460449219,33.357425689697266
91882751,2022,2022-10-05,9625,2022-09-26,2133,018978,,1,2,9,1300,0,1,1,,2,004,"INTERSTATE 8 (W/B)","IMPERIAL HIGHWAY",18480.00,E,N,A,-,Y,,,8,,,,,,,Y,3,0,1,1,A,-,08,22107,,N,F,A,A,A,H,-,D,D,0,,,,,Y,,D,22,0,1,0,0,0,0,0,0,0,"- ","- ",32.746768951416016,-115.93604278564453,IMPERIAL,UNINCORPORATED,-115.93604278564453,32.746795654296875
8924032,2018,2019-09-17,1302,2018-10-31,1938,561,1302,3,5,4,1302,0,0,0,,0,CX4,"RT 98","BOWKER RD",0.00,,Y,A,-,Y,IMP,11,98,-,-,3.446,I,5,W,Y,2,0,4,2,A,-,08,22107,,N,A,C,A,A,H,-,D,D,0,,,,,Y,,A,01,1,0,3,0,0,0,0,0,0,"- ","- ",,,IMPERIAL,CALEXICO,-115.96308898925781,32.721553802490234
9034418,2019,2020-07-13,1304,2019-11-19,1046,"F GARCIA",ELCE,2,5,4,1304,0,0,0,,0,EAST,"4TH ST",COMMERCIAL,0.00,,Y,A,-,Y,IMP,11,86,-,L,7.453,I,5,S,Y,4,0,1,2,D,-,00,,,N,D,C,A,A,H,-,A,D,0,,,,,Y,,-,"- ",0,0,1,0,0,0,0,0,0,"- ","- ",32.794849395751953,-115.55271911621094,IMPERIAL,"EL CENTRO",-115.55264282226562,32.795013427734375
9036655,2019,2020-03-09,1304,2019-12-23,0701,355,ELCE,1,5,4,1304,0,0,0,,0,EAST,"E WAKE","WAKE AV",0.00,,N,A,-,N,,,,,,,,,,Y,4,0,1,1,D,-,00,,,N,E,I,A,A,H,-,A,D,0,,,,,Y,,-,"- ",0,0,1,0,0,0,0,0,0,"- ","- ",32.770599365234375,-115.53209686279297,IMPERIAL,"EL CENTRO",-115.57817840576172,32.7706298828125
9273989,2021,2021-07-01,1304,2021-06-01,0811,"S EID",EPTRL,2,5,4,1304,0,0,0,,0,EAST,ORANGE,HOPE,0.00,,N,A,-,N,,,,,,,,,,N,3,0,1,2,A,-,12,22450,,N,D,C,A,A,H,-,A,A,0,,,,,Y,Y,-,,0,1,0,0,0,0,0,0,0,"- ","- ",32.788738250732422,-115.53977966308594,IMPERIAL,"EL CENTRO",-115.53971862792969,32.788764953613281
9650133,2023,2024-02-16,1304,2023-12-01,"935 ",391,EPTRL,5,5,4,1304,0,0,0,,0,WEST,MAIN,14TH,0.00,,Y,A,-,N,,,,,,,,,,N,3,0,1,2,A,-,08,22107,,F,G,B,D,A,H,-,A,D,0,Y,,,,Y,,-,99,0,1,0,0,1,0,0,0,0,"- ","- ",,,IMPERIAL,"EL CENTRO",-115.56770324707031,32.792831420898438
90922099,2019,2019-02-08,9625,2019-02-01,1522,019035,,5,2,9,1300,0,2,4,,2,045,"EVAN HEWES HIGHWAY","HIGGINS LANE",15.00,E,N,A,-,N,,,,,,,,,,N,3,0,1,2,A,-,03,22350,,N,C,C,A,A,H,-,A,D,0,,,,,Y,,A,01,0,1,0,0,0,0,0,0,0,"- ","- ",32.796199798583984,-115.60179901123047,IMPERIAL,UNINCORPORATED,-115.60208129882812,32.796581268310547
92009052,2023,2023-03-03,9625,2023-02-19,2305,021232,,7,3,9,1300,0,3,5,,2,010,SR-86,"SOUTH MARINA DRIVE",0.00,,Y,A,-,Y,,,86,,,,,,,Y,4,0,2,2,A,-,09,21453,C,N,D,C,A,A,H,-,C,A,0,,,,,Y,,A,01,0,0,2,0,0,0,0,0,0,"- ","- ",33.279018402099609,-115.96446228027344,IMPERIAL,UNINCORPORATED,-115.96437835693359,33.279079437255859
91251435,2020,2020-06-12,9625,2020-06-02,2105,019667,,2,2,9,1300,0,3,5,,2,040,"CLARK ROAD","ATEN ROAD",2111.00,S,N,A,-,N,,,,,,,,,,Y,4,0,1,2,A,-,03,22350,,N,C,C,A,A,H,-,D,A,0,,,,,Y,,A,01,0,0,1,0,0,0,0,0,0,"- ","- ",32.81951904296875,-115.56160736083984,IMPERIAL,UNINCORPORATED,-115.5615234375,32.819660186767578
91251863,2020,2020-06-15,9625,2020-06-04,2235,019667,,4,3,9,1300,0,1,1,,2,002,"INTERSTATE 8 W/B","MOUNTAIN SPRINGS ROAD",1382.00,W,N,G,-,Y,,,8,,,,,,W,Y,2,0,1,1,A,-,08,22107,,N,F,A,A,A,H,-,D,D,0,,,,,Y,,A,01,1,0,0,0,0,0,0,0,0,"- ","- ",32.678718566894531,-116.10031127929688,IMPERIAL,UNINCORPORATED,-116.10031127929688,32.678508758544922
91412987,2021,2021-02-22,9625,2021-02-12,0958,018617,,5,1,9,1300,0,2,4,,2,047,"FORRESTER ROAD","KEYSTONE ROAD",2640.00,N,N,B,-,N,,,,,,,,,,Y,3,0,1,1,A,-,08,22107,,N,E,J,A,A,H,-,A,D,0,,,,,Y,,A,01,0,1,0,0,0,0,0,0,0,"- ","- ",32.921550750732422,-115.62107086181641,IMPERIAL,UNINCORPORATED,-115.62111663818359,32.920928955078125
91644992,2021,2021-12-07,9625,2021-11-27,1635,018792,,6,2,9,1300,0,1,3,,2,013,SR-78,"COUNTY LINE ROAD",4097.00,E,N,A,-,Y,,,78,,,,,,,Y,2,0,3,1,A,-,08,22107,,N,F,A,A,A,H,-,B,D,0,,,,,Y,Y,A,07,1,2,0,0,0,0,0,0,0,"- ","- ",33.128688812255859,-116.06826019287109,IMPERIAL,UNINCORPORATED,-116.06824493408203,33.128749847412109
91823442,2022,2022-07-25,9625,2022-07-13,1430,018933,,3,2,9,1300,0,1,3,,2,014,"SR-78 WESTBOUND","HOVLEY ROAD",39.00,E,N,A,-,Y,,,78,,,,,,W,N,3,0,2,2,A,-,03,22350,,N,C,C,A,A,H,-,A,A,0,,,,,Y,,A,01,0,2,0,0,0,0,0,0,0,"- ","- ",33.002120971679688,-115.54393768310547,IMPERIAL,UNINCORPORATED,-115.54393768310547,33.0020751953125
91934433,2022,2022-12-05,9625,2022-11-08,1630,019225,,2,2,9,1300,0,3,5,,2,040,"WORTHINGTON ROAD","FORRESTER ROAD",0.00,,Y,A,-,N,,,,,,,,,,Y,4,0,1,2,A,-,09,21802,A,N,D,C,A,A,H,-,A,A,0,,,,Y,Y,,A,01,0,0,1,0,0,0,0,0,0,"- ","- ",32.847358703613281,-115.62077331542969,IMPERIAL,UNINCORPORATED,-115.62075805664062,32.847389221191406
8780384,2018,2019-03-14,1304,2018-12-03,1121,E0031,E1,1,5,4,1304,0,0,0,,0,EAST,"5TH ST",ADAMS,7.00,N,N,A,-,N,,,,,,,,,,N,3,0,1,2,A,-,09,21802,A,N,B,B,E,A,H,-,A,A,0,Y,,,,Y,,J,48,0,1,0,0,1,0,0,0,0,"- ","- ",,,IMPERIAL,"EL CENTRO",-115.55497741699219,32.796558380126953
8905426,2019,2020-05-28,1302,2019-04-24,2222,567,,3,5,4,1302,0,0,0,,0,,"RT 111","RT 98",0.00,,Y,A,-,Y,IMP,11,111,-,R,1.204,H,-,S,N,4,0,2,2,A,-,03,22350,,N,C,C,A,A,H,-,C,A,0,,,,,Y,,A,01,0,0,2,0,0,0,0,0,0,"- ","- ",,,IMPERIAL,CALEXICO,-115.49874877929688,32.679386138916016
9036885,2020,2020-03-13,1304,2020-01-02,1614,361,ELCE,4,5,4,1304,0,0,0,,0,EAST,MAIN,1ST,284.00,W,N,A,-,N,,,,,,,,,,Y,3,0,4,2,A,-,09,21801,A,N,D,C,A,A,H,-,A,D,0,,,,,Y,,A,01,0,3,1,0,0,0,0,0,0,"- ","- ",,,IMPERIAL,"EL CENTRO",-115.54508209228516,32.792831420898438
9036889,2020,2020-03-13,1304,2020-01-10,1558,341,ELCE,5,5,4,1304,0,0,0,,0,,8TH,ROSS,0.00,,Y,A,-,N,,,,,,,,,,N,4,0,1,2,A,-,09,21801,A,N,D,C,A,A,H,-,A,A,0,,,,,Y,,A,01,0,0,1,0,0,0,0,0,0,"- ","- ",,,IMPERIAL,"EL CENTRO",-115.56124114990234,32.781501770019531
9571320,2023,2023-04-26,1304,2023-03-08,"412 ",E0145,ECSO,3,5,4,1304,0,0,0,,0,EAST,SOUTHWIND,"SOUTHWIND 400",0.00,,N,A,-,N,,,,,,,,,,Y,3,0,1,2,A,-,01,23152,A,N,B,E,A,A,H,-,C,D,0,,,,,Y,Y,A,07,0,1,0,0,0,0,0,0,0,"- ","- ",32.774650573730469,-115.55380249023438,IMPERIAL,"EL CENTRO",,
90730321,2018,2018-05-21,9625,2018-05-06,1915,018930,,7,2,9,1300,0,1,3,,1,042,"SR-98, E/B","CORDA ROAD",415.00,E,N,A,-,Y,,,98,,,,,,E,Y,4,0,1,1,A,-,08,22107,,N,F,A,A,A,H,-,B,D,0,,,,,Y,,A,01,0,0,1,0,0,0,0,0,0,"- ","- ",32.679599761962891,-115.59400177001953,IMPERIAL,UNINCORPORATED,-115.593994140625,32.679649353027344
90733446,2018,2018-05-24,9625,2018-05-16,2350,019667,,3,3,9,1300,0,1,1,,2,004,"I-8 W/B OFFRAMP","FORRESTER ROAD",290.00,E,N,A,-,Y,,,8,,,,,,W,Y,3,0,1,2,A,-,01,23152,A,M,C,C,A,A,H,-,D,D,0,,,,,Y,Y,A,01,0,1,0,0,0,0,0,0,0,"- ","- ",32.774669647216797,-115.61916351318359,IMPERIAL,UNINCORPORATED,-115.61915588378906,32.774009704589844
90922524,2019,2019-02-08,9625,2019-01-30,1500,018930,,3,2,9,1300,0,1,3,,2,052,"SR-98, W/B",SR-7,300.00,E,N,A,-,Y,,,98,,,,,,W,Y,4,0,1,2,A,-,03,22350,,N,C,C,A,A,H,-,A,A,0,,,,,Y,,A,01,0,0,1,0,0,0,0,0,0,"- ","- ",32.693901062011719,-115.37760162353516,IMPERIAL,UNINCORPORATED,-115.37760162353516,32.693778991699219
91214904,2020,2020-03-24,9620,2020-03-19,1020,017837,,4,1,9,1300,0,2,4,,2,076,"SENATOR WASH RD","IID CANAL ACCESS RD",0.00,,Y,A,-,N,,,,,,,,,,Y,2,0,2,2,A,-,09,21804,A,N,D,C,A,A,H,-,A,D,0,,,,,Y,,D,22,1,1,0,0,0,0,0,0,0,"- ","- ",32.872501373291016,-114.47480010986328,IMPERIAL,UNINCORPORATED,,
91358601,2020,2020-12-03,9625,2020-11-20,1936,019582,,5,2,9,1300,0,1,3,,1,011,SR-86,"NORM NIVER",1240.00,S,N,A,-,Y,,,86,,,,,,,Y,4,0,1,3,A,-,03,22350,,N,C,C,E,A,H,-,D,D,0,Y,,,,Y,,A,01,0,0,1,0,1,0,0,0,0,"- ","- ",33.353248596191406,-116.01717376708984,IMPERIAL,UNINCORPORATED,-116.01719665527344,33.353240966796875
91519339,2021,2021-07-13,9625,2021-07-03,0325,020738,,6,3,9,1300,0,1,1,,2,006,"I-8 EASTBOUND","HOLDRIDGE ROAD",5491.00,E,N,A,-,Y,,,8,,,,,,E,N,2,0,1,2,A,-,11,21956,A,N,G,B,E,A,H,-,D,D,0,Y,,,,Y,,N,60,1,0,0,0,1,0,0,0,0,"- ","- ",32.76190185546875,-115.25376892089844,IMPERIAL,UNINCORPORATED,-115.25382995605469,32.761619567871094
91931564,2022,2022-12-01,9625,2022-11-17,1545,019225,,4,2,9,1300,0,1,3,,1,054,"SR-111 S/B","ATEN ROAD",1531.00,N,N,A,-,Y,,,111,,,,,,S,Y,4,0,1,2,A,-,03,22350,,N,C,C,A,A,H,-,A,D,0,,,,,Y,,A,07,0,0,1,0,0,0,0,0,0,"- ","- ",32.83013916015625,-115.50038909912109,IMPERIAL,UNINCORPORATED,-115.50025939941406,32.830154418945312
8967858,2019,2019-11-14,1304,2019-09-03,1239,327,EWEST,2,5,4,1304,0,0,0,,0,WEST,"N 8TH ST",PICO,0.00,,Y,A,-,N,,,,,,,,,,Y,3,0,1,3,-,-,"- ",,,N,D,C,A,A,H,-,A,A,0,,,,,Y,,-,"- ",0,1,0,0,0,0,0,0,0,"- ","- ",32.805709838867188,-115.56147003173828,IMPERIAL,"EL CENTRO",-115.56140899658203,32.805648803710938
90770697,2018,2018-07-17,9625,2018-07-04,1455,017432,,3,2,9,1300,0,1,3,,1,051,"STATE ROUTE 7","STATE ROUTE 7 EXPRESSWAY",0.00,,Y,A,-,Y,,,7,,,,,,,Y,2,0,1,2,A,-,09,21802,A,N,D,C,A,A,H,-,A,A,0,,,Y,,Y,,A,01,1,0,0,0,0,0,0,0,1,"- ","- ",32.683128356933594,-115.38622283935547,IMPERIAL,UNINCORPORATED,-115.38622283935547,32.683124542236328
90862747,2018,2018-11-19,9625,2018-11-14,0540,020263,,3,3,9,1300,0,2,4,,2,057,"EVAN HEWES HIGHWAY","COUNTRY CLUB DRIVE",0.00,,Y,A,-,N,,,,,,,,,,Y,4,0,2,3,A,-,12,22450,A,N,D,C,A,A,H,-,B,A,0,,,,,Y,,A,01,0,0,2,0,0,0,0,0,0,"- ","- ",32.8043212890625,-115.42201232910156,IMPERIAL,UNINCORPORATED,-115.42196655273438,32.804431915283203
91094737,2019,2019-10-10,9625,2019-09-30,0625,017432,,1,1,9,1300,0,2,4,,2,045,"EVAN HEWES HIGHWAY","WESTMORLAND ROAD",108.00,W,N,A,-,N,,,,,,,,,,Y,3,0,2,2,A,-,06,21751,,N,A,C,A,A,H,-,A,D,0,,,,,Y,,A,01,0,2,0,0,0,0,0,0,0,"- ","- ",32.791061401367188,-115.74459075927734,IMPERIAL,UNINCORPORATED,-115.74465179443359,32.791069030761719
91098791,2019,2019-10-16,9625,2019-10-05,1527,018464,,6,2,9,1300,0,1,3,,2,052,SR-98,"HOLDRIDGE ROAD",4224.00,W,N,A,-,Y,,,98,,,,,,,Y,2,0,5,1,A,-,08,22107,,N,F,A,A,A,H,-,A,D,0,,,,,Y,,D,22,2,1,2,0,0,0,0,0,0,"- ","- ",32.694931030273438,-115.28890991210938,IMPERIAL,UNINCORPORATED,-115.28887176513672,32.694866180419922
91433149,2021,2021-03-23,9620,2021-03-16,2225,018703,,2,3,9,1300,0,3,5,,2,070,"FLOOD RD","STALNACKER RD",28.00,N,N,A,-,N,,,,,,,,,,N,3,0,1,1,A,-,08,22107,,N,F,A,A,A,H,-,D,D,0,,,,,Y,,A,01,0,1,0,0,0,0,0,0,0,"- ","- ",32.804470062255859,-114.56510925292969,IMPERIAL,UNINCORPORATED,-114.56489562988281,32.804355621337891
91501465,2021,2021-06-21,9625,2021-06-09,1415,019667,,3,2,9,1300,0,1,3,,1,042,"STATE ROUTE 98","HAMMERS ROAD",6.00,E,N,A,-,Y,,,98,,,,,,,Y,3,0,2,2,A,-,08,22107,,N,D,E,A,A,H,-,A,D,0,,,,,Y,,A,07,0,2,0,0,0,0,0,0,0,"- ","- ",32.679409027099609,-115.55084991455078,IMPERIAL,UNINCORPORATED,-115.55084991455078,32.679313659667969
92049940,2023,2023-04-20,9625,2023-04-09,1840,019225,,7,2,9,1300,0,1,3,,1,042,"IMPERIAL HIGHWAY",SR-98,0.00,,Y,A,-,Y,,,,,,,,,,Y,4,0,1,2,A,-,01,23152,A,F,D,C,A,A,H,-,A,A,0,,,,,Y,Y,D,22,0,0,1,0,0,0,0,0,0,"- ","- ",32.724998474121094,-115.99582672119141,IMPERIAL,UNINCORPORATED,-115.99579620361328,32.724990844726562
8969701,2019,2019-11-19,1304,2019-09-24,1309,E0145,ELCE,2,5,4,1304,0,0,0,,0,WEST,"N IMPERIAL","N IMPERIAL 400",0.00,,Y,A,-,N,,,,,,,,,,N,4,0,3,2,A,-,04,21703,,N,C,C,A,A,H,-,A,A,0,,,,,Y,,A,01,0,0,3,0,0,0,0,0,0,"- ","- ",32.796241760253906,-115.56987762451172,IMPERIAL,"EL CENTRO",-115.569968,32.795682999999997
9323583,2021,2021-10-15,1304,2021-09-04,1122,SEID,EWEST,6,5,4,1304,0,0,0,,0,WEST,CYPRESS,PEPPER,0.00,,-,A,-,N,,,,,,,,,,Y,3,0,1,2,A,-,08,22107,,N,C,C,A,A,H,-,A,D,0,,,,,Y,,A,01,0,1,0,0,0,0,0,0,0,"- ","- ",32.779678344726562,-115.5648193359375,IMPERIAL,"EL CENTRO",-115.5648193359375,32.779411315917969
9384641,2021,2021-12-28,1301,2021-10-28,0726,904,BRAWL,4,5,3,1301,0,0,0,,0,001,"NORTH WESTERN AV","A ST",0.00,,Y,A,-,N,,,,,,,,,,N,2,0,1,2,A,-,10,21950,A,N,G,B,B,A,H,-,A,A,0,Y,,,,Y,,A,07,1,0,0,0,1,0,0,0,0,"- ","- ",,,IMPERIAL,BRAWLEY,-115.54364013671875,32.984153747558594
9459281,2022,2022-12-27,1301,2022-03-22,1734,914,BRAWL,2,5,3,1301,0,0,0,,0,004,"SOUTH EASTERN AV","MAIN ST",474.00,S,N,A,-,N,,,,,,,,,,Y,3,0,2,2,A,-,09,21804,,F,C,C,A,A,H,-,A,D,0,,,,,Y,,A,07,0,2,0,0,0,0,0,0,0,"- ","- ",,,IMPERIAL,BRAWLEY,-115.51779937744141,32.977333068847656
9554866,2023,2023-03-23,1304,2023-02-12,"911 ",358,,7,5,4,1304,0,0,0,,0,EAST,"4TH ST","ROSS AV",94.00,,N,A,-,Y,IMP,11,86,-,-,6.520,H,-,N,Y,4,0,2,3,A,-,03,22350,,N,C,C,A,A,H,-,A,D,0,,,,,Y,,A,01,0,0,2,0,0,0,0,0,0,"- ","- ",,,IMPERIAL,"EL CENTRO",-115.55242156982422,32.781352996826172
90797946,2018,2018-08-27,9620,2018-08-22,0643,018535,,3,1,9,1300,0,2,4,,1,075,"PICACHO ROAD (S-24)","INDIAN ROCK RD",0.00,,Y,A,-,N,,,,,,,,,,Y,4,0,2,2,A,-,09,21802,A,N,D,C,A,A,H,-,A,A,0,,,,,Y,,A,01,0,0,2,0,0,0,0,0,0,"- ","- ",32.760040283203125,-114.61611938476562,IMPERIAL,UNINCORPORATED,-114.61612701416016,32.760059356689453
92073031,2023,2023-05-19,9625,2023-05-16,1433,021107,,2,2,9,1300,0,3,5,,2,040,"CADY ROAD","WIEMAN ROAD",0.00,,Y,A,-,N,,,,,,,,,,Y,4,0,2,1,A,-,03,22350,,N,E,I,A,A,H,-,A,D,0,,,,,Y,,A,01,0,0,2,0,0,0,0,0,0,"- ","- ",32.977401733398438,-115.65869903564453,IMPERIAL,UNINCORPORATED,-115.65866851806641,32.977413177490234
92095811,2023,2023-06-16,9625,2023-06-08,1640,019667,,4,2,9,1300,0,1,3,,1,044,"STATE ROUTE 86 NORTHBOUND","LARSEN ROAD",1200.00,N,N,B,-,Y,,,86,,,,,,N,Y,4,0,1,1,A,-,08,22107,,N,F,I,A,A,H,-,A,D,0,,,,,Y,,A,07,0,0,1,0,0,0,0,0,0,"- ","- ",32.879978179931641,-115.57009124755859,IMPERIAL,UNINCORPORATED,-115.57023620605469,32.879978179931641
92251626,2023,2023-12-04,9625,2023-11-11,"951 ",018978,,6,1,9,1300,0,1,1,,2,003,"INTERSTATE 8 (EB)","DREW ROAD",5000.00,E,N,A,-,Y,,,8,,,,,,,Y,3,0,2,2,A,-,03,22350,,N,C,2,A,A,H,-,A,A,0,,,,,Y,,A,08,0,2,0,0,0,0,0,0,0,"- ","- ",32.773818969726562,-115.67400360107422,IMPERIAL,UNINCORPORATED,-115.67400360107422,32.773822784423828