CASE_ID,ACCIDENT_YEAR,PROC_DATE,JURIS,COLLISION_DATE,COLLISION_TIME,OFFICER_ID,REPORTING_DISTRICT,DAY_OF_WEEK,CHP_SHIFT,POPULATION,CNTY_CITY_LOC,SPECIAL_COND,BEAT_TYPE,CHP_BEAT_TYPE,CITY_DIVISION_LAPD,CHP_BEAT_CLASS,BEAT_NUMBER,PRIMARY_RD,SECONDARY_RD,DISTANCE,DIRECTION,INTERSECTION,WEATHER_1,WEATHER_2,STATE_HWY_IND,CALTRANS_COUNTY,CALTRANS_DISTRICT,STATE_ROUTE,ROUTE_SUFFIX,POSTMILE_PREFIX,POSTMILE,LOCATION_TYPE,RAMP_INTERSECTION,SIDE_OF_HWY,TOW_AWAY,COLLISION_SEVERITY,NUMBER_KILLED,NUMBER_INJURED,PARTY_COUNT,PRIMARY_COLL_FACTOR,PCF_CODE_OF_VIOL,PCF_VIOL_CATEGORY,PCF_VIOLATION,PCF_VIOL_SUBSECTION,HIT_AND_RUN,TYPE_OF_COLLISION,MVIW,PED_ACTION,ROAD_SURFACE,ROAD_COND_1,ROAD_COND_2,LIGHTING,CONTROL_DEVICE,CHP_ROAD_TYPE,PEDESTRIAN_ACCIDENT,BICYCLE_ACCIDENT,MOTORCYCLE_ACCIDENT,TRUCK_ACCIDENT,NOT_PRIVATE_PROPERTY,ALCOHOL_INVOLVED,STWD_VEHTYPE_AT_FAULT,CHP_VEHTYPE_AT_FAULT,COUNT_SEVERE_INJ,COUNT_VISIBLE_INJ,COUNT_COMPLAINT_PAIN,COUNT_PED_KILLED,COUNT_PED_INJURED,COUNT_BICYCLIST_KILLED,COUNT_BICYCLIST_INJURED,COUNT_MC_KILLED,COUNT_MC_INJURED,PRIMARY_RAMP,SECONDARY_RAMP,LATITUDE,LONGITUDE,COUNTY,CITY,POINT_X,POINT_Y
90807752,2018,2018-09-07,9625,2018-08-27,0625,013627,,1,1,9,1300,0,2,4,,2,057,"EVAN HEWES HIGHWAY","MELOLAND ROAD",561.00,W,N,A,-,N,,,,,,,,,,Y,3,0,3,3,A,-,03,22350,,N,C,C,A,A,H,-,B,D,0,,,,,Y,,A,07,0,3,0,0,0,0,0,0,0,"- ","- ",32.803321838378906,-115.44986724853516,IMPERIAL,UNINCORPORATED,-115.44980621337891,32.803333282470703
90827463,2018,2018-10-03,9625,2018-09-24,0825,018279,,1,1,9,1300,0,2,4,,2,046,"DOGWOOD ROAD","HARRIS ROAD",0.00,,Y,A,-,N,,,,,,,,,,Y,3,0,1,2,A,-,09,21802,A,N,D,C,A,A,H,-,A,A,0,,,,Y,Y,,G,27,0,1,0,0,0,0,0,0,0,"- ","- ",32.88671875,-115.53549957275391,IMPERIAL,UNINCORPORATED,-115.53549957275391,32.883651733398438
90860746,2018,2018-11-15,9625,2018-11-02,0745,017055,,5,1,9,1300,0,3,5,,2,010,"SEA PALM AVENUE","SEA FAIR AVENUE",25.00,E,N,A,-,N,,,,,,,,,,N,3,0,1,2,A,-,03,22350,,N,B,C,A,A,H,-,A,A,0,,,,,Y,,A,07,0,1,0,0,0,0,0,0,0,"- ","- ",33.308738708496094,-115.95945739746094,IMPERIAL,UNINCORPORATED,-115.95946502685547,33.308692932128906
91191086,2020,2020-02-21,9620,2020-02-18,1835,018535,,2,2,9,1300,0,1,1,,2,081,"INTERSTATE 8 E/B","GRAYS WELL ROAD",5280.00,W,N,A,-,Y,,,8,,,,,,E,N,4,0,1,2,A,-,07,21658,A,N,B,C,A,A,H,-,D,D,0,,,,,Y,,D,22,0,0,1,0,0,0,0,0,0,"- ","- ",32.732128143310547,-114.9019775390625,IMPERIAL,UNINCORPORATED,-114.90201568603516,32.732208251953125
91239043,2020,2020-05-18,9625,2020-05-09,1630,017809,,6,2,9,1300,0,3,5,,2,020,"TITSWORTH ROAD","BUTTERS ROAD",5.00,W,N,A,-,N,,,,,,,,,,Y,3,0,2,1,A,-,01,23152,A,N,F,J,A,A,H,-,A,A,0,,,,,Y,Y,D,22,0,2,0,0,0,0,0,0,0,"- ","- ",33.074649810791016,-115.37161254882812,IMPERIAL,UNINCORPORATED,-115.3714599609375,33.074771881103516
91985260,2023,2023-02-02,9625,2023-01-25,"715 ",016248,,3,1,9,1300,0,1,3,,2,053,"SR-111 (N/B)","HEBER ROAD",231.00,S,N,A,-,Y,,,111,,,,,,,N,4,0,1,2,A,-,21,22106,,N,C,C,A,A,H,-,A,A,0,,,,,Y,,A,07,0,0,1,0,0,0,0,0,0,"- ","- ",32.729969024658203,-115.50032043457031,IMPERIAL,UNINCORPORATED,-115.50039672851562,32.729969024658203
8589126,2018,2018-04-10,1304,2018-03-20,1503,E0145,4,2,5,4,1304,0,0,0,,0,WEST,ADAMS,LABRUCHERIE,280.00,E,N,A,-,N,,,,,,,,,,N,4,0,1,2,A,-,03,22350,,N,C,C,A,A,H,-,A,D,0,,,,,Y,,A,01,0,0,1,0,0,0,0,0,0,"- ","- ",,,IMPERIAL,"EL CENTRO",-115.57782745361328,32.796489715576172
8789487,2019,2019-02-05,1304,2019-01-10,1002,351,EEAS,4,5,4,1304,0,0,0,,0,EAST,7TH,"COMMERCIAL AV",0.00,,Y,A,-,N,,,,,,,,,,Y,4,0,1,2,A,-,09,21804,A,N,D,C,A,B,H,-,A,D,0,,,,,Y,,A,01,0,0,1,0,0,0,0,0,0,"- ","- ",32.794940948486328,-115.55915832519531,IMPERIAL,"EL CENTRO",-115.55912017822266,32.794879913330078
8981719,2019,2019-11-22,1304,2019-10-08,1107,327,EEAST,2,5,4,1304,0,0,0,,0,EAST,5TH,"N 5TH ST",0.00,,Y,A,-,N,,,,,,,,,,N,3,0,1,2,A,-,05,21650,,N,D,G,A,A,H,-,A,D,0,,Y,,,Y,,L,04,0,1,0,0,0,0,1,0,0,"- ","- ",32.793331146240234,-115.55487823486328,IMPERIAL,"EL CENTRO",-115.55494689941406,32.799278259277344
9312380,2021,2021-09-16,1304,2021-07-28,1920,368,E1,3,5,4,1304,0,0,0,,0,WEST,"IMPERIAL AV","EUCLID AV",0.00,,Y,A,-,Y,IMP,11,86,-,-,7.430,I,5,N,Y,2,0,1,2,A,-,12,21453,A,N,D,C,A,A,H,-,A,A,0,,,,,Y,,-,,1,0,0,0,0,0,0,0,0,"- ","- ",32.798408508300781,-115.56984710693359,IMPERIAL,"EL CENTRO",-115.56996154785156,32.798397064208984
9650140,2023,2024-02-21,1304,2023-12-21,1140,362,,4,5,4,1304,0,0,0,,0,WEST,"COTTONWOOD DR",CRUICKSHANK,13.00,E,N,A,-,N,,,,,,,,,,N,3,0,1,2,A,-,05,21202,,N,G,B,B,A,H,-,A,D,0,Y,,,,Y,,N,60,0,1,0,0,1,0,0,0,0,"- ","- ",,,IMPERIAL,"EL CENTRO",-115.57084655761719,32.814708709716797
90859879,2018,2018-11-14,9625,2018-11-04,0005,018773,,7,3,9,1300,0,3,5,,2,040,"MAPLE AVENUE","CHERRY LANE",200.00,E,N,A,-,N,,,,,,,,,,Y,3,0,1,2,A,-,01,23152,A,N,B,E,A,A,H,-,C,D,0,,,,,Y,Y,A,07,0,1,0,0,0,0,0,0,0,"- ","- ",32.740810394287109,-115.5408935546875,IMPERIAL,UNINCORPORATED,-115.54121398925781,32.740863800048828
92060451,2023,2023-05-03,9625,2023-04-22,"920 ",018933,,6,1,9,1300,0,1,3,,2,053,"SR-111 (S/B)","HEBER ROAD",673.00,N,N,A,-,Y,,,111,,,,,,,N,4,0,1,2,A,-,03,22350,,N,C,C,A,A,H,-,A,D,0,,,,,Y,,A,01,0,0,1,0,0,0,0,0,0,"- ","- ",32.732559204101562,-115.50052642822266,IMPERIAL,UNINCORPORATED,-115.50045013427734,32.732563018798828
90939496,2019,2019-03-05,9620,2019-02-25,1657,017051,,1,2,9,1300,0,1,1,,2,081,"I-8 W/B","S-34 (OGILBY RD)",5280.00,W,N,A,-,Y,,,8,,,,,,W,Y,2,0,1,1,A,-,08,22107,,N,E,I,A,A,H,-,A,D,0,,,,,Y,,A,01,1,0,0,0,0,0,0,0,0,"- ","- ",32.757301330566406,-114.85472869873047,IMPERIAL,UNINCORPORATED,-114.85469818115234,32.757217407226562
91212088,2020,2020-03-19,9625,2020-03-10,0800,017432,,2,1,9,1300,0,1,3,,1,054,"STATE ROUTE 111 N/B","ATEN ROAD",1584.00,S,N,B,C,Y,,,111,,,,,,N,Y,4,0,5,3,A,-,03,22350,,N,C,C,A,B,H,-,A,D,0,,,,,Y,,A,01,0,0,5,0,0,0,0,0,0,"- ","- ",32.821979522705078,-115.50015258789062,IMPERIAL,UNINCORPORATED,-115.50025939941406,32.821983337402344
91690032,2022,2022-01-31,9625,2022-01-26,"730 ",018368,,3,1,9,1300,0,2,4,,2,046,"DOGWOOD ROAD","WORTHINGTON ROAD",106.00,N,N,A,-,N,,,,,,,,,,N,3,0,1,1,A,-,03,22350,,N,F,A,A,A,H,-,A,D,0,,,Y,,Y,,C,02,0,1,0,0,0,0,0,0,1,"- ","- ",32.847629547119141,-115.53568267822266,IMPERIAL,UNINCORPORATED,-115.53565216064453,32.84765625
91783532,2022,2022-05-27,9625,2022-05-01,1200,017075,,7,1,9,1300,0,1,3,,2,024,"STATE ROUTE 78","WHITLOCK ROAD",254.00,E,N,A,-,Y,,,78,,,,,,,Y,1,1,0,1,A,-,08,22107,,N,F,A,A,A,H,-,A,D,0,,,Y,,Y,,C,02,0,0,0,0,0,0,0,1,0,"- ","- ",32.974781036376953,-115.29532623291016,IMPERIAL,UNINCORPORATED,-115.29533386230469,32.974750518798828
91893273,2022,2022-10-18,9625,2022-10-16,1935,018468,,7,2,9,1300,0,3,5,,2,040,"LARSEN ROAD","FORRESTER ROAD",1262.00,E,N,A,-,N,,,,,,,,,,Y,4,0,1,1,A,-,08,22107,,N,F,A,A,D,F,-,D,D,0,,,,,Y,,A,01,0,0,1,0,0,0,0,0,0,"- ","- ",32.876438140869141,-115.616943359375,IMPERIAL,UNINCORPORATED,-115.61701965332031,32.876502990722656
92027434,2023,2023-03-23,9625,2023-03-11,1625,019582,,6,2,9,1300,0,1,3,,2,024,"CASEY ROAD","STATE ROUTE 78",40.00,S,N,A,-,Y,,,,,,,,,,Y,4,0,1,1,A,-,03,22350,,N,E,A,A,A,H,-,A,D,0,,,,,Y,,A,07,0,0,1,0,0,0,0,0,0,"- ","- ",32.974441528320312,-115.42346954345703,IMPERIAL,UNINCORPORATED,-115.42352294921875,32.974391937255859
8650633,2018,2018-09-27,1304,2018-07-12,1208,354,,4,5,4,1304,0,0,0,,0,,DOGWOOD,VILLA,0.00,,Y,A,-,N,,,,,,,,,,Y,3,0,2,2,A,-,09,21802,A,N,D,C,A,A,H,-,A,A,0,,,,,Y,,A,01,0,1,1,0,0,0,0,0,0,"- ","- ",,,IMPERIAL,"EL CENTRO",-115.53569,32.803789999999999
8733685,2018,2018-11-27,1304,2018-10-22,0700,325,EWEST,1,5,4,1304,0,0,0,,0,WEST,OCOTILLO,"OCOTILLO 2000",0.00,,-,A,-,N,,,,,,,,,,N,4,0,1,2,A,-,09,21804,A,N,D,C,A,A,H,-,A,A,0,,,,,Y,,I,11,0,0,1,0,0,0,0,0,0,"- ","- ",32.777301788330078,-115.57969665527344,IMPERIAL,"EL CENTRO",-115.57970899999999,32.777346000000001
8829802,2019,2019-04-09,1304,2019-03-17,1139,360,EWES,7,5,4,1304,0,0,0,,0,WEST,MAIN,WATERMAN,437.00,E,N,A,-,N,,,,,,,,,,N,4,0,1,2,A,-,08,22100,5,N,-,C,A,A,H,-,A,A,0,,,,,Y,,-,,0,0,1,0,0,0,0,0,0,"- ","- ",32.792789459228516,-115.57273101806641,IMPERIAL,"EL CENTRO",-115.57278442382812,32.792800903320312
8921340,2018,2019-09-06,1302,2018-02-28,0731,I0005,1302,3,5,4,1302,0,0,0,,0,004,"COLE RD","RT 111",352.00,E,N,A,-,N,,,,,,,,,,N,4,0,1,2,A,-,03,22350,,N,C,C,A,A,H,-,A,D,0,,,,,Y,,A,01,0,0,1,0,0,0,0,0,0,"- ","- ",,,IMPERIAL,CALEXICO,-115.49938201904297,32.693981170654297
9141941,2020,2020-12-09,1304,2020-08-10,0215,325,ELCE,1,5,4,1304,0,0,0,,0,WEST,"S 4TH ST","AURORA DR",0.00,,N,A,-,Y,IMP,11,86,-,-,6.350,H,-,N,Y,3,0,1,2,A,-,09,21801,A,N,A,C,A,A,-,-,C,A,0,,,,,Y,,A,01,0,1,0,0,0,0,0,0,0,"- ","- ",,,IMPERIAL,"EL CENTRO",-115.5523681640625,32.778816223144531
9316352,2021,2021-09-23,1304,2021-08-24,0915,346,E1,2,5,4,1304,0,0,0,,0,EAST,ROSS,"ROSS 400",0.00,,N,A,-,N,,,,,,,,,,N,3,0,1,2,A,-,03,22350,,N,C,C,A,A,H,-,A,A,0,,,,,Y,,-,,0,1,0,0,0,0,0,0,0,"- ","- ",,,IMPERIAL,"EL CENTRO",-115.54388427734375,32.781501770019531
91548271,2021,2021-08-18,9625,2021-08-10,2040,019667,,2,2,9,1300,0,1,3,,2,043,SR-86,"MCCABE ROAD",0.00,,Y,A,-,Y,,,86,,,,,,,Y,3,0,1,2,A,-,09,21802,B,N,D,C,A,A,H,-,C,A,0,,,,,Y,,D,22,0,1,0,0,0,0,0,0,0,"- ","- ",32.752239227294922,-115.55204772949219,IMPERIAL,UNINCORPORATED,-115.55186462402344,32.752246856689453
91719158,2022,2022-03-09,9625,2022-03-01,"10  ",021232,,2,3,9,1300,0,1,1,,2,003,"INTERSTATE 8 W/B","DUNAWAY ROAD",5280.00,E,N,A,-,Y,,,8,,,,,,W,Y,2,0,1,1,A,-,08,22107,,N,F,A,A,A,H,-,D,D,0,,,,,Y,,A,01,1,0,0,0,0,0,0,0,0,"- ","- ",32.772369384765625,-115.77992248535156,IMPERIAL,UNINCORPORATED,-115.78000640869141,32.773120880126953
91961253,2022,2023-01-05,9625,2022-12-02,"420 ",020516,,5,3,9,1300,0,1,3,,1,042,"STATE ROUTE 98","PULLIAM ROAD",715.00,W,N,B,-,Y,,,98,,,,,,,Y,1,1,3,1,A,-,08,22107,,N,E,I,A,A,H,-,D,D,0,,,,,Y,,A,07,3,0,0,0,0,0,0,0,0,"- ","- ",32.679470062255859,-115.65860748291016,IMPERIAL,UNINCORPORATED,-115.65860748291016,32.679454803466797
92186412,2023,2023-10-02,9625,2023-09-21,1410,019225,,4,2,9,1300,0,1,1,,2,001,"INTERSTATE 8 E/B TO MOUNTAIN SPRINGS ROAD","INTERSTATE 8",210.00,S,N,A,-,Y,,,8,,,,R,,E,Y,3,0,1,1,A,-,03,22350,,N,E,8,A,A,H,-,A,A,0,,,,Y,Y,,F,25,0,1,0,0,0,0,0,0,0,"- ","- ",32.675491333007812,-116.09957122802734,IMPERIAL,UNINCORPORATED,-116.09957122802734,32.675491333007812
9370417,2021,2022-07-20,1301,2021-10-28,0453,911,BRAWL,4,5,3,1301,0,0,0,,0,004,"RT 111","RT 78",50.00,S,N,A,-,Y,IMP,11,111,-,-,21.990,H,-,N,Y,4,0,2,2,A,-,03,22350,,N,C,C,A,A,H,-,C,A,0,,,,,Y,,D,22,0,0,2,0,0,0,0,0,0,"- ","- ",,,IMPERIAL,BRAWLEY,-115.50840759277344,32.960002899169922
9440169,2022,2022-04-27,1304,2022-03-28,"726 ",368,E1,1,5,4,1304,0,0,0,,0,EAST,"MAIN ST","3RD ST",0.00,,Y,A,-,N,,,,,,,,,,Y,3,0,2,2,A,-,09,21801,A,N,A,C,A,-,H,-,A,A,0,,,,,Y,,-,,0,2,0,0,0,0,0,0,0,"- ","- ",,,IMPERIAL,"EL CENTRO",-115.54879760742188,32.792842864990234
90836049,2018,2018-10-15,9625,2018-10-12,1550,019225,,5,2,9,1300,0,1,1,,2,001,"INTERSTATE 8 EASTBOUND",SR-98,5280.00,W,N,A,-,Y,,,8,,,,,,E,Y,3,0,1,1,A,-,08,22107,,N,E,I,A,A,H,-,A,D,0,,,,,Y,,A,01,0,1,0,0,0,0,0,0,0,"- ","- ",32.724639892578125,-116.03743743896484,IMPERIAL,UNINCORPORATED,-116.03742218017578,32.724594116210938
90894205,2018,2018-12-31,9620,2018-12-22,1805,018734,,6,2,9,1300,0,1,1,,2,081,"I-8 E/B","BROCK RESEARCH CENTER RD",2112.00,W,N,A,-,Y,,,8,,,,,,E,Y,3,0,1,1,A,-,01,23152,A,N,F,A,A,A,H,-,E,D,0,,,,,Y,Y,A,07,0,1,0,0,0,0,0,0,0,"- ","- ",32.707721710205078,-115.04270172119141,IMPERIAL,UNINCORPORATED,-115.04270172119141,32.707756042480469
90920858,2019,2019-02-06,9625,2019-01-28,1255,019225,,1,1,9,1300,0,1,1,,2,004,"INTERSTATE 8 (WESTBOUND)","WESTSIDE ROAD",397.00,E,N,A,-,Y,,,8,,,,,,,Y,4,0,2,1,A,-,08,22107,,N,F,A,A,A,H,-,A,D,0,,,,,Y,,A,01,0,0,2,0,0,0,0,0,0,"- ","- ",32.77410888671875,-115.73187255859375,IMPERIAL,UNINCORPORATED,-115.73187255859375,32.774150848388672
90945167,2019,2019-03-13,9625,2019-03-03,1157,013627,,7,1,9,1300,0,3,5,,2,050,"HEBER ROAD","ANDERHOLT ROAD",761.00,W,N,B,G,N,,,,,,,,,,Y,4,0,2,1,A,-,08,22107,,N,F,I,A,A,H,-,A,D,0,,,,,Y,,A,07,0,0,2,0,0,0,0,0,0,"- ","- ",32.730220794677734,-115.41626739501953,IMPERIAL,UNINCORPORATED,-115.41620635986328,32.73016357421875
8924016,2018,2019-09-13,1302,2018-10-09,1957,561,1302,2,5,4,1302,0,0,0,,0,CX1,"RT 98","LIGHT POLE #1057267H",25.00,N,N,A,-,Y,IMP,11,98,-,-,31.400,H,-,E,Y,4,0,1,3,A,-,03,22350,,N,C,C,A,-,H,-,A,A,0,,,,,Y,,-,,0,0,1,0,0,0,0,0,0,"- ","- ",,,IMPERIAL,CALEXICO,-115.51445770263672,32.679172515869141
9064109,2020,2020-05-14,1304,2020-02-25,1442,335,ELCE,2,5,4,1304,0,0,0,,0,EAST,7TH,PARK,0.00,,Y,A,-,N,,,,,,,,,,N,4,0,1,2,A,-,09,21804,A,N,D,G,A,A,H,-,A,A,0,,Y,,,Y,,L,04,0,0,1,0,0,0,1,0,0,"- ","- ",,,IMPERIAL,"EL CENTRO",-115.55912780761719,32.795860290527344
90876021,2018,2018-12-05,9625,2018-11-28,0525,020111,,3,3,3,1301,0,1,3,,1,011,"WALKER ROAD, W/B","FORRESTER ROAD",1901.00,E,N,A,-,N,,,,,,,,,,Y,3,0,5,2,A,-,08,22107,,N,A,A,A,A,H,-,C,A,0,,,,,Y,,D,22,0,1,4,0,0,0,0,0,0,"- ","- ",33.074981689453125,-115.61495208740234,IMPERIAL,BRAWLEY,-115.614501953125,33.075344085693359
90921691,2019,2019-02-07,9625,2019-01-31,1753,017809,,4,2,9,1300,0,1,3,,1,044,"STATE ROUTE 86 N/B","WEAVER ROAD",2124.00,N,N,C,-,Y,,,86,,,,,,N,N,4,0,1,2,A,-,03,22350,,N,D,C,A,B,H,-,D,A,0,,,,,Y,,D,22,0,0,1,0,0,0,0,0,0,"- ","- ",32.941749572753906,-115.56997680664062,IMPERIAL,UNINCORPORATED,-115.57009887695312,32.941745758056641
91118504,2019,2019-11-12,9625,2019-11-10,1822,020054,,7,2,9,1300,0,2,4,,2,046,"WORTHINGTON ROAD","DOGWOOD ROAD",0.00,,Y,A,-,N,,,,,,,,,,N,4,0,1,2,A,-,12,22450,A,N,D,C,A,A,H,-,C,D,0,,,,,Y,,A,07,0,0,1,0,0,0,0,0,0,"- ","- ",32.847419738769531,-115.53598022460938,IMPERIAL,UNINCORPORATED,-115.53569030761719,32.847370147705078
91235577,2020,2020-05-11,9620,2020-05-09,0746,019333,,6,1,9,1300,0,1,1,,2,082,"INTERSTATE 8 E/B","WINTERHAVEN DRIVE",2640.00,W,N,A,-,Y,,,8,,,,,,E,Y,3,0,1,1,A,-,08,22107,,N,E,I,A,A,H,-,A,D,0,,,,,Y,,D,22,0,1,0,0,0,0,0,0,0,"- ","- ",32.737049102783203,-114.65943908691406,IMPERIAL,UNINCORPORATED,-114.65943908691406,32.737125396728516
92199505,2023,2023-10-16,9625,2023-10-06,"938 ",018930,,5,1,9,1300,0,2,4,,2,046,"DOGWOOD ROAD","NECKEL ROAD",22.00,S,N,A,-,N,,,,,,,,,,Y,3,0,1,2,A,-,03,22350,,N,C,C,A,A,H,-,A,D,0,,,,,Y,,D,22,0,1,0,0,0,0,0,0,0,"- ","- ",32.861709594726562,-115.53558349609375,IMPERIAL,UNINCORPORATED,-115.53559112548828,32.861721038818359
91447008,2021,2021-04-09,9625,2021-03-30,0833,018368,,2,1,9,1300,0,1,3,,1,042,SR-98,"BROCKMAN ROAD",0.00,,Y,A,-,Y,,,98,,,,,,,Y,4,0,1,2,A,-,09,21802,B,N,D,C,A,A,H,-,A,D,0,,,,Y,Y,,G,25,0,0,1,0,0,0,0,0,0,"- ","- ",32.679229736328125,-115.63784027099609,IMPERIAL,UNINCORPORATED,-115.63784027099609,32.679233551025391
91549541,2021,2021-08-19,9625,2021-08-15,1630,021107,,7,2,9,1300,0,1,1,,2,001,"INTERSTATE 8 EASTBOUND","MOUNTAIN SPRINGS ROAD",15734.00,E,N,A,-,Y,,,8,,,,,,E,Y,3,0,1,1,A,-,08,22107,,N,E,8,A,A,H,-,A,D,0,,,,,Y,,A,01,0,1,0,0,0,0,0,0,0,"- ","- ",32.692600250244141,-116.06390380859375,IMPERIAL,UNINCORPORATED,-116.06385040283203,32.692607879638672
91788141,2022,2022-06-03,9625,2022-03-19,2136,018978,,6,2,9,1300,0,1,1,,2,003,"INTERSTATE 8 (E/B)","IMPERIAL HIGHWAY",26412.00,E,N,A,G,Y,,,8,,,,,,,Y,1,1,0,2,A,-,03,22350,,N,C,C,A,A,H,-,D,D,0,,,,Y,Y,,A,01,0,0,0,0,0,0,0,0,0,"- ","- ",32.749900817871094,-115.91049957275391,IMPERIAL,UNINCORPORATED,-115.91050720214844,32.749923706054688
92050385,2023,2023-04-21,9620,2023-04-18,1900,018535,,2,2,9,1300,0,2,4,,1,072,"WINTERHAVEN DRIVE","ARAZ RD",929.00,E,N,A,G,N,,,,,,,,,,N,4,0,1,2,A,-,09,21801,A,N,D,C,A,A,H,-,B,D,0,,,,,Y,,D,22,0,0,1,0,0,0,0,0,0,"- ","- ",32.740650177001953,-114.64481353759766,IMPERIAL,UNINCORPORATED,-114.64674377441406,32.741069793701172
92087982,2023,2023-06-07,9625,2023-05-26,1010,020771,,5,1,9,1300,0,1,3,,2,024,SR-78,"WHITLOCK ROAD",515.00,E,N,A,-,Y,,,78,,,,,,,Y,4,0,2,1,A,-,08,22107,,N,E,I,A,A,H,-,A,D,0,,,,,Y,,A,01,0,0,2,0,0,0,0,0,0,"- ","- ",32.974498748779297,-115.29415893554688,IMPERIAL,UNINCORPORATED,-115.29416656494141,32.974475860595703
92124032,2023,2023-07-24,9625,2023-07-13,"635 ",017727,,4,1,9,1300,0,1,3,,1,021,SR-111,"ENGLISH ROAD",4849.00,S,N,A,-,N,,,111,,,,,,,Y,3,0,1,2,A,-,03,22350,,N,C,C,A,A,H,-,A,A,0,,,,,Y,,D,22,0,1,0,0,0,0,0,0,0,"- ","- ",33.250640869140625,-115.53092193603516,IMPERIAL,UNINCORPORATED,-115.53090667724609,33.25067138671875
8613893,2018,2018-05-02,1301,2018-02-27,1723,9A12,BRAWL,2,5,3,1301,0,0,0,,0,004,"MAIN ST","CESAR CHAVEZ",0.00,,Y,A,-,N,,,,,,,,,,Y,3,0,1,3,A,-,12,21453,A,N,A,C,A,A,H,-,B,A,0,,,,,Y,,A,01,0,1,0,0,0,0,0,0,0,"- ","- ",,,IMPERIAL,BRAWLEY,-115.52639770507812,32.978630065917969
9364418,2021,2021-12-02,1304,2021-10-27,1720,325,ELCE,3,5,4,1304,0,0,0,,0,EAST,DOGWOOD,ROSS,0.00,,Y,A,-,N,,,,,,,,,,Y,4,0,1,4,A,-,03,22350,,N,A,C,A,A,H,-,B,D,0,,,,,Y,,-,,0,0,1,0,0,0,0,0,0,"- ","- ",32.780281066894531,-115.53534698486328,IMPERIAL,"EL CENTRO",-115.53537750244141,32.781490325927734
9519919,2022,2023-02-13,1304,2022-12-23,"949 ",368,E1,5,5,4,1304,0,0,0,,0,WEST,"LA BRUCHERIE",HAMILTON,0.00,,Y,A,-,N,,,,,,,,,,Y,3,0,3,2,A,-,03,22350,,F,C,C,A,A,H,-,A,A,0,,,,,Y,Y,-,,0,2,1,0,0,0,0,0,0,"- ","- ",,,IMPERIAL,"EL CENTRO",-115.57857513427734,32.785667419433594
9623212,2023,2023-12-12,1304,2023-10-20,1051,EID,EPTRL,5,5,4,1304,0,0,0,,0,WEST,BRADSHAW,WATERMAN,0.00,,N,A,-,N,,,,,,,,,,Y,3,0,2,2,A,-,12,21453,A,N,D,C,A,A,H,-,A,A,0,,,,,Y,,A,08,0,2,0,0,0,0,0,0,0,"- ","- ",34.811038970947266,-115.57424163818359,IMPERIAL,"EL CENTRO",-115.57086181640625,32.811084747314453
90798647,2018,2018-08-27,9625,2018-08-19,0305,020704,,7,3,9,1300,0,3,5,,2,050,"CHICK ROAD","PITZER ROAD",0.00,,Y,A,-,N,,,,,,,,,,Y,3,0,2,1,A,-,01,23152,A,N,E,I,A,A,H,-,D,A,0,,,,,Y,Y,D,22,0,2,0,0,0,0,0,0,0,"- ","- ",32.766948699951172,-115.51776885986328,IMPERIAL,UNINCORPORATED,-115.51802062988281,32.766918182373047
91003657,2019,2019-06-05,9625,2019-05-25,2359,020516,,6,3,9,1300,0,3,5,,2,020,"NOFFSINGER ROAD","ROSANBALM ROAD",2773.00,E,N,A,-,N,,,,,,,,,,Y,3,0,1,1,A,-,01,23152,A,N,E,J,A,A,H,-,D,D,0,,,,,Y,Y,A,07,0,1,0,0,0,0,0,0,0,"- ","- ",33.233898162841797,-115.49282073974609,IMPERIAL,UNINCORPORATED,-115.49285888671875,33.23388671875
91017769,2019,2019-07-26,9625,2019-06-18,0630,018279,,2,1,9,1300,0,1,1,,2,003,"I-8, E/B","DOGWOOD ROAD",2376.00,W,N,A,-,Y,,,,,,,,,,Y,1,1,0,1,A,-,08,22107,,N,F,A,A,A,H,-,A,D,0,,,,,Y,,A,01,0,0,0,0,0,0,0,0,0,"- ","- ",32.773609161376953,-115.54225921630859,IMPERIAL,UNINCORPORATED,-115.54290008544922,32.773689270019531
91332591,2020,2020-10-27,9625,2020-10-17,0303,018468,,6,3,9,1300,0,1,1,,2,001,"INTERSTATE 8 (E/B)","STATE ROUTE 98",4659.00,W,N,A,-,Y,,,8,,,,,,,Y,4,0,1,1,A,-,01,23152,A,N,E,I,A,A,H,-,D,D,0,,,,,Y,Y,A,01,0,0,1,0,0,0,0,0,0,"- ","- ",32.725040435791016,-116.0357666015625,IMPERIAL,UNINCORPORATED,-116.03575897216797,32.724987030029297
91392092,2020,2021-01-21,9625,2020-11-28,1345,018368,,6,1,9,1300,0,1,1,,2,001,"I-8 E/B","MOUNTAIN SPRINGS ROAD",3861.00,W,N,A,-,Y,,,8,,,,,,E,Y,1,1,1,1,A,-,08,22107,,N,E,I,A,A,H,-,A,D,0,,,,,Y,,A,01,1,0,0,0,0,0,0,0,0,"- ","- ",32.668930053710938,-116.10572052001953,IMPERIAL,UNINCORPORATED,-116.10559844970703,32.668907165527344