CASE_ID,ACCIDENT_YEAR,PROC_DATE,JURIS,COLLISION_DATE,COLLISION_TIME,OFFICER_ID,REPORTING_DISTRICT,DAY_OF_WEEK,CHP_SHIFT,POPULATION,CNTY_CITY_LOC,SPECIAL_COND,BEAT_TYPE,CHP_BEAT_TYPE,CITY_DIVISION_LAPD,CHP_BEAT_CLASS,BEAT_NUMBER,PRIMARY_RD,SECONDARY_RD,DISTANCE,DIRECTION,INTERSECTION,WEATHER_1,WEATHER_2,STATE_HWY_IND,CALTRANS_COUNTY,CALTRANS_DISTRICT,STATE_ROUTE,ROUTE_SUFFIX,POSTMILE_PREFIX,POSTMILE,LOCATION_TYPE,RAMP_INTERSECTION,SIDE_OF_HWY,TOW_AWAY,COLLISION_SEVERITY,NUMBER_KILLED,NUMBER_INJURED,PARTY_COUNT,PRIMARY_COLL_FACTOR,PCF_CODE_OF_VIOL,PCF_VIOL_CATEGORY,PCF_VIOLATION,PCF_VIOL_SUBSECTION,HIT_AND_RUN,TYPE_OF_COLLISION,MVIW,PED_ACTION,ROAD_SURFACE,ROAD_COND_1,ROAD_COND_2,LIGHTING,CONTROL_DEVICE,CHP_ROAD_TYPE,PEDESTRIAN_ACCIDENT,BICYCLE_ACCIDENT,MOTORCYCLE_ACCIDENT,TRUCK_ACCIDENT,NOT_PRIVATE_PROPERTY,ALCOHOL_INVOLVED,STWD_VEHTYPE_AT_FAULT,CHP_VEHTYPE_AT_FAULT,COUNT_SEVERE_INJ,COUNT_VISIBLE_INJ,COUNT_COMPLAINT_PAIN,COUNT_PED_KILLED,COUNT_PED_INJURED,COUNT_BICYCLIST_KILLED,COUNT_BICYCLIST_INJURED,COUNT_MC_KILLED,COUNT_MC_INJURED,PRIMARY_RAMP,SECONDARY_RAMP,LATITUDE,LONGITUDE,COUNTY,CITY,POINT_X,POINT_Y
91677331,2022,2022-01-13,9625,2022-01-06,1550,018792,,4,2,9,1300,0,3,5,,2,010,"KALIN ROAD",SR-86,1292.00,S,N,A,-,N,,,,,,,,,,Y,3,0,1,1,A,-,01,23152,A,N,E,I,A,A,H,-,A,D,0,,,,,Y,Y,A,01,0,1,0,0,0,0,0,0,0,"- ","- ",32.982818603515625,-115.57850646972656,IMPERIAL,UNINCORPORATED,-115.57858276367188,32.981235504150391
91702148,2022,2022-02-16,9625,2022-02-08,"750 ",016248,,2,1,9,1300,0,3,5,,2,050,"HEBER ROAD","BOWKER ROAD",4435.00,E,N,A,-,N,,,,,,,,,,Y,3,0,1,1,A,-,08,22107,,N,E,I,A,A,H,-,A,D,0,,,,,Y,,D,22,0,1,0,0,0,0,0,0,0,"- ","- ",32.730228424072266,-115.44989013671875,IMPERIAL,UNINCORPORATED,-115.45071411132812,32.730297088623047
92225849,2023,2023-11-01,9625,2023-10-20,2130,022010,,5,2,9,1300,0,1,3,,2,023,"STATE ROUTE 115","GONDER ROAD",0.00,,Y,C,-,Y,,,115,,,,,,,N,4,0,1,2,A,-,05,21752,D,N,B,C,A,A,H,-,D,D,0,,,,,Y,,A,07,0,0,1,0,0,0,0,0,0,"- ","- ",32.952808380126953,-115.40621948242188,IMPERIAL,UNINCORPORATED,-115.40628051757812,32.952808380126953
8867811,2019,2019-05-28,1304,2019-05-13,0523,335,EAST,1,5,4,1304,0,0,0,,0,EAST,3RD,ROSS,0.00,,Y,A,-,N,,,,,,,,,,N,4,0,1,2,A,-,12,22450,,F,D,G,A,A,H,-,B,A,0,,Y,,,Y,,-,,0,0,1,0,0,0,1,0,0,"- ","- ",,,IMPERIAL,"EL CENTRO",-115.55030822753906,32.781459808349609
9084788,2020,2020-06-26,1301,2020-03-04,0741,915,BRAWL,3,5,3,1301,0,0,0,,0,0B1,"N 1ST","E ST",0.00,,Y,A,-,N,,,,,,,,,,N,3,0,1,2,A,-,10,21950,A,N,G,B,B,A,H,-,A,A,0,Y,,,,Y,,D,22,0,1,0,0,1,0,0,0,0,"- ","- ",,,IMPERIAL,BRAWLEY,-115.54164886474609,32.979770660400391
9547161,2022,2023-03-02,1301,2022-11-15,1129,9A5,BRAWL,2,5,3,1301,0,0,0,,0,001,"NORTH IMPERIAL AV","D ST",0.00,,Y,A,-,N,,,,,,,,,,N,3,0,2,2,A,-,09,21801,A,N,D,C,A,A,H,-,A,A,0,,,,,Y,,D,22,0,2,0,0,0,0,0,0,0,"- ","- ",,,IMPERIAL,BRAWLEY,-115.53498077392578,32.980869293212891
9581469,2023,2023-06-29,1301,2023-04-22,"644 ",904,BRAWL,6,5,3,1301,0,0,0,,0,002,"CATTLE CALL DR",WILLARD,1880.00,W,N,A,-,N,,,,,,,,,,Y,4,0,1,1,A,-,08,22107,,N,E,I,A,A,H,-,A,D,0,,,,,Y,,A,01,0,0,1,0,0,0,0,0,0,"- ","- ",,,IMPERIAL,BRAWLEY,-115.55359649658203,32.967075347900391
90730745,2018,2018-05-21,9625,2018-05-16,1514,018792,,3,2,9,1300,0,2,4,,2,046,"DOGWOOD ROAD","WORTHINGTON ROAD",13.00,N,N,A,-,N,,,,,,,,,,N,4,0,2,2,A,-,03,22350,,N,C,C,A,A,H,-,A,A,0,,,,,Y,,A,01,0,0,2,0,0,0,0,0,0,"- ","- ",32.847438812255859,-115.53566741943359,IMPERIAL,UNINCORPORATED,-115.53568267822266,32.847404479980469
90742740,2018,2018-06-06,9620,2018-05-30,1325,018535,,3,1,9,1300,0,2,4,,1,072,"4TH AVENUE","INTERSTATE 8",528.00,S,N,A,-,N,,,,,,,,,,N,4,0,2,2,A,-,03,22350,,N,C,C,A,A,H,-,A,D,0,,,,,Y,,A,07,0,0,2,0,0,0,0,0,0,"- ","- ",32.730690002441406,-114.62478637695312,IMPERIAL,UNINCORPORATED,-115.55232238769531,32.773700714111328
91332557,2020,2020-10-27,9625,2020-10-17,1835,019225,,6,2,9,1300,0,1,3,,2,053,"SR-111 S/B","HEBER ROAD",15.00,S,N,A,-,Y,,,111,,,,,,S,N,4,0,2,2,A,-,03,22350,,N,C,C,A,A,H,-,C,A,0,,,,,Y,,A,01,0,0,2,0,0,0,0,0,0,"- ","- ",32.730739593505859,-115.50051116943359,IMPERIAL,UNINCORPORATED,-115.50041198730469,32.730743408203125
91670911,2021,2022-01-05,9625,2021-12-30,1723,019668,,4,2,9,1300,0,1,3,,2,053,"SR-111 S/B","HEBER ROAD",1278.00,N,N,A,-,Y,,,111,,,,,,S,N,4,0,1,2,A,-,03,22350,,N,C,C,A,A,H,-,D,D,0,,,,,Y,,A,01,0,0,1,0,0,0,0,0,0,"- ","- ",32.734260559082031,-115.50070953369141,IMPERIAL,UNINCORPORATED,-115.50048828125,32.734264373779297
91682430,2021,2022-01-21,9625,2021-10-29,2154,021107,,5,2,9,1300,0,1,3,,2,024,"STATE ROUTE 78","WHITLOCK ROAD",3590.00,E,N,A,-,Y,,,78,,,,,,,Y,1,1,4,2,A,-,05,21650,,N,A,C,A,A,H,-,D,D,0,,,,,Y,,A,08,4,0,0,0,0,0,0,0,0,"- ","- ",32.971099853515625,-115.28571319580078,IMPERIAL,UNINCORPORATED,-115.28572082519531,32.9710693359375
92083765,2023,2023-06-01,9625,2023-03-26,2500,019667,,7,4,9,1300,0,3,5,,2,040,"CLARK ROAD","JASPER ROAD",150.00,N,N,A,-,N,,,,,,,,,,Y,1,1,0,1,A,-,01,23152,A,N,E,I,A,A,H,-,A,A,0,,,,,Y,Y,A,01,0,0,0,0,0,0,0,0,0,"- ","- ",32.709430694580078,-115.56006622314453,IMPERIAL,UNINCORPORATED,-115.56002807617188,32.709419250488281
90638438,2018,2018-08-31,9625,2018-01-05,1430,019035,,5,2,9,1300,0,3,5,,2,050,"MERIDIAN ST.","BLOOMFIELD ST.",287.00,W,N,A,-,N,,,,,,,,,,Y,4,0,1,2,A,-,08,22107,,N,B,E,A,A,H,-,A,D,0,,,,,Y,,A,07,0,0,1,0,0,0,0,0,0,"- ","- ",32.733299255371094,-115.52259826660156,IMPERIAL,UNINCORPORATED,-115.52238464355469,32.733264923095703
91701450,2021,2022-02-15,9620,2021-11-26,1955,018247,,5,2,9,1300,0,1,1,,2,082,"I-8 W/B","OGILBY RD",11616.00,E,N,A,-,Y,,,8,,,,,,W,N,1,1,0,2,A,-,11,21954,A,F,G,B,D,A,H,-,D,D,0,Y,,,,Y,,N,60,0,0,0,1,0,0,0,0,0,"- ","- ",32.754600524902344,-114.79987335205078,IMPERIAL,UNINCORPORATED,-114.79987335205078,32.754581451416016
91966792,2023,2023-01-20,9625,2023-01-03,1740,020111,,2,2,9,1300,0,1,3,,2,053,"STATE ROUTE 111 (S/B)","HEBER ROAD",1410.00,S,N,A,-,Y,,,111,,,,,,,N,4,0,3,3,A,-,03,22350,,N,C,A,A,A,H,-,D,A,0,,,,,Y,,A,07,0,0,3,0,0,0,0,0,0,"- ","- ",32.734668731689453,-115.50064849853516,IMPERIAL,UNINCORPORATED,-115.50049591064453,32.734672546386719
91978736,2023,2023-01-26,9625,2023-01-16,1240,017727,,1,1,9,1300,0,1,3,,1,012,"SR-86 (N/B)","AIR PARK ROAD",11616.00,S,N,A,-,Y,,,86,,,,,,,Y,2,0,1,1,A,-,08,22107,,N,F,A,A,A,H,-,A,D,0,,,,Y,Y,,F,27,1,0,0,0,0,0,0,0,0,"- ","- ",33.225681304931641,-115.92153167724609,IMPERIAL,UNINCORPORATED,-115.92156982421875,33.225654602050781
92003978,2023,2023-02-27,9625,2023-02-17,"610 ",018617,,5,1,9,1300,0,1,3,,1,021,SR-111,"DOWDEN ROAD",497.00,S,N,A,-,Y,,,111,,,,,,,Y,3,0,1,1,A,-,08,22107,,N,E,9,A,A,H,-,A,D,0,,,,,Y,,A,01,0,1,0,0,0,0,0,0,0,"- ","- ",33.088111877441406,-115.51590728759766,IMPERIAL,UNINCORPORATED,-115.51596832275391,33.088146209716797
92230972,2023,2023-11-08,9625,2023-10-30,2256,019582,,1,3,9,1300,0,1,1,,2,003,"INTERSTATE 8 E/B","IMPERIAL HIGHWAY",25872.00,E,N,A,-,Y,,,8,,,,,,E,Y,3,0,1,1,A,-,08,22107,,N,F,A,A,A,H,-,D,D,0,,,,,Y,,A,07,0,1,0,0,0,0,0,0,0,"- ","- ",32.749740600585938,-115.9122314453125,IMPERIAL,UNINCORPORATED,-115.91222381591797,32.749691009521484
8649733,2018,2018-08-29,1304,2018-06-14,1250,354,,4,5,4,1304,0,0,0,,0,,"2ND ST",MAIN,14.00,S,N,A,-,N,,,,,,,,,,Y,4,0,3,2,A,-,09,21801,A,N,D,C,A,A,H,-,A,D,0,,,,,Y,,-,,0,0,3,0,0,0,0,0,0,"- ","- ",,,IMPERIAL,"EL CENTRO",-115.54647827148438,32.792793273925781
8713021,2018,2018-11-29,1304,2018-10-01,1301,E0145,ELCE,1,5,4,1304,0,0,0,,0,WEST,MAIN,"4TH ST",415.00,E,N,B,-,N,,,,,,,,,,N,4,0,1,3,A,-,03,22350,,N,C,C,A,A,H,-,A,A,0,,,,,Y,,-,,0,0,1,0,0,0,0,0,0,"- ","- ",,,IMPERIAL,"EL CENTRO",-115.55117034912109,32.792827606201172
8894966,2019,2019-08-19,1304,2019-06-17,1149,327,EAST,1,5,4,1304,0,0,0,,0,EAST,"DANEN BERG",PLAZA,0.00,,Y,A,-,N,,,,,,,,,,Y,3,0,1,3,D,-,00,,,N,F,C,A,A,H,-,A,A,0,,,,,Y,,-,"- ",0,1,0,0,0,0,0,0,0,"- ","- ",,,IMPERIAL,"EL CENTRO",-115.53257751464844,32.766910552978516
9455642,2022,2022-08-09,1304,2022-06-14,"901 ",358,,2,5,4,1304,0,0,0,,0,WEST,"LA BRUCHERIE",EUCLID,0.00,,Y,A,-,N,,,,,,,,,,Y,3,0,1,2,A,-,09,21802,A,N,-,C,A,A,H,-,A,A,0,,,,,Y,,A,07,0,1,0,0,0,0,0,0,0,"- ","- ",,,IMPERIAL,"EL CENTRO",-115.57868194580078,32.798374176025391
90731702,2018,2018-05-22,9625,2018-05-20,2355,020263,,7,3,9,1300,0,1,3,,2,053,"SR-111 N/B",SR-86,1000.00,S,N,A,-,Y,,,111,,,,,,N,N,3,0,1,2,A,-,01,23152,A,N,B,C,A,A,H,-,D,D,0,,,,,Y,Y,A,01,0,1,0,0,0,0,0,0,0,"- ","- ",32.726558685302734,-115.50025177001953,IMPERIAL,UNINCORPORATED,-115.50034332275391,32.726558685302734
90811350,2018,2018-09-12,9625,2018-03-20,0600,017432,,2,1,9,1300,0,3,5,,2,040,"KEYSTONE ROAD","AUSTIN ROAD",522.00,W,N,A,-,N,,,,,,,,,,Y,1,2,3,1,A,-,08,22107,,N,F,A,A,A,H,-,D,D,0,,,,,Y,,A,07,0,0,3,0,0,0,0,0,0,"- ","- ",32.912929534912109,-115.59700775146484,IMPERIAL,UNINCORPORATED,-115.59659576416016,32.912689208984375
92100199,2023,2023-06-22,9625,2023-06-17,1453,021107,,6,2,9,1300,0,1,1,,2,003,"INTERSTATE 8 EASTBOUND","JEFFREY ROAD",3274.00,W,N,A,-,Y,,,8,,,,,,E,Y,3,0,2,1,A,-,08,22107,,N,E,I,A,A,H,-,A,D,0,,,,,Y,,A,01,0,1,1,0,0,0,0,0,0,"- ","- ",32.773109436035156,-115.77230834960938,IMPERIAL,UNINCORPORATED,-115.77230834960938,32.773063659667969
90941712,2019,2019-03-07,9625,2019-03-06,1545,018279,,3,2,9,1300,0,1,3,,2,053,"SR-111, S/B","MCCABE ROAD",1200.00,N,N,A,-,Y,,,,,,,,,,Y,4,0,1,2,A,-,03,22350,,N,C,C,A,A,H,-,A,A,0,,,,,Y,,A,01,0,0,1,0,0,0,0,0,0,"- ","- ",32.756259918212891,-115.55085754394531,IMPERIAL,UNINCORPORATED,,
91165498,2020,2020-02-06,9625,2020-01-02,0830,017432,,4,1,9,1300,0,1,3,,1,042,"STATE ROUTE 98","COYOTE #2 ROAD",11616.00,E,N,A,-,Y,,,98,,,,,,,Y,4,0,2,1,A,-,08,22107,,N,E,I,A,A,H,-,A,D,0,,,,,Y,,D,22,0,0,2,0,0,0,0,0,0,"- ","- ",32.671558380126953,-115.84909820556641,IMPERIAL,UNINCORPORATED,-115.84909820556641,32.671531677246094
91301154,2020,2020-09-09,9625,2020-08-29,1934,020738,,6,2,9,1300,0,2,4,,2,046,"DOGWOOD ROAD","HARRIS ROAD",200.00,S,N,A,-,N,,,,,,,,,,Y,4,0,3,4,A,-,01,23152,F,F,C,C,F,A,H,-,B,D,0,Y,,,,Y,,A,01,0,0,3,0,2,0,0,0,0,"- ","- ",32.88336181640625,-115.53559112548828,IMPERIAL,UNINCORPORATED,-115.53550720214844,32.883102416992188
91305728,2020,2020-09-16,9625,2020-09-06,1415,018792,,7,2,9,1300,0,2,4,,2,045,"EVAN HEWES HIGHWAY","LOTUS AVENUE",580.00,W,N,A,-,N,,,,,,,,,,N,4,0,1,2,A,-,05,21651,A,N,B,C,A,A,H,-,A,D,0,,,,,Y,,A,01,0,0,1,0,0,0,0,0,0,"- ","- ",32.796550750732422,-115.58672332763672,IMPERIAL,UNINCORPORATED,-115.586635,32.796557
91420500,2021,2021-03-04,9625,2021-02-24,0520,020111,,3,3,9,1300,0,3,5,,2,040,"CADY ROAD","PELLETT ROAD",0.00,,Y,A,-,N,,,,,,,,,,Y,3,0,1,1,A,-,03,22350,,N,E,I,A,A,H,-,D,D,0,,,,,Y,,A,01,0,1,0,0,0,0,0,0,0,"- ","- ",32.977371215820312,-115.67552185058594,IMPERIAL,UNINCORPORATED,-115.67537689208984,32.977458953857422
91786673,2022,2022-06-07,9625,2022-05-24,1623,018930,,2,2,9,1300,0,3,5,,2,050,"COLE ROAD","PRUETT ROAD",104.00,W,N,A,-,N,,,,,,,,,,N,4,0,1,1,A,-,08,22107,,N,E,I,A,A,H,-,A,D,0,,,,,Y,,A,01,0,0,1,0,0,0,0,0,0,"- ","- ",32.69390869140625,-115.51184844970703,IMPERIAL,UNINCORPORATED,-115.51169586181641,32.6939697265625
8703795,2018,2018-10-05,1304,2018-08-07,1801,335,EWEST,2,5,4,1304,0,0,0,,0,WEST,ROSS,HASKELL,0.00,,Y,A,-,N,,,,,,,,,,Y,4,0,1,2,A,-,09,21802,A,N,D,C,A,A,H,-,A,A,0,,,,,Y,,A,01,0,0,1,0,0,0,0,0,0,"- ","- ",,,IMPERIAL,"EL CENTRO",-115.58786010742188,32.781478881835938
8917242,2019,2019-08-15,1301,2019-04-18,1647,917,BRAWL,4,5,3,1301,0,0,0,,0,,"A ST","7TH ST",0.00,,Y,A,-,N,,,,,,,,,,N,3,0,1,2,A,-,10,21950,A,N,G,G,A,A,H,-,A,A,0,,Y,,,Y,,L,04,0,1,0,0,0,0,1,0,0,"- ","- ",32.984100341796875,-115.53119659423828,IMPERIAL,BRAWLEY,-115.53115081787109,32.984149932861328
8969693,2019,2019-12-06,1304,2019-09-18,1739,361,ELCE,3,5,4,1304,0,0,0,,0,EAST,DOGWOOD,ROSS,8.00,W,N,A,-,N,,,,,,,,,,N,4,0,3,4,A,-,03,22350,,N,C,C,A,A,H,-,A,A,0,,,,,Y,,-,,0,0,3,0,0,0,0,0,0,"- ","- ",32.779628753662109,-115.53530883789062,IMPERIAL,"EL CENTRO",-115.53537750244141,32.781513214111328
9413467,2022,2022-03-10,1304,2022-02-08,1504,358,,2,5,4,1304,0,0,0,,0,,12TH,COMMERCIAL,0.00,,Y,A,-,N,,,,,,,,,,N,3,0,1,2,A,-,10,21950,A,N,G,B,B,A,H,-,A,D,0,Y,,,,Y,,-,,0,1,0,0,1,0,0,0,0,"- ","- ",,,IMPERIAL,"EL CENTRO",-115.56555938720703,32.794864654541016
9443498,2022,2022-05-12,1304,2022-04-18,1637,357,,1,5,4,1304,0,0,0,,0,WEST,8TH,ROSS,0.00,,Y,A,-,N,,,,,,,,,,N,4,0,1,2,A,-,09,21801,A,N,D,C,A,A,H,-,A,A,0,,,,,Y,,A,01,0,0,1,0,0,0,0,0,0,"- ","- ",,,IMPERIAL,"EL CENTRO",-115.56124114990234,32.781501770019531
9587655,2023,2023-06-07,1304,2023-05-17,"223 ",358,,3,5,4,1304,0,0,0,,0,WEST,HOLT,"LA BRUCHERIE",243.00,W,N,A,-,N,,,,,,,,,,Y,3,0,1,2,A,-,01,23152,A,N,F,E,A,A,H,-,C,-,0,,,,,Y,Y,A,01,0,1,0,0,0,0,0,0,0,"- ","- ",,,IMPERIAL,"EL CENTRO",-115.57936859130859,32.787918090820312
91180474,2020,2020-02-05,9625,2020-01-25,0840,017432,,6,1,9,1300,0,2,4,,2,046,"DOGWOOD ROAD","HAWK ROAD",160.00,S,N,A,-,N,,,,,,,,,,Y,4,0,2,1,A,-,03,22350,,N,E,I,A,A,H,-,A,D,0,,,,,Y,,A,01,0,0,2,0,0,0,0,0,0,"- ","- ",32.734428405761719,-115.53463745117188,IMPERIAL,UNINCORPORATED,-115.53450012207031,32.734382629394531
91525810,2021,2021-07-21,9625,2021-07-13,1415,019225,,2,2,9,1300,0,3,5,,2,050,"OLD HIGHWAY 111","KEYSTONE ROAD",5280.00,S,N,A,-,N,,,111,,,,,,,Y,4,0,1,1,A,-,08,22107,,N,F,I,A,A,H,-,A,D,0,,,,,Y,,A,01,0,0,1,0,0,0,0,0,0,"- ","- ",32.897628784179688,-115.50978088378906,IMPERIAL,UNINCORPORATED,-115.50914764404297,32.897632598876953
91616550,2021,2021-11-04,9625,2021-11-01,1625,018468,,1,2,9,1300,0,1,1,,2,006,"INTERSTATE 8 (E/B)","DUNAWAY ROAD",4056.00,E,N,A,-,Y,,,8,,,,,,,Y,3,0,2,1,A,-,08,22107,,N,E,8,A,A,H,-,A,D,0,,,,,Y,,A,01,0,2,0,0,0,0,0,0,0,"- ","- ",32.771278381347656,-115.78765869140625,IMPERIAL,UNINCORPORATED,-115.78767395019531,32.771350860595703
91674987,2022,2022-01-10,9625,2022-01-06,1840,019668,,4,2,9,1300,0,1,1,,2,005,"I-8 EB TO SR-111 NB",I-8,117.00,S,N,A,-,Y,,,8,,,,R,,E,Y,3,0,5,2,A,-,03,22350,,N,C,C,A,A,H,-,C,D,0,,,,,Y,,A,07,0,1,4,0,0,0,0,0,0,"- ","- ",32.773300170898438,-115.50095367431641,IMPERIAL,UNINCORPORATED,-115.50095367431641,32.773300170898438
92150240,2023,2023-08-22,9625,2023-08-13,"926 ",018368,,7,1,9,1300,0,2,4,,2,047,"FORRESTER ROAD","BLAIS ROAD",652.00,N,N,A,-,N,,,,,,,,,,N,3,0,1,1,A,-,01,23152,A,N,E,I,A,A,H,-,A,D,0,,,,,Y,Y,D,22,0,1,0,0,0,0,0,0,0,"- ","- ",32.949859619140625,-115.62203216552734,IMPERIAL,UNINCORPORATED,-115.62217712402344,32.949913024902344
9620423,2023,2023-10-12,1304,2023-09-27,"741 ",391,EPTRL,3,5,4,1304,0,0,0,,0,WEST,AURORA,CYPRESS,0.00,,Y,A,-,N,,,,,,,,,,N,3,0,1,2,A,-,10,21950,A,N,G,B,B,-,H,-,A,A,0,Y,,,,Y,,A,01,0,1,0,0,1,0,0,0,0,"- ","- ",,,IMPERIAL,"EL CENTRO",-115.56478118896484,32.778385162353516
90742050,2018,2018-06-06,9625,2018-05-24,0440,019667,,4,3,9,1300,0,3,5,,2,040,"DREW ROAD","LYONS ROAD",250.00,S,N,A,-,N,,,,,,,,,,Y,4,0,1,1,A,-,03,22350,,N,E,I,A,A,H,-,C,D,0,,,,,Y,,A,01,0,0,1,0,0,0,0,0,0,"- ","- ",32.716110229492188,-115.67910003662109,IMPERIAL,UNINCORPORATED,-115.67893981933594,32.715309143066406
90886125,2018,2019-01-07,9625,2018-12-12,0538,019668,,3,3,9,1300,0,3,5,,2,050,"ROSS ROAD","BASS COVE ROAD",3590.00,W,N,A,-,N,,,,,,,,,,Y,2,0,1,1,A,-,01,23152,A,N,E,I,A,A,H,-,D,D,0,,,,,Y,Y,A,01,1,0,0,0,0,0,0,0,0,"- ","- ",32.781501770019531,-115.52361297607422,IMPERIAL,UNINCORPORATED,-115.52658081054688,32.781501770019531
90963617,2019,2019-04-08,9625,2019-03-31,0750,016248,,7,1,9,1300,0,3,5,,2,040,"DREW ROAD","LYONS ROAD",2239.00,S,N,A,-,N,,,,,,,,,,Y,3,0,1,1,A,-,08,22107,,N,F,A,A,A,H,-,A,D,0,,,,,Y,,A,07,0,1,0,0,0,0,0,0,0,"- ","- ",32.709300994873047,-115.67520141601562,IMPERIAL,UNINCORPORATED,-115.67597198486328,32.710494995117188
90973623,2019,2019-04-23,9620,2019-04-18,1212,016015,,4,1,9,1300,0,2,4,,1,061,"OGILBY RD","RT 78",14520.00,S,N,A,-,N,,,,,,,,,,N,3,0,1,2,A,-,17,23114,A,N,E,J,A,A,H,-,A,D,0,,,Y,,Y,,A,07,0,1,0,0,0,0,0,0,1,"- ","- ",33.073440551757812,-114.91249084472656,IMPERIAL,UNINCORPORATED,-114.91561889648438,33.046195983886719
91103548,2019,2019-10-23,9625,2019-10-13,0418,020516,,7,3,9,1300,0,1,3,,1,011,"S/B SR-86","ALLEN RD.",134.00,N,N,A,-,Y,,,86,,,,,,,Y,2,0,3,1,A,-,08,22107,,N,E,J,A,A,H,-,D,D,0,,,,,Y,,A,07,1,1,1,0,0,0,0,0,0,"- ","- ",33.103511810302734,-115.80077362060547,IMPERIAL,UNINCORPORATED,-115.80078125,33.103473663330078
8542281,2018,2018-02-01,1304,2018-01-02,2259,341,6,2,5,4,1304,0,0,0,,0,,BRIGHTON,5TH,204.00,E,N,A,-,N,,,,,,,,,,Y,4,0,1,4,A,-,01,23152,A,N,C,E,A,A,H,-,C,D,0,,,,,Y,Y,A,01,0,0,1,0,0,0,0,0,0,"- ","- ",,,IMPERIAL,"EL CENTRO",-115.55406188964844,32.789764404296875
8668133,2018,2018-07-31,1304,2018-06-19,1128,325,EWEST,2,5,4,1304,0,0,0,,0,WEST,BRADSHAW,"IMPERIAL AV",244.00,W,N,A,-,N,,,,,,,,,,N,4,0,1,2,A,-,09,21804,A,N,D,C,A,A,H,-,A,A,0,,,,,Y,,A,01,0,0,1,0,0,0,0,0,0,"- ","- ",,,IMPERIAL,"EL CENTRO",-115.57069396972656,32.811065673828125
8787248,2018,2019-02-15,1304,2018-12-13,1913,325,ELCE,4,5,4,1304,0,0,0,,0,EAST,"4TH ST","COUNTRYSIDE DR",66.00,S,N,A,-,Y,IMP,11,86,-,-,5.120,H,-,N,Y,4,0,1,1,A,-,01,23152,A,N,E,I,A,A,H,-,C,A,0,,,,,Y,Y,A,01,0,0,1,0,0,0,0,0,0,"- ","- ",,,IMPERIAL,"EL CENTRO",-115.55198669433594,32.7608642578125
9212341,2020,2021-02-19,1301,2020-11-17,0841,912,,2,5,3,1301,0,0,0,,0,004,MALAN,"STANLEY PL",137.00,E,N,A,-,N,,,,,,,,,,Y,4,0,3,2,A,-,09,21804,A,N,F,C,A,A,H,-,A,D,0,,,,,Y,,-,"- ",0,0,3,0,0,0,0,0,0,"- ","- ",,,IMPERIAL,BRAWLEY,-115.52827453613281,32.970760345458984
9423351,2022,2022-03-29,1304,2022-03-06,2316,363,EPTRL,7,5,4,1304,0,0,0,,0,EAST,"S 4TH ST","S 4TH ST 1900",0.00,,-,A,-,Y,IMP,11,86,-,-,6.200,H,-,S,Y,4,0,1,2,-,-,"- ",,A,N,D,C,A,A,H,-,D,D,0,,,,,Y,Y,-,,0,0,1,0,0,0,0,0,0,"- ","- ",32.776630401611328,-115.5523681640625,IMPERIAL,"EL CENTRO",-115.55232238769531,32.776634216308594
90672846,2018,2018-03-01,9625,2018-02-17,1245,017432,,6,1,9,1300,0,1,1,,2,004,"I-8 (W/B)","IMPERIAL HIGHWAY",14256.00,E,N,A,-,Y,,,8,,,,,,,Y,4,0,2,1,A,-,08,22107,,N,E,J,A,A,H,-,A,D,0,,,,,Y,,A,01,0,0,2,0,0,0,0,0,0,"- ","- ",32.744918823242188,-115.94960784912109,IMPERIAL,UNINCORPORATED,-115.94961547851562,32.744945526123047
91750462,2022,2022-04-18,9625,2022-04-06,"530 ",019582,,3,3,9,1300,0,1,3,,1,054,"SR-111 S/B","KEYSTONE ROAD",65.00,N,N,A,-,Y,,,111,,,,,,S,Y,4,0,1,2,A,-,03,22350,,N,C,C,A,A,H,-,C,A,0,,,,Y,Y,,G,25,0,0,1,0,0,0,0,0,0,"- ","- ",32.913108825683594,-115.50923919677734,IMPERIAL,UNINCORPORATED,-115.50913238525391,32.913108825683594
91804328,2022,2022-06-27,9625,2022-06-21,1714,021107,,2,2,9,1300,0,1,3,,1,022,"STATE ROUTE 111","RANGE ROAD",6494.00,S,N,A,-,Y,,,111,,,,,,,Y,4,0,1,1,A,-,08,22107,,N,F,A,A,A,H,-,A,D,0,,,,,Y,,A,07,0,0,1,0,0,0,0,0,0,"- ","- ",33.358139038085938,-115.75289916992188,IMPERIAL,UNINCORPORATED,-115.75288391113281,33.358192443847656
91935653,2022,2022-12-06,9625,2022-11-23,1203,016248,,3,1,9,1300,0,2,4,,2,057,"COUNTRY CLUB DRIVE","EVAN HEWES HIGHWAY",0.00,,Y,A,-,N,,,,,,,,,,Y,3,0,2,2,A,-,09,21802,A,N,D,C,A,A,H,-,A,A,0,,,,,Y,,A,01,0,1,1,0,0,0,0,0,0,"- ","- ",32.804298400878906,-115.42195892333984,IMPERIAL,UNINCORPORATED,-115.42197418212891,32.804431915283203