CASE_ID,ACCIDENT_YEAR,PROC_DATE,JURIS,COLLISION_DATE,COLLISION_TIME,OFFICER_ID,REPORTING_DISTRICT,DAY_OF_WEEK,CHP_SHIFT,POPULATION,CNTY_CITY_LOC,SPECIAL_COND,BEAT_TYPE,CHP_BEAT_TYPE,CITY_DIVISION_LAPD,CHP_BEAT_CLASS,BEAT_NUMBER,PRIMARY_RD,SECONDARY_RD,DISTANCE,DIRECTION,INTERSECTION,WEATHER_1,WEATHER_2,STATE_HWY_IND,CALTRANS_COUNTY,CALTRANS_DISTRICT,STATE_ROUTE,ROUTE_SUFFIX,POSTMILE_PREFIX,POSTMILE,LOCATION_TYPE,RAMP_INTERSECTION,SIDE_OF_HWY,TOW_AWAY,COLLISION_SEVERITY,NUMBER_KILLED,NUMBER_INJURED,PARTY_COUNT,PRIMARY_COLL_FACTOR,PCF_CODE_OF_VIOL,PCF_VIOL_CATEGORY,PCF_VIOLATION,PCF_VIOL_SUBSECTION,HIT_AND_RUN,TYPE_OF_COLLISION,MVIW,PED_ACTION,ROAD_SURFACE,ROAD_COND_1,ROAD_COND_2,LIGHTING,CONTROL_DEVICE,CHP_ROAD_TYPE,PEDESTRIAN_ACCIDENT,BICYCLE_ACCIDENT,MOTORCYCLE_ACCIDENT,TRUCK_ACCIDENT,NOT_PRIVATE_PROPERTY,ALCOHOL_INVOLVED,STWD_VEHTYPE_AT_FAULT,CHP_VEHTYPE_AT_FAULT,COUNT_SEVERE_INJ,COUNT_VISIBLE_INJ,COUNT_COMPLAINT_PAIN,COUNT_PED_KILLED,COUNT_PED_INJURED,COUNT_BICYCLIST_KILLED,COUNT_BICYCLIST_INJURED,COUNT_MC_KILLED,COUNT_MC_INJURED,PRIMARY_RAMP,SECONDARY_RAMP,LATITUDE,LONGITUDE,COUNTY,CITY,POINT_X,POINT_Y
92270883,2023,2023-12-26,9620,2023-12-22,1140,019291,,5,1,9,1300,0,2,4,,1,072,"WINTERHAVEN DR","I-8 W/B",180.00,N,N,B,C,N,,,,,,,,,,N,4,0,1,2,A,-,09,21801,A,N,D,C,A,B,H,-,A,D,0,,,,,Y,,A,08,0,0,1,0,0,0,0,0,0,"- ","- ",32.732460021972656,-114.62467193603516,IMPERIAL,UNINCORPORATED,-114.62457275390625,32.732192993164062
92271704,2023,2023-12-27,9625,2023-12-19,1837,020516,,2,2,9,1300,0,1,3,,1,012,"SR-86 N/B","BORREGO SALTON SEA WAY",319.00,S,N,B,-,Y,,,86,,,,,,N,Y,4,0,1,2,A,-,03,22350,,N,C,C,A,A,H,-,C,A,0,,,,Y,Y,,A,07,0,0,1,0,0,0,0,0,0,"- ","- ",33.278419494628906,-115.96353149414062,IMPERIAL,UNINCORPORATED,-115.96351623535156,33.278427124023438
90849919,2018,2018-10-31,9625,2018-10-23,0747,016248,,2,1,9,1300,0,2,4,,2,046,"DOGWOOD ROAD",SR-86,331.00,N,N,A,-,N,,,,,,,,,,N,3,0,1,2,A,-,11,21954,A,N,G,B,D,A,H,-,A,D,0,Y,,,,Y,,N,60,0,1,0,0,1,0,0,0,0,"- ","- ",32.731590270996094,-115.53444671630859,IMPERIAL,UNINCORPORATED,-115.53444671630859,32.731590270996094
90884335,2018,2018-12-17,9625,2018-12-05,0925,013627,,3,1,9,1300,0,3,5,,2,050,"BOWKER ROAD","JASPER ROAD",0.00,,Y,B,-,N,,,,,,,,,,Y,4,0,1,2,A,-,05,21752,D,N,D,C,A,A,H,-,A,D,0,,,,,Y,,D,22,0,0,1,0,0,0,0,0,0,"- ","- ",32.708530426025391,-115.46499633789062,IMPERIAL,UNINCORPORATED,-115.46510314941406,32.708560943603516
91251922,2020,2020-06-15,9625,2020-06-07,0525,019667,,7,3,9,1300,0,2,4,,2,057,"EVAN HEWES HIGHWAY E/B","JAMES ROAD",255.00,E,N,A,-,N,,,,,,,,,,Y,3,0,1,1,A,-,08,22107,,N,F,A,A,A,H,-,A,D,0,,,,,Y,,D,22,0,1,0,0,0,0,0,0,0,"- ","- ",32.80303955078125,-115.46256256103516,IMPERIAL,UNINCORPORATED,-115.46453857421875,32.803359985351562
91431842,2021,2021-03-22,9625,2021-03-14,0505,020738,,7,3,9,1300,0,3,5,,2,020,"KERSHAW ROAD","YOCUM ROAD",0.00,,Y,A,-,N,,,,,,,,,,Y,3,0,1,1,A,-,03,22350,,N,E,I,A,A,H,-,D,D,0,,,,,Y,,A,01,0,1,0,0,0,0,0,0,0,"- ","- ",33.111209869384766,-115.56191253662109,IMPERIAL,UNINCORPORATED,-115.50849914550781,33.111198425292969
91574357,2021,2021-09-20,9625,2021-09-13,0517,021107,,1,3,9,1300,0,1,3,,1,054,"STATE ROUTE 111 N/B","WORTHINGTON ROAD",1720.00,S,N,A,-,Y,,,111,,,,,,N,Y,4,0,1,3,A,-,03,22350,,N,C,C,A,A,H,-,C,D,0,,,,,Y,,A,01,0,0,1,0,0,0,0,0,0,"- ","- ",32.842891693115234,-115.50492095947266,IMPERIAL,UNINCORPORATED,-115.50503540039062,32.842819213867188
91718202,2021,2022-03-08,9625,2021-09-12,0233,020738,,7,3,9,1300,0,1,1,,2,006,"I-8 W/B","SR-111 N/B",1795.00,E,N,A,-,Y,,,8,,,,,,W,Y,1,1,1,2,A,-,01,23152,A,N,C,C,A,A,H,-,C,D,0,,,,,Y,Y,D,22,0,1,0,0,0,0,0,0,0,"- ","- ",32.773918151855469,-115.49514770507812,IMPERIAL,UNINCORPORATED,-115.49514770507812,32.773899078369141
90737158,2018,2018-05-30,9625,2018-05-25,1640,019668,,5,2,9,1300,0,2,4,,2,046,"DOGWOOD ROAD","RALPH ROAD",276.00,N,N,A,-,N,,,,,,,,,,Y,3,0,1,1,A,-,08,22107,,N,F,A,A,A,H,-,A,D,0,,,,,Y,,A,01,0,1,0,0,0,0,0,0,0,"- ","- ",32.869499206542969,-115.53545379638672,IMPERIAL,UNINCORPORATED,-115.53556823730469,32.869903564453125
90953991,2019,2019-03-26,9625,2019-03-16,0640,013627,,6,1,9,1300,0,1,3,,2,053,"STATE ROUTE 111 (N/B)","CHICK ROAD",101.00,N,N,A,-,Y,,,111,,,,,,,Y,4,0,1,1,A,-,01,23152,F,N,E,I,A,A,H,-,C,D,0,,,,,Y,,A,01,0,0,1,0,0,0,0,0,0,"- ","- ",32.768081665039062,-115.50076293945312,IMPERIAL,UNINCORPORATED,-115.50099945068359,32.768070220947266
91253683,2020,2020-06-18,9625,2020-06-14,0643,020054,,7,1,9,1300,0,1,3,,1,042,SR-98,"MOLITAR ROAD",10771.00,E,N,A,-,Y,,,98,,,,,,,Y,3,0,1,1,A,-,08,22107,,N,F,A,A,A,H,-,A,D,0,,,,,Y,Y,A,01,0,1,0,0,0,0,0,0,0,"- ","- ",32.705390930175781,-115.93427276611328,IMPERIAL,UNINCORPORATED,-115.93430328369141,32.705360412597656
91357196,2020,2020-12-02,9625,2020-11-22,1100,016248,,7,1,9,1300,0,3,5,,2,020,"ROSENBALM ROAD","NOFFSINGER ROAD",33.00,S,N,A,-,N,,,,,,,,,,Y,4,0,1,1,A,-,03,22350,,N,F,A,A,A,H,-,A,D,0,,,,,Y,,A,07,0,0,1,0,0,0,0,0,0,"- ","- ",33.234481811523438,-115.50186157226562,IMPERIAL,UNINCORPORATED,,
91467033,2021,2021-05-06,9625,2021-02-27,1107,016248,,6,1,9,1300,0,1,1,,2,004,"I-8 W/B","DUNAWAY ROAD",10296.00,W,N,A,-,Y,,,8,,,,,,W,Y,1,1,0,2,A,-,03,22350,,N,C,C,A,A,H,-,A,D,0,,,Y,,Y,,C,02,0,0,0,0,0,0,0,1,0,"- ","- ",32.762340545654297,-115.83368682861328,IMPERIAL,UNINCORPORATED,-115.83369445800781,32.762367248535156
91506957,2021,2021-06-25,9625,2021-06-15,2104,018978,,2,2,9,1300,0,1,3,,1,012,"STATE ROUTE 86 (SOUTHBOUND","STATE ROUTE 78",1.23,N,N,A,-,Y,,,86,,,,,,,Y,2,0,1,1,A,-,08,22107,,N,F,I,A,A,H,-,D,D,0,,,,Y,Y,,G,27,1,0,0,0,0,0,0,0,0,"- ","- ",33.142829895019531,-115.86203765869141,IMPERIAL,UNINCORPORATED,-115.86241912841797,33.142673492431641
92254374,2023,2023-12-06,9625,2023-11-27,"900 ",018773,,1,1,9,1300,0,1,3,,2,024,SR-78,"TED KIPF ROAD",5.00,E,N,A,-,Y,,,78,,,,,,,N,4,0,1,2,A,-,09,21804,A,N,B,C,A,A,H,-,A,D,0,,,,,Y,,E,23,0,0,1,0,0,0,0,0,0,"- ","- ",32.997421264648438,-115.07125854492188,IMPERIAL,UNINCORPORATED,-115.07129669189453,32.997467041015625
91532118,2021,2021-07-29,9625,2021-07-18,0326,021107,,7,3,9,1300,0,3,5,,2,040,"FORRESTER ROAD","EVAN HEWES HIGHWAY",325.00,S,N,A,-,N,,,,,,,,,,Y,3,0,1,1,A,-,01,23152,A,N,F,A,A,A,H,-,C,D,0,,,,,Y,Y,A,01,0,1,0,0,0,0,0,0,0,"- ","- ",32.795558929443359,-115.62058258056641,IMPERIAL,UNINCORPORATED,-115.62068176269531,32.795677185058594
91865728,2022,2022-09-15,9625,2022-09-04,1825,018792,,7,2,9,1300,0,3,5,,2,020,"INTERNATIONAL BLVD","FERN ST",207.00,S,N,A,-,N,,,,,,,,,,N,3,0,1,2,A,-,03,22350,,F,G,B,E,A,H,-,A,D,0,Y,,,,Y,,A,01,0,1,0,0,1,0,0,0,0,"- ","- ",33.118511199951172,-115.51909637451172,IMPERIAL,UNINCORPORATED,-115.51908874511719,33.118690490722656
91930720,2022,2022-11-30,9625,2022-11-16,"754 ",017075,,3,1,9,1300,0,2,4,,2,046,"DOGWOOD ROAD","ATEN ROAD",780.00,N,N,A,-,N,,,,,,,,,,Y,4,0,1,2,A,-,03,22350,,N,C,C,A,A,H,-,A,D,0,,,,,Y,,A,01,0,0,1,0,0,0,0,0,0,"- ","- ",32.827671051025391,-115.53572082519531,IMPERIAL,UNINCORPORATED,-115.53571319580078,32.827560424804688
92052038,2023,2023-04-24,9620,2023-04-16,1546,019291,,7,2,9,1300,0,1,1,,2,081,"I-8 W/B","E OF SR-98",3168.00,E,N,A,-,Y,,,8,,,,,,W,N,2,0,1,1,A,-,08,22107,,N,F,A,A,A,H,-,A,D,0,,,,,Y,,D,22,1,0,0,0,0,0,0,0,0,"- ","- ",32.708259582519531,-115.08154296875,IMPERIAL,UNINCORPORATED,-115.08150482177734,32.70843505859375
92053187,2023,2023-04-25,9625,2023-04-14,1800,018368,,5,2,9,1300,0,3,5,,2,020,"4TH STREET","AVENUE D",80.00,W,N,A,-,N,,,,,,,,,,N,3,0,1,2,A,-,03,22350,,F,G,B,E,A,H,-,B,D,0,Y,,,,Y,Y,A,01,0,1,0,0,1,0,0,0,0,"- ","- ",33.350669860839844,-115.73100280761719,IMPERIAL,UNINCORPORATED,-115.73095703125,33.350681304931641
92082373,2023,2023-05-31,9625,2023-05-20,1820,018930,,6,2,9,1300,0,1,1,,2,005,"INTERSTATE 8 (E/B)","BARBARA WORTH ROAD",863.00,W,N,A,-,Y,,,8,,,,,,,Y,4,0,1,2,A,-,03,22350,,M,C,C,A,A,H,-,A,D,0,,,,,Y,,A,07,0,0,1,0,0,0,0,0,0,"- ","- ",32.773361206054688,-115.43372344970703,IMPERIAL,UNINCORPORATED,-115.43372344970703,32.773342132568359
8589383,2018,2018-04-06,1304,2018-02-13,0754,337,EWES,2,5,4,1304,0,0,0,,0,WEST,AURORA,8TH,0.00,,Y,A,-,N,,,,,,,,,,N,2,0,1,2,A,-,10,21950,A,N,G,B,B,A,H,-,A,D,0,Y,,,,Y,Y,A,01,1,0,0,0,1,0,0,0,0,"- ","- ",32.778400421142578,-115.56109619140625,IMPERIAL,"EL CENTRO",-115.56118011474609,32.778419494628906
9555232,2023,2023-04-24,1304,2023-03-07,"828 ",E0187,EAST,2,5,4,1304,0,0,0,,0,EAST,4TH,ORANGE,150.00,S,N,A,-,Y,IMP,11,86,-,-,6.990,H,-,N,Y,3,0,1,2,A,-,03,22350,,N,C,C,A,A,H,-,B,A,0,,,,,Y,,A,01,0,1,0,0,0,0,0,0,0,"- ","- ",32.787979125976562,-115.55246734619141,IMPERIAL,"EL CENTRO",-115.55252838134766,32.7882080078125
9650233,2023,2024-01-16,1304,2023-11-20,1042,391,EPTRL,1,5,4,1304,0,0,0,,0,WEST,"LA BRUCHLERIE",ADAMS,213.00,S,N,A,-,N,,,,,,,,,,N,3,0,1,3,A,-,03,22350,,N,C,C,A,A,H,-,A,A,0,,,,Y,Y,,A,01,0,1,0,0,0,0,0,0,0,"- ","- ",,,IMPERIAL,"EL CENTRO",-115.57871246337891,32.795967102050781
90685010,2018,2018-03-19,9625,2018-03-13,1305,017432,,2,1,9,1300,0,2,4,,2,046,"DOGWOOD ROAD","FAWCETT ROAD",24.00,N,N,A,-,N,,,,,,,,,,N,4,0,1,2,A,-,05,21752,D,N,H,G,A,A,H,-,A,D,0,,Y,,,Y,,A,08,0,0,1,0,0,0,1,0,0,"- ","- ",32.724510192871094,-115.53341674804688,IMPERIAL,UNINCORPORATED,-115.53433990478516,32.723415374755859
90899931,2018,2019-01-08,9625,2018-12-28,1023,018464,,5,1,9,1300,0,1,1,,2,001,"I-8 (E/B)",SR-98,8976.00,W,N,A,-,Y,,,8,,,,,,,Y,4,0,1,1,A,-,08,22107,,N,E,J,A,A,H,-,A,D,0,,,,,Y,,D,22,0,0,1,0,0,0,0,0,0,"- ","- ",32.719680786132812,-116.04795074462891,IMPERIAL,UNINCORPORATED,-116.04792785644531,32.719654083251953
91012738,2019,2019-06-18,9625,2019-06-06,0730,017727,,4,1,2,1306,0,1,3,,1,022,SR-111,"DAVIS ROAD",465.00,N,N,A,-,Y,,,,,,,,,,Y,3,0,1,1,A,-,08,22107,,N,B,I,A,A,H,-,A,D,0,,,,Y,Y,,G,26,0,1,0,0,0,0,0,0,0,"- ","- ",33.286201477050781,-115.57980346679688,IMPERIAL,IMPERIAL,-115.57981109619141,33.286285400390625
92149801,2023,2023-08-22,9620,2023-07-06,2500,019333,QUECH,4,4,9,1300,0,1,1,,2,082,"INTERSTATE 8 EASTBOUND","WINTERHAVEN DRIVE",8448.00,W,N,A,-,Y,,,8,,,,,,E,Y,1,1,0,1,A,-,08,22107,,N,E,I,A,A,H,-,B,D,0,,,,,Y,,D,22,0,0,0,0,0,0,0,0,0,"- ","- ",32.740131378173828,-114.67749786376953,IMPERIAL,UNINCORPORATED,-114.67749786376953,32.740146636962891
92194232,2023,2023-10-09,9625,2023-10-02,"940 ",017727,,1,1,9,1300,0,1,1,,2,004,"I-8 WESTBOUND TO 4TH ST NORTHBOUND","4TH ST",15.00,E,N,A,-,Y,,,,,,,,,,N,4,0,1,2,A,-,03,22350,,N,C,C,A,A,H,-,A,A,0,,,,,Y,,A,01,0,0,1,0,0,0,0,0,0,"- ","- ",32.77423095703125,-115.55197143554688,IMPERIAL,UNINCORPORATED,-115.54885101318359,32.773868560791016
91086785,2019,2019-09-30,9625,2019-09-22,1656,018279,,7,2,9,1300,0,1,3,,1,021,SR-111,"POUND RD",50.00,S,N,A,-,Y,,,111,,,,,,,Y,4,0,7,2,A,-,03,22350,,N,C,C,A,A,H,-,A,D,0,,,,,Y,,A,07,0,0,7,0,0,0,0,0,0,"- ","- ",33.220050811767578,-115.51898956298828,IMPERIAL,UNINCORPORATED,-115.51904296875,33.220050811767578
91616505,2021,2021-11-04,9625,2021-10-26,1045,017727,,2,1,9,1300,0,1,1,,2,006,"I-8 W/B","BOWKER ROAD",1140.00,E,N,A,-,Y,,,8,,,,,,W,Y,4,0,1,2,A,-,03,22350,,N,B,C,A,A,H,-,A,D,0,,,,,Y,,A,01,0,0,1,0,0,0,0,0,0,"- ","- ",32.773700714111328,-115.47039794921875,IMPERIAL,UNINCORPORATED,-115.47039794921875,32.773731231689453
91841452,2022,2022-08-16,9625,2022-08-02,"930 ",018930,,2,1,9,1300,0,1,1,,2,004,"INTERSTATE 8 (W/B)","IMPERIAL HIGHWAY",3274.00,E,N,A,-,Y,,,8,,,,,,,Y,2,0,1,1,A,-,08,22107,,N,E,I,A,A,H,-,A,D,0,,,,,Y,,A,07,1,0,0,0,0,0,0,0,0,"- ","- ",32.736541748046875,-115.98531341552734,IMPERIAL,UNINCORPORATED,-115.98529815673828,32.736484527587891
91932495,2022,2022-12-02,9625,2022-11-20,"145 ",020996,,7,3,9,1300,0,1,3,,2,043,SR-86,"DUFF ROAD",273.00,N,N,A,-,N,,,86,,,,,,,N,3,0,1,2,A,-,11,21956,A,N,G,B,E,A,H,-,D,D,0,Y,,,,Y,,N,60,0,1,0,0,1,0,0,0,0,"- ","- ",32.759761810302734,-115.55203247070312,IMPERIAL,UNINCORPORATED,-115.55197906494141,32.759761810302734
91995497,2023,2023-02-15,9625,2023-02-03,1455,022010,,5,2,9,1300,0,3,5,,2,050,"BOWKER ROAD","MCCABE ROAD",0.00,,Y,A,-,N,,,,,,,,,,Y,3,0,2,2,A,-,09,21802,A,N,D,2,A,A,H,-,A,A,0,,,,,Y,,A,07,0,2,0,0,0,0,0,0,0,"- ","- ",32.752101898193359,-115.46504974365234,IMPERIAL,UNINCORPORATED,-115.46501922607422,32.752105712890625
92066822,2023,2023-05-11,9625,2023-05-06,1458,018930,,6,2,9,1300,0,1,1,,2,005,"INTERSTATE 8 (E/B) TO SR-111 (S/B)","INTERSTATE 8",153.00,S,N,A,-,Y,,,8,,,,R,,,Y,4,0,1,1,A,-,03,22350,,N,F,A,A,A,H,-,A,D,0,,,,,Y,,A,01,0,0,1,0,0,0,0,0,0,"- ","- ",32.773139953613281,-115.50299072265625,IMPERIAL,UNINCORPORATED,-115.50299072265625,32.773139953613281
8676933,2018,2018-10-24,1301,2018-07-21,0339,917,BRAW,6,5,3,1301,0,0,0,,0,0B2,"RT 86",MALAN,0.00,,Y,A,-,Y,IMP,11,86,-,-,20.068,I,5,N,Y,4,0,2,2,D,-,00,,,N,D,C,A,A,H,-,C,A,0,,,,,Y,,-,"- ",0,0,2,0,0,0,0,0,0,"- ","- ",,,IMPERIAL,BRAWLEY,-115.54371643066406,32.971279144287109
9192270,2020,2021-01-07,1304,2020-11-13,1734,346,ESCO,5,5,4,1304,0,0,0,,0,WEST,ADAMS,"7TH ST",0.00,,Y,A,-,Y,IMP,11,86,-,L,7.896,I,5,N,N,3,0,2,2,A,-,09,21802,A,N,D,C,A,A,H,-,A,D,0,,,,,Y,,-,,0,2,0,0,0,0,0,0,0,"- ","- ",32.796630859375,-115.56571197509766,IMPERIAL,"EL CENTRO",-115.55927276611328,32.796554565429688
9240437,2021,2021-04-27,1301,2021-01-25,1117,903,BRAWL,1,5,3,1301,0,0,0,,0,004,"RT 111","RT 78",0.00,,Y,A,G,Y,IMP,11,78,-,-,15.499,I,5,W,Y,4,0,1,2,A,-,12,21453,,N,D,C,A,A,-,-,A,A,0,,,,Y,Y,,G,25,0,0,1,0,0,0,0,0,0,"- ","- ",,,IMPERIAL,BRAWLEY,-115.5013427734375,32.978641510009766
90668548,2018,2018-02-23,9625,2018-02-09,1729,019035,,5,2,9,1300,0,3,5,,2,050,"OLD HIGHWAY 111","ATEN ROAD",2523.00,N,N,A,-,Y,,,,,,,,,,Y,4,0,3,2,A,-,08,22107,,N,A,C,A,A,H,-,B,D,0,,,,,Y,,D,22,0,0,3,0,0,0,0,0,0,"- ","- ",32.832698822021484,-115.50119781494141,IMPERIAL,UNINCORPORATED,-115.50125122070312,32.832664489746094
90915935,2019,2019-01-30,9620,2019-01-25,0901,019582,,5,1,9,1300,0,2,4,,1,061,"OGILBY RD","HYDUKE MINE RD.",1584.00,S,N,A,-,N,,,,,,,,,,Y,4,0,1,1,A,-,03,22350,,N,F,A,A,A,H,-,A,D,0,,,,,Y,,D,22,0,0,1,0,0,0,0,0,0,"- ","- ",32.928260803222656,-114.84249877929688,IMPERIAL,UNINCORPORATED,-114.84255981445312,32.92822265625
91141516,2019,2019-12-11,9625,2019-12-06,1018,018464,,5,1,9,1300,0,2,4,,2,045,"EVAN HEWES HIGHWAY","HOLT AVENUE",500.00,E,N,A,-,N,,,,,,,,,,Y,4,0,2,1,A,-,08,22107,,N,F,A,A,A,H,-,A,D,0,,,,,Y,,A,01,0,0,2,0,0,0,0,0,0,"- ","- ",32.792869567871094,-115.68569183349609,IMPERIAL,UNINCORPORATED,-115.68454742431641,32.793388366699219
91871004,2022,2022-09-22,9625,2022-09-14,"55  ",020125,,3,3,9,1300,0,1,3,,2,052,SR-98,SR-7,0.00,,Y,A,-,Y,,,98,,,,,,,Y,2,0,2,2,A,-,12,21453,A,F,D,C,A,A,H,-,C,A,0,,,,Y,Y,,A,01,2,0,0,0,0,0,0,0,0,"- ","- ",32.693759918212891,-115.37883758544922,IMPERIAL,UNINCORPORATED,-115.37883758544922,32.693782806396484
91184565,2020,2020-02-11,9625,2020-02-01,0753,020516,,6,1,9,1300,0,3,5,,2,050,"HEBER ROAD","MELOLAND ROAD",860.00,E,N,A,-,N,,,,,,,,,,N,3,0,1,1,A,-,08,22107,,N,E,I,A,A,H,-,A,D,0,,,Y,,Y,,C,02,0,1,0,0,0,0,0,0,1,"- ","- ",32.730258941650391,-115.44503021240234,IMPERIAL,UNINCORPORATED,-115.445036,32.730268000000002
91243876,2020,2020-05-28,9620,2020-05-19,0608,019953,,2,1,9,1300,0,2,4,,1,075,"S24 (ROSS ROAD)","PEREZ ROAD",0.00,,Y,A,-,N,,,,,,,,,,Y,2,0,6,2,A,-,01,23152,A,N,C,C,A,A,H,-,B,D,0,,,,,Y,Y,A,07,2,1,3,0,0,0,0,0,0,"- ","- ",32.78173828125,-114.59049224853516,IMPERIAL,UNINCORPORATED,-114.59051599999999,32.781739000000002
91286592,2020,2020-08-14,9625,2020-08-13,0008,022010,,4,3,9,1300,0,1,3,,2,053,"SR-111 S/B","HEBER ROAD",200.00,S,N,A,-,Y,,,111,,,,,,S,Y,4,0,3,2,A,-,03,22350,,N,C,C,A,A,H,-,C,D,0,,,,,Y,,A,01,0,0,3,0,0,0,0,0,0,"- ","- ",32.729240417480469,-115.50045776367188,IMPERIAL,UNINCORPORATED,-115.50038909912109,32.729240417480469
91428999,2021,2021-03-17,9625,2021-03-05,2151,020738,,5,2,9,1300,0,1,3,,2,013,SR-78,"COUNTY LINE ROAD",2295.00,E,N,A,-,Y,,,78,,,,,,,Y,2,0,3,2,A,-,08,22107,,N,D,C,A,A,H,-,D,D,0,,,,,Y,Y,D,22,1,1,1,0,0,0,0,0,0,"- ","- ",33.130268096923828,-116.07376098632812,IMPERIAL,UNINCORPORATED,-116.07376861572266,33.130245208740234
91473551,2021,2021-05-14,9625,2021-05-07,1151,018468,,5,1,9,1300,0,2,4,,2,046,"DOGWOOD ROAD","HARRIS ROAD",0.00,,Y,A,-,N,,,,,,,,,,Y,3,0,1,2,A,-,05,21752,D,N,B,C,A,A,H,-,A,D,0,,,,,Y,,A,01,0,1,0,0,0,0,0,0,0,"- ","- ",32.883659362792969,-115.53558349609375,IMPERIAL,UNINCORPORATED,-115.53549957275391,32.883651733398438
91536140,2021,2021-08-03,9625,2021-07-28,0918,018468,,3,1,9,1300,0,1,3,,2,053,"STATE ROUTE 111 (S/B)","STATE ROUTE 86",0.00,,Y,A,-,Y,,,111,,,,,,,N,3,0,2,2,A,-,12,21453,A,N,D,C,A,A,H,-,A,A,0,,,,,Y,,A,01,0,2,0,0,0,0,0,0,0,"- ","- ",32.730670928955078,-115.50054931640625,IMPERIAL,UNINCORPORATED,-115.50040435791016,32.730670928955078
8801503,2019,2019-03-04,1304,2019-02-08,1402,326,EWES,5,5,4,1304,0,0,0,,0,WEST,AURORA,11TH,0.00,,Y,A,-,N,,,,,,,,,,Y,4,0,1,2,A,-,09,21804,A,N,B,C,A,A,H,-,A,D,0,,,,,Y,,A,01,0,0,1,0,0,0,0,0,0,"- ","- ",,,IMPERIAL,"EL CENTRO",-115.56363677978516,32.778400421142578
9081394,2020,2020-06-23,1304,2020-03-14,1155,341,EEAST,6,5,4,1304,0,0,0,,0,EAST,WAKE,"THOMAS DR",77.00,E,N,A,-,N,,,,,,,,,,N,4,0,1,1,A,-,08,22107,,N,E,I,A,A,H,-,A,D,0,,,Y,,Y,,C,02,0,0,1,0,0,0,0,0,1,"- ","- ",,,IMPERIAL,"EL CENTRO",-115.55744171142578,32.771003723144531
9548643,2022,2023-02-13,1304,2022-12-21,1454,358,,3,5,4,1304,0,0,0,,0,WEST,"LA BRUCHERIE",EUCLID,0.00,,Y,A,-,N,,,,,,,,,,Y,4,0,2,2,A,-,09,21802,A,N,D,C,A,A,H,-,A,A,0,,,,,Y,,A,01,0,0,2,0,0,0,0,0,0,"- ","- ",,,IMPERIAL,"EL CENTRO",-115.57868194580078,32.798374176025391
9595335,2023,2023-07-18,1304,2023-05-11,2128,357,,4,5,4,1304,0,0,0,,0,EEAST,4TH,WAKE,50.00,N,N,A,-,N,,,86,,,,,,,N,3,0,1,2,A,-,15,21235,A,F,D,C,A,A,H,-,C,D,0,,,Y,,Y,,C,03,0,1,0,0,0,0,0,0,0,"- ","- ",32.772041320800781,-115.55204772949219,IMPERIAL,"EL CENTRO",-115.55224609375,32.772041320800781
9642488,2023,2023-12-21,1304,2023-10-05,1909,331,EPTRL,4,5,4,1304,0,0,0,,0,WEST,"LA BRUCHERIE",ORANGE,0.00,,Y,A,-,N,,,,,,,,,,N,2,0,1,2,A,-,10,21954,B,N,G,B,B,A,H,-,C,-,0,Y,,,,Y,,-,,1,0,0,0,1,0,0,0,0,"- ","- ",,,IMPERIAL,"EL CENTRO",-115.57858276367188,32.788772583007812
90690188,2018,2018-03-26,9625,2018-03-19,0955,017727,,1,1,9,1300,0,1,3,,1,054,"SR-111 (S/B)","SCHARTZ ROAD",0.00,,Y,A,-,Y,,,111,,,,,,,N,3,0,1,2,A,-,17,23114,A,N,E,J,A,A,H,-,A,D,0,,,,,Y,,E,22,0,1,0,0,0,0,0,0,0,"- ","- ",32.941699981689453,-115.50920104980469,IMPERIAL,UNINCORPORATED,-115.50911712646484,32.941696166992188
92035544,2023,2023-04-03,9620,2023-03-28,1139,018028,,2,1,9,1300,0,1,1,,2,081,"I-8 W/B","GORDONS WELL RD",3168.00,W,N,A,-,Y,,,8,,,,,,W,Y,3,0,1,2,A,-,03,22350,,N,C,C,A,A,H,-,A,D,0,,,,,Y,,A,01,0,1,0,0,0,0,0,0,0,"- ","- ",32.708629608154297,-114.96707916259766,IMPERIAL,UNINCORPORATED,-114.96707916259766,32.708591461181641
90974548,2019,2019-04-24,9625,2019-04-10,0700,017727,,3,1,9,1300,0,3,5,,2,020,"KERSHAW ROAD","RUTHERFORD ROAD",8976.00,N,N,A,-,N,,,,,,,,,,Y,3,0,1,1,A,-,03,22350,,N,F,A,A,A,H,-,A,D,0,,,,,Y,,A,01,0,1,0,0,0,0,0,0,0,"- ","- ",33.070499420166016,-115.50710296630859,IMPERIAL,UNINCORPORATED,-115.50899505615234,33.068477630615234
91109517,2019,2019-10-30,9625,2019-10-19,0500,019225,,6,3,9,1300,0,2,4,,2,057,"EVAN HEWES HIGHWAY","BELL ROAD",960.00,E,N,A,-,N,,,,,,,,,,Y,4,0,1,1,A,-,01,23152,A,N,E,I,A,A,H,-,D,D,0,,,,,Y,Y,A,01,0,0,1,0,0,0,0,0,0,"- ","- ",32.803359985351562,-115.43602752685547,IMPERIAL,UNINCORPORATED,-115.43609619140625,32.803363800048828