CASE_ID,ACCIDENT_YEAR,PROC_DATE,JURIS,COLLISION_DATE,COLLISION_TIME,OFFICER_ID,REPORTING_DISTRICT,DAY_OF_WEEK,CHP_SHIFT,POPULATION,CNTY_CITY_LOC,SPECIAL_COND,BEAT_TYPE,CHP_BEAT_TYPE,CITY_DIVISION_LAPD,CHP_BEAT_CLASS,BEAT_NUMBER,PRIMARY_RD,SECONDARY_RD,DISTANCE,DIRECTION,INTERSECTION,WEATHER_1,WEATHER_2,STATE_HWY_IND,CALTRANS_COUNTY,CALTRANS_DISTRICT,STATE_ROUTE,ROUTE_SUFFIX,POSTMILE_PREFIX,POSTMILE,LOCATION_TYPE,RAMP_INTERSECTION,SIDE_OF_HWY,TOW_AWAY,COLLISION_SEVERITY,NUMBER_KILLED,NUMBER_INJURED,PARTY_COUNT,PRIMARY_COLL_FACTOR,PCF_CODE_OF_VIOL,PCF_VIOL_CATEGORY,PCF_VIOLATION,PCF_VIOL_SUBSECTION,HIT_AND_RUN,TYPE_OF_COLLISION,MVIW,PED_ACTION,ROAD_SURFACE,ROAD_COND_1,ROAD_COND_2,LIGHTING,CONTROL_DEVICE,CHP_ROAD_TYPE,PEDESTRIAN_ACCIDENT,BICYCLE_ACCIDENT,MOTORCYCLE_ACCIDENT,TRUCK_ACCIDENT,NOT_PRIVATE_PROPERTY,ALCOHOL_INVOLVED,STWD_VEHTYPE_AT_FAULT,CHP_VEHTYPE_AT_FAULT,COUNT_SEVERE_INJ,COUNT_VISIBLE_INJ,COUNT_COMPLAINT_PAIN,COUNT_PED_KILLED,COUNT_PED_INJURED,COUNT_BICYCLIST_KILLED,COUNT_BICYCLIST_INJURED,COUNT_MC_KILLED,COUNT_MC_INJURED,PRIMARY_RAMP,SECONDARY_RAMP,LATITUDE,LONGITUDE,COUNTY,CITY,POINT_X,POINT_Y
91213667,2020,2020-03-23,9625,2020-03-17,0640,016248,,2,1,9,1300,0,2,4,,2,057,"EVAN HEWES HIGHWAY E/B","MCCONNELL ROAD",112.00,W,N,B,-,N,,,,,,,,,,N,4,0,3,2,A,-,03,22350,,N,C,C,A,A,H,-,A,D,0,,,,,Y,,A,07,0,0,3,0,0,0,0,0,0,"- ","- ",32.803108215332031,-115.48442077636719,IMPERIAL,UNINCORPORATED,-115.48435974121094,32.803314208984375
91449253,2021,2021-04-13,9625,2021-04-04,0315,019667,,7,3,9,1300,0,1,3,,1,054,"SR-111 N/B","MEAD ROAD",150.00,S,N,A,-,Y,,,111,,,,,,N,Y,3,0,2,1,A,-,08,22107,,N,E,I,A,A,H,-,D,D,0,,,,,Y,Y,A,01,0,1,1,0,0,0,0,0,0,"- ","- ",32.955169677734375,-115.50901031494141,IMPERIAL,UNINCORPORATED,-115.50909423828125,32.955173492431641
91674732,2022,2022-01-10,9625,2022-01-06,1820,019667,,4,2,9,1300,0,1,1,,2,002,"INTERSTATE 8 W/B","IN KO PAH PARK ROAD",3000.00,W,N,A,-,Y,,,8,,,,,,W,Y,4,0,1,2,A,-,03,22350,,N,C,C,A,A,H,-,D,D,0,,,,,Y,,D,22,0,0,1,0,0,0,0,0,0,"- ","- ",32.648788452148438,-116.10347747802734,IMPERIAL,UNINCORPORATED,-116.10350799560547,32.648811340332031
91975665,2023,2023-01-24,9625,2023-01-12,2110,019225,,4,2,9,1300,0,1,3,,2,053,SR-86,SR-111,0.00,,Y,A,-,Y,,,86,,,,,,,Y,4,0,1,2,A,-,09,21801,A,N,A,C,A,A,H,-,C,A,0,,,,,Y,,A,01,0,0,1,0,0,0,0,0,0,"- ","- ",32.730709075927734,-115.50038909912109,IMPERIAL,UNINCORPORATED,-115.50040435791016,32.730690002441406
8921359,2018,2019-09-10,1302,2018-12-17,1055,561,1302,1,5,4,1302,0,0,0,,0,CX2,"HAROLD AV","RT 98 FROM MCKINLEY ST",0.00,,N,A,-,N,,,,,,,,,,Y,4,0,1,2,A,-,12,22450,,N,D,C,A,A,H,-,A,A,0,,,,,Y,,A,01,0,0,1,0,0,0,0,0,0,"- ",FR,,,IMPERIAL,CALEXICO,-115.50114000000001,32.679110000000001
8922342,2019,2019-08-30,1302,2019-05-10,1454,562,1302,5,5,4,1302,0,0,0,,0,001,"W 2ND ST","E GRAND PLAZA WY",816.00,E,N,A,-,N,,,,,,,,,,N,4,0,1,2,A,-,08,22100,B,N,B,C,A,A,H,-,A,A,0,,,,,Y,,A,01,0,0,1,0,0,0,0,0,0,"- ","- ",,,IMPERIAL,CALEXICO,-115.50452423095703,32.665821075439453
8926199,2019,2019-09-04,1304,2019-07-23,1037,331,EWEST,2,5,4,1304,0,0,0,,0,WEST,IMPERIAL,AURORA,0.00,,Y,A,-,N,,,,,,,,,,N,3,0,1,2,A,-,11,21950,B,N,B,B,D,A,H,-,A,A,0,Y,,,,Y,,N,60,0,1,0,0,1,0,0,0,0,"- ","- ",,,IMPERIAL,"EL CENTRO",-115.56967163085938,32.77838134765625
9043736,2019,2020-02-26,1304,2019-12-03,1800,E0029,,2,5,4,1304,0,0,0,,0,00W,"LA BRUCHERIE",CRUICKSHANK,0.00,,Y,A,-,N,,,,,,,,,,Y,3,0,1,2,A,-,08,22107,,N,H,G,A,A,H,-,D,A,0,,Y,,,Y,,L,04,0,1,0,0,0,0,1,0,0,"- ","- ",,,IMPERIAL,"EL CENTRO",-115.57868194580078,32.814739227294922
9057340,2020,2020-07-20,1301,2020-03-17,1053,956,BRAWL,2,5,3,1301,0,0,0,,0,003,"CESAR CHAVEZ ST","B ST",0.00,,Y,A,-,N,,,,,,,,,,Y,4,0,2,2,A,-,03,22350,,F,D,C,A,A,H,-,A,D,0,,,,,Y,,A,01,0,0,2,0,0,0,0,0,0,"- ","- ",,,IMPERIAL,BRAWLEY,-115.52635955810547,32.983051300048828
9280332,2021,2021-06-28,1304,2021-06-12,1334,322,EWES,6,5,4,1304,0,0,0,,0,WEST,"4TH ST","SMOKETREE AV",0.00,,Y,A,-,Y,IMP,11,86,-,-,6.114,I,5,S,Y,3,0,2,2,A,-,09,21800,B,N,A,C,A,A,H,-,A,D,0,,,,,Y,,A,01,0,2,0,0,0,0,0,0,0,"- ","- ",,,IMPERIAL,"EL CENTRO",-115.55227661132812,32.775371551513672
91690049,2022,2022-01-31,9625,2022-01-19,1330,017727,,3,1,9,1300,0,1,3,,1,042,SR-98,"SAGE ROAD",2745.00,W,N,A,-,Y,,,98,,,,,,,Y,3,0,1,1,A,-,08,22107,,N,F,A,A,A,H,-,A,D,0,,,Y,,Y,,C,02,0,1,0,0,0,0,0,0,1,"- ","- ",32.725101470947266,-115.9822998046875,IMPERIAL,UNINCORPORATED,-115.9822998046875,32.725063323974609
91745357,2022,2022-04-11,9625,2022-04-01,1850,019225,,5,2,9,1300,0,1,1,,2,001,"INTERSTATE 8 (E/B)","IN KO PAH PARK ROAD",10560.00,E,N,A,-,Y,,,8,,,,,,,Y,4,0,1,2,A,-,03,22350,,M,C,C,A,A,H,-,A,A,0,,,,Y,Y,,A,01,0,0,1,0,0,0,0,0,0,"- ","- ",32.65576171875,-116.09747314453125,IMPERIAL,UNINCORPORATED,-116.09739685058594,32.655708312988281
90941997,2019,2019-03-07,9625,2019-02-28,0920,013627,,4,1,9,1300,0,3,5,,2,050,"BOWKER ROAD","JASPER ROAD",1083.00,S,N,B,-,N,,,,,,,,,,Y,3,0,1,1,A,-,08,22107,,N,F,A,A,A,H,-,A,D,0,,,,,Y,,A,01,0,1,0,0,0,0,0,0,0,"- ","- ",32.705539703369141,-115.46495819091797,IMPERIAL,UNINCORPORATED,-115.46511840820312,32.705600738525391
91090747,2019,2019-10-04,9625,2019-10-03,0730,018930,,4,1,9,1300,0,1,1,,2,004,"INTERSTATE 8","8TH STREET",983.00,E,N,A,-,Y,,,,,,,,,,Y,4,0,1,1,A,-,08,22107,,N,F,I,A,A,H,-,A,D,0,,,,,Y,,A,01,0,0,1,0,0,0,0,0,0,"- ","- ",32.773948669433594,-115.55764007568359,IMPERIAL,UNINCORPORATED,-115.55792999267578,32.773727416992188
91090942,2019,2019-10-04,9625,2019-09-21,0036,022010,,6,3,4,1304,0,2,S,,2,901,"7TH STREET","BROADWAY STREET",0.00,,Y,A,-,N,,,,,,,,,,Y,4,0,2,2,A,-,12,22450,A,N,D,C,A,A,H,-,C,A,0,,,,,Y,,-,98,0,0,2,0,0,0,0,0,0,"- ","- ",32.793869018554688,-115.55912017822266,IMPERIAL,"EL CENTRO",-115.55911254882812,32.793869018554688
91398569,2021,2021-01-29,9625,2021-01-22,0230,020738,,5,3,9,1300,0,1,1,,2,002,"I-8 W/B","OLD HIGHWAY 80",8290.00,E,N,B,G,Y,,,8,,,,,,W,Y,4,0,1,1,C,-,18,,,N,E,I,A,A,H,-,D,D,0,,,,Y,Y,,-,"- ",0,0,1,0,0,0,0,0,0,"- ","- ",32.661590576171875,-116.10315704345703,IMPERIAL,UNINCORPORATED,-116.1031494140625,32.661632537841797
91461492,2021,2021-05-05,9625,2021-04-28,1530,019225,,3,2,9,1300,0,3,5,,2,050,"WORTHINGTON ROAD","JAMES ROAD",1325.00,W,N,A,-,N,,,,,,,,,,Y,1,1,0,1,A,-,08,22107,,N,E,I,A,A,H,-,A,D,0,,,,,Y,,A,01,0,0,0,0,0,0,0,0,0,"- ","- ",32.8472900390625,-115.46949005126953,IMPERIAL,UNINCORPORATED,-115.47000885009766,32.847339630126953
91603083,2021,2021-10-21,9625,2021-10-10,2043,021232,,7,2,9,1300,0,3,5,,2,040,DOGWOOD,"CORRELL ROAD",0.00,,Y,A,-,N,,,,,,,,,,Y,3,0,1,2,D,-,00,,,N,D,C,A,A,H,-,C,A,0,,,,,Y,,-,"- ",0,1,0,0,0,0,0,0,0,"- ","- ",32.7381591796875,-115.53440856933594,IMPERIAL,UNINCORPORATED,-115.53459167480469,32.737922668457031
8589134,2018,2018-04-10,1304,2018-03-20,1628,337,ELCE,2,5,4,1304,0,0,0,,0,EAST,MAIN,DOGWOOD,618.00,E,N,A,-,N,,,,,,,,,,Y,4,0,1,4,A,-,03,22350,,N,C,C,A,A,H,-,A,A,0,,,,,Y,Y,A,01,0,0,1,0,0,0,0,0,0,"- ","- ",37.778400421142578,-115.56109619140625,IMPERIAL,"EL CENTRO",-115.53365325927734,32.792831420898438
8927107,2019,2019-09-18,1302,2019-04-13,0111,557,1302,6,5,4,1302,0,0,0,,0,004,"RT 111","COLE RD",100.00,S,N,A,-,N,,,,,,,,,,Y,4,0,1,3,A,-,03,22350,,N,C,C,A,A,H,-,D,A,0,,,,,Y,,A,01,0,0,1,0,0,0,0,0,0,"- ","- ",,,IMPERIAL,CALEXICO,-115.49937438964844,32.693706512451172
90693096,2018,2018-03-29,9625,2018-03-24,1849,019035,,6,2,9,1300,0,2,4,,2,046,"DOGWOOD ROAD","WILLOUGHBY ROAD",0.00,,Y,A,G,N,,,,,,,,,,Y,4,0,1,2,A,-,09,21802,A,N,D,C,A,A,H,-,B,A,0,,,,,Y,,A,01,0,0,1,0,0,0,0,0,0,"- ","- ",32.708198547363281,-115.53399658203125,IMPERIAL,UNINCORPORATED,-115.53408050537109,32.708450317382812
90791000,2018,2018-08-15,9620,2018-08-12,2205,018703,,7,3,9,1300,0,1,3,,1,062,SR-186,I-8,475.00,S,N,A,-,Y,,,186,,,,,,,Y,3,0,1,1,A,-,08,22107,,N,E,I,A,A,H,-,D,A,0,,,Y,,Y,Y,C,02,0,1,0,0,0,0,0,0,1,"- ","- ",32.731250762939453,-114.71707916259766,IMPERIAL,UNINCORPORATED,-114.71710205078125,32.73126220703125
91117836,2019,2019-11-12,9625,2019-11-04,1540,018773,,1,2,9,1300,0,1,1,,2,004,"I-8 W/B TO FORRESTER ROAD","FORRESTER ROAD",10.00,E,N,A,-,Y,,,8,,,,R,,W,N,3,0,1,2,A,-,03,22350,,N,C,C,A,A,H,-,A,A,0,,,,,Y,,D,22,0,1,0,0,0,0,0,0,0,"- ","- ",32.775028228759766,-115.62055206298828,IMPERIAL,UNINCORPORATED,-115.62055206298828,32.775028228759766
92198924,2023,2023-10-13,9625,2023-10-03,2100,018933,,2,2,9,1300,0,1,3,,1,054,"SR-111 (S/B)","HUSTON ROAD",187.00,N,N,A,-,Y,,,111,,,,,,,Y,3,0,3,3,A,-,08,22107,,N,B,E,A,A,H,-,D,D,0,,,,,Y,,D,22,0,3,0,0,0,0,0,0,0,"- ","- ",32.839481353759766,-115.50324249267578,IMPERIAL,UNINCORPORATED,-115.50307464599609,32.839569091796875
9106258,2020,2020-08-24,1304,2020-06-02,0359,368,E1,2,5,4,1304,0,0,0,,0,EAST,EUCLID,"6TH ST",17.00,W,N,A,-,N,,,,,,,,,,Y,2,0,1,1,A,-,03,22350,,F,E,I,A,A,H,-,C,D,0,,,,,Y,,A,01,1,0,0,0,0,0,0,0,0,"- ","- ",32.79840087890625,-115.55728912353516,IMPERIAL,"EL CENTRO",-115.55714416503906,32.798370361328125
9312075,2021,2021-08-27,1304,2021-08-04,1210,341,EWEST,3,5,4,1304,0,0,0,,0,WEST,"N IMPERIAL",WOODWARD,32.00,N,N,A,-,Y,IMP,11,86,-,-,7.510,H,-,N,N,4,0,1,2,A,-,04,21703,,N,C,C,A,A,H,-,A,D,0,,,,,Y,,A,01,0,0,1,0,0,0,0,0,0,"- ","- ",,,IMPERIAL,"EL CENTRO",-115.56995391845703,32.799564361572266
9384315,2021,2022-01-14,1304,2021-12-17,1815,368,E1,5,5,4,1304,0,0,0,,0,WEST,"LA BRUCHERIE AV","ROSS AV",0.00,,Y,A,-,N,,,,,,,,,,N,3,0,1,2,A,-,12,21453,,N,-,C,A,A,H,-,C,A,0,,,,,Y,,-,,0,1,0,0,0,0,0,0,0,"- ","- ",,,IMPERIAL,"EL CENTRO",-115.57848358154297,32.781475067138672
9526373,2023,2023-02-23,1304,2023-01-30,1450,363,EPTRL,1,5,4,1304,0,0,0,,0,WEST,IMPERIAL,"ROSS AV",0.00,,N,B,C,N,,,,,,,,,,N,4,0,1,2,A,-,03,22350,,N,C,C,A,B,H,-,A,A,0,,,,,Y,,-,,0,0,1,0,0,0,0,0,0,"- ","- ",32.782318115234375,-115.56980133056641,IMPERIAL,"EL CENTRO",-115.56968688964844,32.781482696533203
90752966,2018,2018-06-21,9625,2018-06-18,0500,019668,,1,3,9,1300,0,1,1,,2,003,"INTERSTATE 8 EASTBOUND","IMPERIAL AVENUE",1334.00,W,N,A,-,Y,,,,,,,,,,Y,3,0,2,1,A,-,08,22107,,N,E,I,A,A,H,-,B,D,0,,,,,Y,,D,22,0,2,0,0,0,0,0,0,0,"- ","- ",32.772850036621094,-115.73584747314453,IMPERIAL,UNINCORPORATED,-115.57367706298828,32.773815155029297
90785550,2018,2018-08-07,9625,2018-07-27,1235,019035,,5,1,9,1300,0,1,3,,1,012,"SR-86 SOUTHBOUND","ALLEN ROAD",1795.00,N,N,A,-,Y,,,86,,,,,,S,Y,4,0,2,2,A,-,08,22107,,N,D,C,A,A,H,-,A,D,0,,,,Y,Y,,A,01,0,0,2,0,0,0,0,0,0,"- ","- ",33.104499816894531,-115.80789947509766,IMPERIAL,UNINCORPORATED,-115.80790710449219,33.104442596435547
92237779,2023,2023-11-16,9625,2023-11-04,"925 ",018978,,6,1,9,1300,0,1,1,,2,003,"INTERSTATE 8 (EB)","STATE ROUTE 98 O/C",1556.00,E,N,A,-,Y,,,8,,,,,,,Y,3,0,1,1,A,-,08,22107,,N,F,A,A,A,H,-,A,D,0,,,,,Y,,B,07,0,1,0,0,0,0,0,0,0,"- ","- ",32.728519439697266,-116.01750183105469,IMPERIAL,UNINCORPORATED,-116.01750183105469,32.728530883789062
91083790,2019,2019-09-26,9625,2019-09-17,1010,019667,,2,1,9,1300,0,1,1,,2,001,"INTERSTATE 8 E/B","MOUNTAIN SPRINGS ROAD",7394.00,E,N,A,-,Y,,,8,,,,,,E,Y,3,0,1,1,A,-,08,22107,,N,E,I,A,A,H,-,A,D,0,,,,,Y,,A,01,0,1,0,0,0,0,0,0,0,"- ","- ",32.676078796386719,-116.07391357421875,IMPERIAL,UNINCORPORATED,-116.07394409179688,32.676105499267578
91127616,2019,2019-11-22,9625,2019-11-16,2107,019035,,6,2,9,1300,0,2,4,,2,057,"EVAN HEWES HIGHWAY W/B","BELL ROAD",300.00,E,N,A,-,N,,,,,,,,,,N,2,0,1,2,A,-,11,21956,,N,G,B,E,A,H,-,D,D,0,Y,,,,Y,Y,N,60,1,0,0,0,1,0,0,0,0,"- ","- ",32.803298950195312,-115.43789672851562,IMPERIAL,UNINCORPORATED,-115.438232421875,32.803314208984375
91704105,2022,2022-02-18,9625,2022-02-12,"850 ",018368,,6,1,9,1300,0,1,3,,1,044,"SR-86 S/B","WEAVER ROAD",1401.00,N,N,A,-,Y,,,86,,,,,,S,N,4,0,1,1,A,-,08,22107,,N,E,I,A,A,H,-,A,D,0,,,,,Y,,A,01,0,0,1,0,0,0,0,0,0,"- ","- ",32.93804931640625,-115.57021331787109,IMPERIAL,UNINCORPORATED,-115.57007598876953,32.938053131103516
91810206,2022,2022-07-05,9620,2022-06-29,2115,018979,,3,2,9,1300,0,1,3,,1,063,SR-78,"OGILBY RD",32208.00,E,N,A,-,Y,,,78,,,,,,,N,4,0,1,1,A,-,08,22107,,N,H,A,A,A,H,-,D,A,0,,,,,Y,,A,01,0,0,1,0,0,0,0,0,0,"- ","- ",33.166950225830078,-114.86859893798828,IMPERIAL,UNINCORPORATED,-114.86867523193359,33.166950225830078
91841311,2022,2022-08-16,9625,2022-08-06,2105,019225,,6,2,9,1300,0,3,5,,2,050,"SR-86 (HEBER ROAD)","VALLEY BLVD",9.00,W,N,A,-,Y,,,86,,,,,,,Y,4,0,3,2,A,-,03,22350,,N,C,C,A,A,H,-,C,D,0,,,,,Y,,A,07,0,0,3,0,0,0,0,0,0,"- ","- ",32.730690002441406,-115.53218841552734,IMPERIAL,UNINCORPORATED,-115.53218841552734,32.730670928955078
92150151,2023,2023-08-22,9625,2023-08-14,1335,019668,,1,1,9,1300,0,3,5,,2,050,"MCCABE ROAD","BOWKER ROAD",3134.00,E,N,A,-,N,,,,,,,,,,Y,4,0,1,1,A,-,08,22107,,N,E,I,A,A,H,-,A,D,0,,,,,Y,,A,01,0,0,1,0,0,0,0,0,0,"- ","- ",32.752048492431641,-115.45510864257812,IMPERIAL,UNINCORPORATED,-115.45488739013672,32.752033233642578
8934961,2018,2019-09-30,1302,2018-08-09,1505,542,1302,4,5,4,1302,0,0,0,,0,004,"RT 111","JASPER RD",0.00,,Y,A,-,Y,IMP,11,111,-,R,3.228,I,5,N,N,4,0,1,2,D,-,00,,,N,D,C,A,A,H,-,A,A,0,,,,,Y,,-,"- ",0,0,1,0,0,0,0,0,0,"- ","- ",,,IMPERIAL,CALEXICO,-115.49942016601562,32.7088623046875
9093517,2020,2020-07-27,1301,2020-04-07,2041,910,BRAWL,2,5,3,1301,0,0,0,,0,001,"N RIO VISTA AV","W ADLER ST",79.00,S,N,A,-,N,,,,,,,,,,N,3,0,1,2,A,-,13,22502,A,N,G,C,A,A,H,-,C,D,0,,,,,Y,,A,01,0,1,0,0,0,0,0,0,0,"- ","- ",,,IMPERIAL,BRAWLEY,-115.54798126220703,32.985492706298828
9213118,2021,2021-02-10,1304,2021-01-09,1649,E0194,ELCE,6,5,4,1304,0,0,0,,0,EAST,"4TH ST",HOLT,0.00,,Y,A,-,Y,IMP,11,86,-,-,6.960,I,5,S,Y,4,0,2,2,A,-,01,23152,A,N,D,C,A,A,H,-,B,A,0,,,,,Y,Y,A,01,0,0,2,0,0,0,0,0,0,"- ","- ",32.787879943847656,-115.55265808105469,IMPERIAL,"EL CENTRO",-115.55252838134766,32.787776947021484
9284968,2021,2021-06-23,1304,2021-05-15,1553,335,E1,6,5,4,1304,0,0,0,,0,WEST,IMPERIAL,PEPPER,0.00,,Y,A,-,N,,,,,,,,,,Y,4,0,2,2,A,-,09,21800,A,N,D,C,A,A,H,-,A,A,0,,,,,Y,,A,01,0,0,2,0,0,0,0,0,0,"- ","- ",,,IMPERIAL,"EL CENTRO",-115.56957244873047,32.779411315917969
9464412,2022,2022-09-20,1301,2022-08-07,2207,9A10,BRAWL,7,5,3,1301,0,0,0,,0,002,"MAIN ST","PALM AV",525.00,W,N,A,-,N,,,,,,,,,,N,1,1,0,2,A,-,00,21954,,N,G,B,D,A,H,-,C,A,0,Y,,,,Y,,N,60,0,0,0,1,0,0,0,0,0,"- ","- ",,,IMPERIAL,BRAWLEY,-115.52375030517578,32.978630065917969
90718265,2018,2018-05-02,9625,2018-04-20,1130,017727,,5,1,9,1300,0,1,1,,2,004,"I-8 (W/B)","FOURTH STREET",1154.00,W,N,A,-,Y,,,,,,,,,,Y,3,0,3,2,A,-,07,21658,A,F,E,I,A,A,H,-,A,D,0,,,,,Y,,A,07,0,3,0,0,0,0,0,0,0,"- ","- ",32.773929595947266,-115.55690002441406,IMPERIAL,UNINCORPORATED,-115.55605316162109,32.773910522460938
91789136,2022,2022-06-06,9625,2022-06-01,"45  ",020996,,3,3,9,1300,0,3,5,,2,040,"IMPERIAL HIGHWAY","INTERSTATE 8",45.00,S,N,A,-,Y,,,,,,,,,,N,4,0,1,1,A,-,01,23152,F,N,E,I,A,A,H,-,D,A,0,,,,,Y,,A,07,0,0,1,0,0,0,0,0,0,"- ","- ",32.733608245849609,-115.99388885498047,IMPERIAL,UNINCORPORATED,-115.99420166015625,32.733909606933594
91864347,2022,2022-09-14,9625,2022-09-06,"844 ",016248,,2,1,9,1300,0,3,5,,2,050,"ROSS ROAD",SR-111,51.00,W,N,A,-,Y,,,,,,,,,,N,4,0,3,3,A,-,21,22106,,N,C,C,A,A,H,-,A,A,0,,,,,Y,,A,01,0,0,3,0,0,0,0,0,0,"- ","- ",32.781471252441406,-115.50182342529297,IMPERIAL,UNINCORPORATED,-115.50151824951172,32.781478881835938
91978799,2022,2023-01-26,9625,2022-12-27,1245,019225,,2,1,9,1300,0,2,4,,2,046,"DOGWOOD ROAD","MCCABE ROAD",2290.00,S,N,A,-,N,,,,,,,,,,Y,1,2,0,1,A,-,08,22107,,N,F,A,A,A,H,-,A,D,0,,,,,Y,,A,07,0,0,0,0,0,0,0,0,0,"- ","- ",32.746059417724609,-115.53475952148438,IMPERIAL,UNINCORPORATED,-115.53470611572266,32.746116638183594
90952998,2019,2019-09-24,9625,2019-02-19,2500,013627,,2,4,9,1300,0,1,1,,2,002,"INTERSTATE 8 (W/B)","STATE ROUTE 98",10771.00,W,N,B,-,Y,,,8,,,,,,,Y,1,1,0,1,A,-,08,22107,,N,F,A,A,A,H,-,D,D,0,,,,,Y,,A,01,0,0,0,0,0,0,0,0,0,"- ","- ",32.728660583496094,-116.05612182617188,IMPERIAL,UNINCORPORATED,-116.05614471435547,32.728538513183594
91341916,2020,2020-11-09,9625,2020-11-05,2120,018368,,4,2,9,1300,0,1,1,,2,005,"DOGWOOD ROAD TO I-8 E/B","DOGWOOD ROAD",550.00,E,N,A,-,Y,,,,,,,,,,Y,4,0,1,1,A,-,01,23152,A,N,E,I,A,A,H,-,C,D,0,,,,,Y,Y,D,22,0,0,1,0,0,0,0,0,0,"- ","- ",,,IMPERIAL,UNINCORPORATED,,
91454263,2021,2021-04-20,9625,2021-04-13,1810,019225,,2,2,9,1300,0,1,3,,2,053,"SR-111 S/B","MCCABE ROAD",40.00,S,N,A,-,Y,,,111,,,,,,S,N,4,0,1,2,A,-,03,22350,,N,C,C,A,A,H,-,A,A,0,,,,,Y,,A,07,0,0,1,0,0,0,0,0,0,"- ","- ",32.752719879150391,-115.50084686279297,IMPERIAL,UNINCORPORATED,-115.50076293945312,32.752719879150391
91525570,2021,2021-07-21,9625,2021-07-14,1158,018930,,3,1,9,1300,0,3,5,,2,050,"BOWKER ROAD","GILLETT ROAD",1208.00,N,N,A,-,N,,,,,,,,,,Y,3,0,1,2,A,-,05,21650,,N,B,C,A,A,H,-,A,D,0,,,,,Y,,A,01,0,1,0,0,0,0,0,0,0,"- ","- ",32.794181823730469,-115.47370147705078,IMPERIAL,UNINCORPORATED,-115.47386169433594,32.788372039794922
91631917,2021,2021-11-22,9625,2021-11-12,1157,016248,,5,1,9,1300,0,1,3,,2,053,"SR-111 N/B","MCCABE ROAD",850.00,S,N,A,-,Y,,,111,,,,,,N,Y,2,0,2,5,A,-,03,22350,,N,C,C,A,A,H,-,A,A,0,,,,,Y,,D,22,1,0,1,0,0,0,0,0,0,"- ","- ",32.749900817871094,-115.50063323974609,IMPERIAL,UNINCORPORATED,-115.50072479248047,32.749897003173828
91647902,2021,2021-12-09,9625,2021-11-26,0923,018930,,5,1,9,1300,0,1,3,,1,054,"SR-111 S/B","EVAN HEWES HIGHWAY",535.00,N,N,A,-,Y,,,111,,,,,,S,Y,2,0,2,2,A,-,03,22350,,N,C,C,A,A,H,-,A,A,0,,,,,Y,,A,07,1,0,1,0,0,0,0,0,0,"- ","- ",32.801921844482422,-115.50071716308594,IMPERIAL,UNINCORPORATED,-115.50051879882812,32.801918029785156
8996773,2019,2020-01-14,1304,2019-11-06,1731,E0194,ELCE,3,5,4,1304,0,0,0,,0,EAST,"E MAIN",DOGWOOD,0.00,,-,A,-,N,,,,,,,,,,Y,4,0,1,2,A,-,09,21801,A,N,D,C,A,A,H,-,C,D,0,,,,,Y,,A,01,0,0,1,0,0,0,0,0,0,"- ","- ",32.792758941650391,-115.53610992431641,IMPERIAL,"EL CENTRO",-115.53565216064453,32.792819976806641
9166058,2020,2020-11-12,1304,2020-09-30,0542,368,E1,3,5,4,1304,0,0,0,,0,WEST,"IMPERIAL AV",CRUICKSHANK,7.00,S,N,A,-,N,,,,,,,,,,N,2,0,1,2,A,-,11,21950,B,N,G,B,B,A,H,-,B,A,0,Y,,,,Y,,N,60,1,0,0,0,1,0,0,0,0,"- ","- ",,,IMPERIAL,"EL CENTRO",-115.569794,32.814689999999999
9205693,2020,2021-02-27,1304,2020-12-09,2357,341,EWEST,3,5,4,1304,0,0,0,,0,WEST,DANENBERG,8TH,18.00,W,N,A,-,N,,,,,,,,,,N,4,0,2,1,A,-,08,22107,,N,E,I,A,A,H,-,C,D,0,,,,,Y,,A,01,0,0,2,0,0,0,0,0,0,"- ","- ",,,IMPERIAL,"EL CENTRO",-115.561071,32.767113000000002
9270446,2021,2021-06-03,1304,2021-05-19,2030,368,E1,3,5,4,1304,0,0,0,,0,WEST,8TH,CRUICKSHANK,563.00,S,N,A,-,N,,,,,,,,,,Y,3,0,1,2,A,-,08,22107,,N,D,C,A,A,H,-,A,A,0,,,,,Y,,-,,0,1,0,0,0,0,0,0,0,"- ","- ",,,IMPERIAL,"EL CENTRO",-115.5615234375,32.813205718994141
9322185,2021,2021-09-16,1301,2021-08-10,1211,9A6,,2,5,3,1301,0,0,0,,0,001,"RT 86","EL CERRITO",0.00,E,N,A,-,Y,IMP,11,86,-,-,20.913,I,5,S,Y,4,0,2,2,A,-,09,21804,A,N,D,C,A,A,H,-,A,D,0,,,,,Y,,A,01,0,0,2,0,0,0,0,0,0,"- ","- ",,,IMPERIAL,BRAWLEY,-115.54649353027344,32.978656768798828
9357330,2021,2021-12-06,1304,2021-10-19,1639,0322,EAST,2,5,4,1304,0,0,0,,0,EAST,"ROSS AV","DOGWOOD RD",0.00,,-,A,-,N,,,,,,,,,,N,3,0,2,3,A,-,03,22350,,M,C,C,A,A,H,-,A,A,0,,,,,Y,,-,,0,2,0,0,0,0,0,0,0,"- ","- ",32.780998229980469,-115.53500366210938,IMPERIAL,"EL CENTRO",-115.53537750244141,32.781490325927734
91406307,2021,2021-02-10,9625,2021-02-08,0918,018468,,1,1,9,1300,0,3,5,,2,040,"HEBER ROAD","CORFMAN ROAD",215.00,E,N,A,-,N,,,,,,,,,,Y,4,0,2,2,A,-,03,22350,,N,C,C,A,A,H,-,A,A,0,,,,,Y,,A,07,0,0,2,0,0,0,0,0,0,"- ","- ",32.730621337890625,-115.55069732666016,IMPERIAL,UNINCORPORATED,-115.55076599121094,32.730640411376953