CASE_ID,ACCIDENT_YEAR,PROC_DATE,JURIS,COLLISION_DATE,COLLISION_TIME,OFFICER_ID,REPORTING_DISTRICT,DAY_OF_WEEK,CHP_SHIFT,POPULATION,CNTY_CITY_LOC,SPECIAL_COND,BEAT_TYPE,CHP_BEAT_TYPE,CITY_DIVISION_LAPD,CHP_BEAT_CLASS,BEAT_NUMBER,PRIMARY_RD,SECONDARY_RD,DISTANCE,DIRECTION,INTERSECTION,WEATHER_1,WEATHER_2,STATE_HWY_IND,CALTRANS_COUNTY,CALTRANS_DISTRICT,STATE_ROUTE,ROUTE_SUFFIX,POSTMILE_PREFIX,POSTMILE,LOCATION_TYPE,RAMP_INTERSECTION,SIDE_OF_HWY,TOW_AWAY,COLLISION_SEVERITY,NUMBER_KILLED,NUMBER_INJURED,PARTY_COUNT,PRIMARY_COLL_FACTOR,PCF_CODE_OF_VIOL,PCF_VIOL_CATEGORY,PCF_VIOLATION,PCF_VIOL_SUBSECTION,HIT_AND_RUN,TYPE_OF_COLLISION,MVIW,PED_ACTION,ROAD_SURFACE,ROAD_COND_1,ROAD_COND_2,LIGHTING,CONTROL_DEVICE,CHP_ROAD_TYPE,PEDESTRIAN_ACCIDENT,BICYCLE_ACCIDENT,MOTORCYCLE_ACCIDENT,TRUCK_ACCIDENT,NOT_PRIVATE_PROPERTY,ALCOHOL_INVOLVED,STWD_VEHTYPE_AT_FAULT,CHP_VEHTYPE_AT_FAULT,COUNT_SEVERE_INJ,COUNT_VISIBLE_INJ,COUNT_COMPLAINT_PAIN,COUNT_PED_KILLED,COUNT_PED_INJURED,COUNT_BICYCLIST_KILLED,COUNT_BICYCLIST_INJURED,COUNT_MC_KILLED,COUNT_MC_INJURED,PRIMARY_RAMP,SECONDARY_RAMP,LATITUDE,LONGITUDE,COUNTY,CITY,POINT_X,POINT_Y
91589384,2021,2021-10-06,9625,2021-09-30,1836,018792,,4,2,9,1300,0,1,3,,1,021,SR-111,"DOWDEN ROAD",400.00,N,N,A,-,Y,,,111,,,,,,,Y,3,0,1,2,A,-,01,23152,G,N,C,C,A,A,H,-,D,D,0,,,,,Y,,A,01,0,1,0,0,0,0,0,0,0,"- ","- ",33.091709136962891,-115.51480102539062,IMPERIAL,UNINCORPORATED,-115.51478576660156,33.091709136962891
91759420,2022,2022-04-28,9625,2022-04-24,"615 ",018933,,7,1,9,1300,0,2,4,,2,045,"EVAN HEWES HIGHWAY","WESTMORELAND ROAD",1620.00,E,N,A,-,N,,,,,,,,,,N,3,0,1,1,A,-,08,22107,,N,E,I,A,A,H,-,A,D,0,,,,,Y,,D,22,0,1,0,0,0,0,0,0,0,"- ","- ",32.791069030761719,-115.73890686035156,IMPERIAL,UNINCORPORATED,-115.73905944824219,32.791065216064453
92029893,2023,2023-03-27,9625,2023-03-15,"802 ",017075,,3,1,9,1300,0,1,3,,1,012,"SR-86 SOUTHBOUND","NAVY BASE RD",250.00,S,N,B,-,Y,,,86,,,,,,S,Y,4,0,1,1,A,-,03,22350,,N,F,A,A,B,H,-,A,D,0,,,,,Y,,D,22,0,0,1,0,0,0,0,0,0,"- ","- ",33.175899505615234,-115.88744354248047,IMPERIAL,UNINCORPORATED,-115.88742828369141,33.175918579101562
9464409,2022,2022-09-20,1301,2022-07-07,"547 ",9A2,BRAWL,4,5,3,1301,0,0,0,,0,002,"DOGWOOD RD","MEAD RD",0.00,W,N,A,-,N,,,,,,,,,,Y,1,1,0,1,A,-,03,22350,,N,H,-,A,A,H,-,A,D,0,,,,,Y,,D,22,0,0,0,0,0,0,0,0,0,"- ","- ",,,IMPERIAL,BRAWLEY,-115.53523254394531,32.956325531005859
9464777,2022,2022-12-01,1304,2022-10-08,"848 ",342,EPTRL,6,5,4,1304,0,0,0,,0,WEST,"LOTUS AV","ADAMS AV",0.00,,Y,A,-,N,,,,,,,,,,Y,3,0,3,2,A,-,09,21801,A,N,B,C,A,A,H,-,A,D,0,,,,,Y,,D,22,0,3,0,0,0,0,0,0,0,"- ","- ",32.796478271484375,-115.58474731445312,IMPERIAL,"EL CENTRO",-115.58473968505859,32.796550750732422
9569020,2023,2023-06-14,1304,2023-05-30,1906,349,,2,5,4,1304,0,0,0,,0,WEST,"IMPERIAL AV","BRADSHAW AV",0.00,,Y,A,-,Y,IMP,11,86,-,-,8.270,H,-,N,N,3,0,1,2,A,-,03,22350,,N,C,C,A,A,H,-,A,A,0,,,,,Y,,A,07,0,1,0,0,0,0,0,0,0,"- ","- ",32.810661315917969,-115.56984710693359,IMPERIAL,"EL CENTRO",-115.56991577148438,32.810653686523438
9601421,2023,2023-09-07,1304,2023-07-03,2145,358,,1,5,4,1304,0,0,0,,0,WEST,"NORTH ADAMS AV","NORTH 12TH ST",0.00,,Y,A,-,Y,IMP,11,86,-,L,8.266,I,5,N,N,3,0,1,2,A,-,10,21950,A,N,G,B,B,A,H,-,C,A,0,Y,,,,Y,,A,01,0,1,0,0,1,0,0,0,0,"- ","- ",,,IMPERIAL,"EL CENTRO",-115.56562042236328,32.796554565429688
9650135,2023,2024-02-16,1304,2023-12-24,1648,335,EPTRL,7,5,4,1304,0,0,0,,0,0E1,IMPERIAL,ROSS,0.00,,Y,A,-,N,,,,,,,,,,Y,3,0,1,3,A,-,08,22107,,N,C,E,A,A,H,-,C,D,0,,,,,Y,,A,01,0,1,0,0,0,0,0,0,0,"- ","- ",32.782440185546875,-115.56961059570312,IMPERIAL,"EL CENTRO",-115.56968688964844,32.781482696533203
91265779,2020,2020-07-09,9620,2020-07-03,2144,019953,,5,2,9,1300,0,1,1,,2,081,"I-8 W/B","SANDS HILL REST AREA",7920.00,W,N,A,-,Y,,,8,,,,,,W,Y,2,0,1,1,A,-,08,22107,,N,F,A,A,A,H,-,D,D,0,,,,,Y,,A,01,1,0,0,0,0,0,0,0,0,"- ","- ",32.716190338134766,-114.91954803466797,IMPERIAL,UNINCORPORATED,-114.91954040527344,32.716178894042969
8936228,2019,2020-09-18,1302,2019-05-07,1335,CX187,1302,2,5,4,1302,0,0,0,,0,001,"RT 98","EADY AV",0.00,,-,A,-,Y,IMP,11,98,-,-,31.550,I,-,E,N,4,0,1,2,A,-,04,21703,,N,C,C,A,A,H,-,A,A,0,,,,,Y,,A,01,0,0,1,0,0,0,0,0,0,"- ","- ",,,IMPERIAL,CALEXICO,-115.51198577880859,32.679172515869141
90746859,2018,2018-06-12,9625,2018-03-05,2210,020111,,1,3,9,1300,0,2,4,,2,046,"DOGWOOD ROAD","HARRIS ROAD",5280.00,N,N,A,-,N,,,,,,,,,,Y,1,1,0,1,A,-,01,23152,A,N,F,A,A,A,H,-,D,A,0,,,Y,,Y,Y,C,02,0,0,0,0,0,0,0,1,0,"- ","- ",32.900421142578125,-115.53559875488281,IMPERIAL,UNINCORPORATED,-115.53553009033203,32.898078918457031
90798630,2018,2018-08-27,9625,2018-08-17,1424,019035,,5,2,9,1300,0,3,5,,2,050,"BARBARA WORTH ROAD","HEBER ROAD",8.00,N,N,A,-,N,,,,,,,,,,Y,3,0,3,2,A,-,12,22450,A,N,D,C,A,A,H,-,A,A,0,,,,,Y,,A,07,0,1,2,0,0,0,0,0,0,"- ","- ",32.730201721191406,-115.43039703369141,IMPERIAL,UNINCORPORATED,-115.43087768554688,32.730262756347656
91090402,2019,2019-10-04,9625,2019-09-24,1140,016248,,2,1,9,1300,0,2,4,,2,046,"DOGWOOD ROAD","ATEN ROAD",3433.00,S,N,A,-,N,,,,,,,,,,Y,4,0,1,1,A,-,08,22107,,N,F,A,A,A,H,-,A,D,0,,,,,Y,,A,01,0,0,1,0,0,0,0,0,0,"- ","- ",32.815769195556641,-115.53584289550781,IMPERIAL,UNINCORPORATED,-115.53569030761719,32.816047668457031
91612290,2021,2022-10-04,9625,2021-10-31,2152,020516,,7,2,9,1300,0,2,4,,2,045,"EVAN HEWES HIGHWAY","EL CENTRO STREET",80.00,E,N,A,-,N,,,,,,,,,,Y,3,0,2,2,A,-,08,22107,,N,A,C,A,A,H,-,D,D,0,,,,,Y,,A,07,0,2,0,0,0,0,0,0,0,"- ","- ",32.796520233154297,-115.67653656005859,IMPERIAL,UNINCORPORATED,-115.67691802978516,32.796455383300781
91736507,2022,2022-03-29,9620,2022-03-22,"905 ",018247,,2,1,9,1300,0,1,1,,2,081,"I-8 EASTBOUND FROM SR-98",SR-98,10.00,E,N,A,G,Y,,,8,,,,R,,E,N,4,0,1,1,A,-,08,22107,,N,F,A,A,A,H,-,A,D,0,,,Y,,Y,,C,02,0,0,1,0,0,0,0,0,1,"- ","- ",32.709918975830078,-115.08970642089844,IMPERIAL,UNINCORPORATED,-115.08970642089844,32.709918975830078
91793754,2022,2022-06-13,9620,2022-06-08,1410,019291,QUECH,3,2,9,1300,0,2,4,,1,072,"WINTERHAVEN DR SB","I-8 E/B",100.00,S,N,A,-,N,,,,,,,,,,Y,3,0,1,2,A,-,03,22350,,N,C,C,A,A,H,-,A,D,0,,,,Y,Y,,A,01,0,1,0,0,0,0,0,0,0,"- ","- ",32.731330871582031,-114.62458801269531,IMPERIAL,UNINCORPORATED,-114.62456512451172,32.731426239013672
8713097,2018,2018-10-24,1304,2018-09-28,2202,325,,5,5,4,1304,0,0,0,,0,WEST,EUCLID,12TH,18.00,W,N,A,-,N,,,,,,,,,,Y,4,0,1,1,A,-,01,23152,A,N,A,I,A,A,H,-,C,D,0,,,,,Y,Y,A,01,0,0,1,0,0,0,0,0,0,"- ","- ",,,IMPERIAL,"EL CENTRO",-115.56568908691406,32.798370361328125
9604238,2023,2023-12-21,1304,2023-10-21,2024,361,ELCE,6,5,4,1304,0,0,0,,0,WEST,"RT 86",CRUICKSHANK,11.00,S,N,A,-,Y,IMP,11,86,-,-,8.522,I,5,S,N,3,0,1,2,A,-,10,21950,A,F,G,B,B,A,H,-,C,A,0,Y,,,,Y,,-,99,0,1,0,0,1,0,0,0,0,"- ","- ",,,IMPERIAL,"EL CENTRO",-115.56992340087891,32.814384460449219
90926893,2019,2019-02-14,9625,2019-02-06,1040,013627,,3,1,9,1300,0,3,5,,2,050,"ROOD ROAD","CARR ROAD",167.00,S,N,A,-,N,,,,,,,,,,N,3,0,1,2,A,-,06,21754,,N,B,C,A,A,H,-,A,D,0,,,Y,,Y,,C,02,0,1,0,0,0,0,0,0,1,"- ","- ",32.679279327392578,-115.37850189208984,IMPERIAL,UNINCORPORATED,-115.37840270996094,32.679363250732422
90960869,2019,2019-04-04,9625,2019-03-26,1453,018773,,2,2,9,1300,0,1,3,,1,054,"SR-111 SOUTHBOUND","EVAN HEWES HIGHWAY",1340.00,S,N,A,-,Y,,,111,,,,,,S,Y,3,0,2,3,A,-,03,22350,,N,C,C,A,A,D,-,A,A,0,,,,Y,Y,,G,24,0,1,1,0,0,0,0,0,0,"- ","- ",32.798240661621094,-115.500732421875,IMPERIAL,UNINCORPORATED,-115.50062561035156,32.798240661621094
91179729,2020,2020-02-04,9625,2020-01-23,0810,017055,,4,1,9,1300,0,3,5,,2,010,"S. MARINA DRIVE","SHORES OASIS STREET",40.00,W,N,A,-,N,,,,,,,,,,Y,3,0,1,2,A,-,03,22350,,N,C,C,A,A,H,-,A,A,0,,,,,Y,,A,07,0,1,0,0,0,0,0,0,0,"- ","- ",33.288181304931641,-115.96336364746094,IMPERIAL,UNINCORPORATED,-115.96339416503906,33.288166046142578
91288528,2020,2020-08-18,9625,2020-08-13,1930,019668,,4,2,9,1300,0,2,4,,2,057,"EVAN HEWES HIGHWAY E/B","BARBARA WORTH ROAD",0.00,,Y,A,-,N,,,,,,,,,,Y,3,0,2,2,A,-,09,21804,A,N,D,C,A,A,H,-,B,D,0,,,,,Y,,A,01,0,1,1,0,0,0,0,0,0,"- ","- ",32.803390502929688,-115.43045043945312,IMPERIAL,UNINCORPORATED,-115.43048858642578,32.803749084472656
91326741,2020,2020-10-20,9625,2020-10-09,2000,018930,,5,2,9,1300,0,3,5,,2,050,"BOWKER ROAD",SR-98,575.00,S,N,A,-,N,,,,,,,,,,Y,4,0,1,1,A,-,01,23152,A,N,E,I,A,A,H,-,C,D,0,,,,,Y,Y,A,01,0,0,1,0,0,0,0,0,0,"- ","- ",32.685600280761719,-115.46530151367188,IMPERIAL,UNINCORPORATED,-115.46534729003906,32.684818267822266
91461506,2021,2021-04-29,9625,2021-03-07,1149,018368,,7,1,9,1300,0,1,1,,2,002,"I-8 W/B",SR-98,21226.00,W,N,A,-,Y,,,8,,,,,,W,Y,1,1,0,1,A,-,08,22107,,N,E,I,A,A,H,-,A,D,0,,,Y,,Y,,C,02,0,0,0,0,0,0,0,1,0,"- ","- ",32.709480285644531,-116.06555938720703,IMPERIAL,UNINCORPORATED,-116.06549835205078,32.709503173828125
91524900,2021,2021-07-20,9625,2021-07-11,0251,021107,,7,3,9,1300,0,1,3,,2,024,"STATE ROUTE 78 WESTBOUND","BUTTERS ROAD",5438.00,E,N,A,-,Y,,,78,,,,,,W,Y,3,0,1,1,A,-,08,22107,,N,E,I,A,A,H,-,D,D,0,,,,,Y,,A,01,0,1,0,0,0,0,0,0,0,"- ","- ",32.974750518798828,-115.35394287109375,IMPERIAL,UNINCORPORATED,-115.35394287109375,32.9747314453125
91780701,2022,2022-05-25,9625,2022-05-20,1349,017075,,5,1,9,1300,0,1,3,,1,012,"STATE ROUTE 86 N/B","SUNRISE DRIVE",0.00,,Y,A,-,Y,,,86,,,,,,N,Y,4,0,1,2,A,-,09,21804,A,N,D,C,A,A,H,-,A,D,0,,,,,Y,,D,22,0,0,1,0,0,0,0,0,0,"- ","- ",33.289371490478516,-115.97164154052734,IMPERIAL,UNINCORPORATED,-115.97167205810547,33.289344787597656
91873132,2022,2022-09-26,9620,2022-09-17,"717 ",019333,,6,1,9,1300,0,1,1,,2,082,"I-8 E/B",SR-186,2006.00,E,N,A,-,Y,,,8,,,,,,E,Y,4,0,2,2,A,-,08,22107,,N,B,C,A,A,H,-,A,D,0,,,,,Y,,A,01,0,0,2,0,0,0,0,0,0,"- ","- ",32.742900848388672,-114.71350860595703,IMPERIAL,UNINCORPORATED,-114.71350860595703,32.742908477783203
91990053,2023,2023-02-08,9625,2023-01-30,"2   ",020516,,1,3,9,1300,0,1,1,,2,001,"INTERSTATE 8 (E/B)","MOUNTAIN SPRINGS ROAD",1123.00,W,N,B,C,Y,,,8,,,,,,,Y,3,0,1,1,A,-,03,22350,,N,E,I,A,B,H,-,D,D,0,,,,,Y,,D,22,0,1,0,0,0,0,0,0,0,"- ","- ",32.677639007568359,-116.1025390625,IMPERIAL,UNINCORPORATED,-116.10253143310547,32.677715301513672
8649737,2018,2018-08-29,1304,2018-06-17,2251,333,EAST,7,5,4,1304,0,0,0,,0,EAST,"4TH ST",DRIFTWOOD,0.00,N,N,A,-,N,,,,,,,,,,N,4,0,1,2,A,-,04,21703,,F,G,B,A,A,H,-,C,D,0,,Y,,,Y,,A,01,0,0,1,0,0,0,1,0,0,"- ","- ",,,IMPERIAL,"EL CENTRO",-115.55226898193359,32.776081085205078
90686160,2018,2018-03-20,9625,2018-03-06,1628,022010,,2,2,4,1304,1,4,S,,2,901,"EUCLID AVENUE","4TH STREET",40.00,W,N,A,-,N,,,,,,,,,,N,4,0,2,2,A,-,03,22350,,N,C,C,A,A,G,H,A,D,0,,,,,Y,,E,22,0,0,2,0,0,0,0,0,0,"- ","- ",32.798358917236328,-115.55320739746094,IMPERIAL,"EL CENTRO",-115.55291748046875,32.798370361328125
90891244,2018,2018-12-27,9625,2018-12-18,1635,020516,,2,2,9,1300,0,1,3,,2,053,"N/B SR-111","CORRELL ROAD",320.00,S,N,A,-,Y,,,111,,,,,,,Y,3,0,1,4,A,-,03,22350,,N,C,C,A,A,H,-,A,D,0,,,,,Y,,D,22,0,1,0,0,0,0,0,0,0,"- ","- ",32.736930847167969,-115.50038909912109,IMPERIAL,UNINCORPORATED,-115.50053405761719,32.736927032470703
91006148,2019,2019-06-10,9625,2019-05-31,1645,018279,,5,2,9,1300,0,1,3,,2,053,"SR-111, SB","HEBER RD",1584.00,N,N,A,-,Y,,,111,,,,,,S,Y,3,0,1,3,A,-,03,22350,,N,C,C,A,A,H,-,A,A,0,,,,,Y,,A,08,0,1,0,0,0,0,0,0,0,"- ","- ",32.734939575195312,-115.50054168701172,IMPERIAL,UNINCORPORATED,-115.50049591064453,32.734939575195312
91125826,2019,2019-11-21,9625,2019-10-16,2146,013627,,3,2,9,1300,0,1,3,,1,044,"STATE ROUTE 86 (NORTHBOUND)","AUSTIN ROAD",1353.00,S,N,A,-,Y,,,86,,,,,,,Y,1,1,0,1,A,-,08,22107,,N,E,I,A,A,H,-,D,D,0,,,,,Y,,D,22,0,0,0,0,0,0,0,0,0,"- ","- ",32.947959899902344,-115.56984710693359,IMPERIAL,UNINCORPORATED,-115.56996154785156,32.947998046875
91128699,2019,2019-11-25,9625,2019-11-20,1508,017809,,3,2,9,1300,0,1,1,,2,001,"INTERSTATE 8 E/B","IN KO PAH PARK ROAD",7392.00,E,N,C,-,Y,,,8,,,,,,E,Y,3,0,2,1,C,-,18,,,N,E,J,A,B,C,-,D,D,0,,,,,Y,,-,"- ",0,1,1,0,0,0,0,0,0,"- ","- ",32.660011291503906,-116.09848785400391,IMPERIAL,UNINCORPORATED,-116.09852600097656,32.659954071044922
91612075,2021,2021-11-01,9625,2021-10-27,1832,018468,,3,2,9,1300,0,3,5,,2,050,"PITZER ROAD","MCCABE ROAD",0.00,,Y,A,-,N,,,,,,,,,,Y,4,0,1,2,A,-,09,21801,A,N,D,C,A,A,H,-,A,A,0,,,,,Y,,A,01,0,0,1,0,0,0,0,0,0,"- ","- ",32.752490997314453,-115.51757049560547,IMPERIAL,UNINCORPORATED,-115.51763153076172,32.752456665039062
92004446,2023,2023-02-27,9625,2023-02-22,"725 ",018617,,3,1,9,1300,0,3,5,,2,050,"KEYSTONE ROAD","HIGHLINE ROAD",0.00,,Y,A,G,N,,,,,,,,,,Y,4,0,2,2,A,-,09,21802,A,N,D,C,A,A,H,-,A,A,0,,,,,Y,,D,22,0,0,2,0,0,0,0,0,0,"- ","- ",32.916580200195312,-115.31147766113281,IMPERIAL,UNINCORPORATED,-115.31147766113281,32.916618347167969
92226789,2023,2023-11-02,9625,2023-10-27,2115,020125,,5,2,9,1300,0,1,3,,2,024,SR-78,"TED KIPF RD",4752.00,W,N,A,-,Y,,,78,,,,,,,Y,3,0,1,1,A,-,08,22107,,N,F,A,A,A,H,-,D,D,0,,,,,Y,,A,01,0,1,0,0,0,0,0,0,0,"- ","- ",32.994781494140625,-115.08770751953125,IMPERIAL,UNINCORPORATED,-115.08771514892578,32.994739532470703
91181715,2020,2020-02-06,9625,2020-01-27,1330,017432,,1,1,9,1300,0,1,1,,2,003,"INTERSTATE 8 (E/B)","SILSBEE ROAD",1814.00,E,N,A,-,Y,,,8,,,,,,,Y,2,0,4,2,A,-,03,22350,,N,C,C,A,A,H,-,A,D,0,,,,,Y,,A,07,1,3,0,0,0,0,0,0,0,"- ","- ",32.773769378662109,-115.63983917236328,IMPERIAL,UNINCORPORATED,-115.63983917236328,32.773715972900391
91297173,2020,2020-09-01,9625,2020-08-27,1458,018792,,4,2,9,1300,0,1,3,,1,044,"SR-86 N/B","CAREY ROAD",261.00,S,N,A,-,Y,,,86,,,,,,N,Y,3,0,4,2,A,-,03,22350,,N,D,C,A,A,H,-,A,D,0,,,,,Y,,A,07,0,1,3,0,0,0,0,0,0,"- ","- ",32.926189422607422,-115.56990051269531,IMPERIAL,UNINCORPORATED,-115.57003784179688,32.926189422607422
91351759,2020,2020-11-23,9625,2020-11-12,1630,018368,,4,2,9,1300,0,1,1,,2,001,"I-8 (E/B)",SR-98,8818.00,W,N,A,-,Y,,,8,,,,,,,Y,4,0,1,1,A,-,08,22107,,N,E,J,A,A,H,-,A,A,0,,,,,Y,,A,01,0,0,1,0,0,0,0,0,0,"- ","- ",32.719871520996094,-116.04749298095703,IMPERIAL,UNINCORPORATED,-116.04750061035156,32.719886779785156
91387380,2021,2021-01-14,9620,2021-01-05,0720,016222,,2,1,9,1300,0,2,4,,1,075,"S-24 (MEHRING RD)","S-24 (YORK RD)",0.00,,Y,A,-,N,,,,,,,,,,Y,4,0,1,1,A,-,08,22107,,M,F,A,A,A,H,-,A,D,0,,,,,Y,,A,01,0,0,1,0,0,0,0,0,0,"- ","- ",,,IMPERIAL,UNINCORPORATED,,
91452085,2021,2021-04-16,9625,2021-02-02,1900,018792,,2,2,9,1300,0,3,5,,2,010,"SHORE OASIS STREET","SOUTH MARINA DRIVE",198.00,E,N,A,-,N,,,,,,,,,,N,1,1,0,2,C,-,18,,,N,G,B,E,A,H,-,D,D,0,Y,,,,Y,,-,"- ",0,0,0,1,0,0,0,0,0,"- ","- ",33.288318634033203,-115.96269989013672,IMPERIAL,UNINCORPORATED,-115.96274566650391,33.288227081298828
91543754,2021,2021-08-12,9625,2021-08-06,1050,018368,,5,1,9,1300,0,1,1,,2,005,"I-8 E/B FROM SR-111 S/B","I-8 E/B",312.00,S,N,A,-,Y,,,8,,,,R,,E,Y,4,0,1,1,A,-,08,22107,,N,E,I,A,A,H,-,A,D,0,,,,,Y,,A,08,0,0,1,0,0,0,0,0,0,"- ","- ",32.772811889648438,-115.50153350830078,IMPERIAL,UNINCORPORATED,-115.50153350830078,32.772811889648438
8167989,2018,2019-11-23,1302,2018-03-30,1049,CX118,1302,5,5,4,1302,0,0,0,,0,002,"IMPERIAL AV","7TH ST",93.00,N,N,A,-,N,,,,,,,,,,N,3,0,1,2,A,-,09,21804,A,N,G,B,E,A,H,-,A,D,0,Y,,,,Y,,A,01,0,1,0,0,1,0,0,0,0,"- ","- ",,,IMPERIAL,CALEXICO,-115.56995391845703,32.846714019775391
9169920,2020,2021-01-07,1304,2020-10-13,1756,E0030,,2,5,4,1304,0,0,0,,0,,WAKE,"4TH ST",1205.00,W,N,A,-,N,,,,,,,,,,N,4,0,1,2,A,-,08,22107,,N,B,C,A,A,H,-,A,A,0,,,,,Y,,A,01,0,0,1,0,0,0,0,0,0,"- ","- ",,,IMPERIAL,"EL CENTRO",-115.55622100830078,32.771209716796875
9520646,2022,2023-07-12,1301,2022-12-22,"247 ",914,BRAWL,4,5,3,1301,0,0,0,,0,004,"OLD RT-111","MALAN ST",706.00,S,N,A,-,N,,,,,,,,,,Y,1,1,1,2,A,-,01,23152,A,N,A,C,A,A,H,-,D,D,0,,,,,Y,Y,A,01,0,0,1,0,0,0,0,0,0,"- ","- ",32.968818664550781,-115.50933837890625,IMPERIAL,BRAWLEY,-115.50933837890625,32.968902587890625
9568595,2023,2023-05-16,1304,2023-02-15,1040,391,EPTRL,3,5,4,1304,0,0,0,,0,WEST,CRUICKSHANK,IMPERIAL,0.00,,Y,A,-,Y,IMP,11,86,-,-,8.552,I,5,S,Y,3,0,2,2,D,-,00,,,N,A,C,A,A,H,-,A,A,0,,,,,Y,,-,"- ",0,2,0,0,0,0,0,0,0,"- ","- ",,,IMPERIAL,"EL CENTRO",-115.56992340087891,32.814826965332031
90668656,2018,2018-02-23,9625,2018-02-10,1157,018279,,6,1,9,1300,0,1,1,,2,004,"I-8 W/B","SILSBEE RD",5808.00,W,N,A,-,Y,,,8,,,,,,W,Y,2,0,4,2,A,-,07,21658,A,N,C,C,A,A,H,-,A,D,0,,,,,Y,,A,07,2,2,0,0,0,0,0,0,0,"- ","- ",32.773998260498047,-115.66570281982422,IMPERIAL,UNINCORPORATED,-115.66570281982422,32.774070739746094
90691851,2018,2018-03-28,9625,2018-03-24,1753,018792,,6,2,9,1300,0,2,4,,2,046,"DOGWOOD ROAD","MCCABE ROAD (NORTH)",73.00,S,N,A,-,N,,,,,,,,,,Y,3,0,3,2,A,-,03,22350,,N,C,C,A,A,H,-,A,A,0,,,,,Y,,A,01,0,3,0,0,0,0,0,0,0,"- ","- ",32.753040313720703,-115.53482818603516,IMPERIAL,UNINCORPORATED,-115.534912109375,32.752170562744141
91184557,2020,2020-02-11,9625,2020-01-31,1033,019667,,5,1,9,1300,0,1,3,,2,025,SR-78,"GREEN ROAD",0.00,,Y,A,-,Y,,,78,,,,,,,N,3,0,1,2,A,-,05,21752,D,N,B,C,A,A,H,-,A,A,0,,,,,Y,,A,07,0,1,0,0,0,0,0,0,0,"- ","- ",32.974758148193359,-115.32366180419922,IMPERIAL,UNINCORPORATED,-115.32366180419922,32.974761962890625
91588294,2021,2021-10-05,9625,2021-10-03,1719,020263,,7,2,9,1300,0,1,1,,2,006,"I-8 W/B","BONDS CORNER ROAD",5280.00,E,N,A,-,Y,,,8,,,,,,W,Y,3,0,1,2,A,-,01,23152,A,N,B,E,A,A,H,-,A,D,0,,,,,Y,Y,D,22,0,1,0,0,0,0,0,0,0,"- ","- ",32.77349853515625,-115.31751251220703,IMPERIAL,UNINCORPORATED,-115.31751251220703,32.773456573486328
91698148,2022,2022-02-10,9625,2022-01-31,1648,018930,,1,2,9,1300,0,1,3,,2,055,SR-115,"MILLER ROAD",0.00,,Y,A,-,Y,,,115,,,,,,,Y,4,0,1,2,A,-,09,21802,A,N,D,C,A,A,H,-,A,A,0,,,,Y,Y,,F,26,0,0,1,0,0,0,0,0,0,"- ","- ",32.787521362304688,-115.30274963378906,IMPERIAL,UNINCORPORATED,-115.30277252197266,32.787487030029297
91771474,2022,2022-05-13,9625,2022-05-04,2040,019225,,3,2,9,1300,0,3,5,,2,040,"CLARK ROAD","ROSARITO DRIVE",1056.00,N,N,A,-,N,,,,,,,,,,N,3,0,1,2,A,-,11,21954,A,N,G,B,E,A,H,-,D,D,0,Y,,,,Y,,N,60,0,1,0,0,1,0,0,0,0,"- ","- ",32.836048126220703,-115.56153869628906,IMPERIAL,UNINCORPORATED,-115.5615234375,32.835376739501953
91923499,2022,2022-11-21,9620,2022-11-14,1425,018535,,1,2,9,1300,0,1,3,,1,063,SR-78,"OGILBY RD",3696.00,E,N,A,-,Y,,,78,,,,,,,Y,2,0,2,1,A,-,08,22107,,N,F,A,A,A,H,-,A,D,0,,,,,Y,,-,"- ",2,0,0,0,0,0,0,0,0,"- ","- ",33.092449188232422,-114.90277099609375,IMPERIAL,UNINCORPORATED,-114.90274047851562,33.092430114746094
92242255,2023,2023-11-22,9625,2023-11-21,1715,019225,,2,2,9,1300,0,1,3,,2,053,"SR-111 (NORTHBOUND)","MCCABE ROAD",50.00,S,N,A,-,Y,,,111,,,,,,,N,4,0,1,2,A,-,03,22350,,N,C,C,A,A,H,-,D,D,0,,,,,Y,,D,22,0,0,1,0,0,0,0,0,0,"- ","- ",32.752101898193359,-115.50066375732422,IMPERIAL,UNINCORPORATED,-115.50075531005859,32.752098083496094
90697903,2018,2018-04-03,9625,2018-02-20,1340,018464,,2,1,9,1300,0,1,1,,2,006,"I-8 WESTBOUND","BARBARA WORTH ROAD",1127.00,E,N,A,-,Y,,,8,,,,,,W,Y,1,1,4,2,A,-,08,22107,,N,D,C,A,A,D,-,A,A,0,,,,,Y,,A,01,3,1,0,0,0,0,0,0,0,"- ","- ",32.773719787597656,-115.42845153808594,IMPERIAL,UNINCORPORATED,-115.42845153808594,32.773574829101562