CASE_ID,ACCIDENT_YEAR,PROC_DATE,JURIS,COLLISION_DATE,COLLISION_TIME,OFFICER_ID,REPORTING_DISTRICT,DAY_OF_WEEK,CHP_SHIFT,POPULATION,CNTY_CITY_LOC,SPECIAL_COND,BEAT_TYPE,CHP_BEAT_TYPE,CITY_DIVISION_LAPD,CHP_BEAT_CLASS,BEAT_NUMBER,PRIMARY_RD,SECONDARY_RD,DISTANCE,DIRECTION,INTERSECTION,WEATHER_1,WEATHER_2,STATE_HWY_IND,CALTRANS_COUNTY,CALTRANS_DISTRICT,STATE_ROUTE,ROUTE_SUFFIX,POSTMILE_PREFIX,POSTMILE,LOCATION_TYPE,RAMP_INTERSECTION,SIDE_OF_HWY,TOW_AWAY,COLLISION_SEVERITY,NUMBER_KILLED,NUMBER_INJURED,PARTY_COUNT,PRIMARY_COLL_FACTOR,PCF_CODE_OF_VIOL,PCF_VIOL_CATEGORY,PCF_VIOLATION,PCF_VIOL_SUBSECTION,HIT_AND_RUN,TYPE_OF_COLLISION,MVIW,PED_ACTION,ROAD_SURFACE,ROAD_COND_1,ROAD_COND_2,LIGHTING,CONTROL_DEVICE,CHP_ROAD_TYPE,PEDESTRIAN_ACCIDENT,BICYCLE_ACCIDENT,MOTORCYCLE_ACCIDENT,TRUCK_ACCIDENT,NOT_PRIVATE_PROPERTY,ALCOHOL_INVOLVED,STWD_VEHTYPE_AT_FAULT,CHP_VEHTYPE_AT_FAULT,COUNT_SEVERE_INJ,COUNT_VISIBLE_INJ,COUNT_COMPLAINT_PAIN,COUNT_PED_KILLED,COUNT_PED_INJURED,COUNT_BICYCLIST_KILLED,COUNT_BICYCLIST_INJURED,COUNT_MC_KILLED,COUNT_MC_INJURED,PRIMARY_RAMP,SECONDARY_RAMP,LATITUDE,LONGITUDE,COUNTY,CITY,POINT_X,POINT_Y
90717851,2018,2018-05-02,9620,2018-04-22,0845,018703,,7,1,9,1300,0,1,1,,2,082,"INTERSTATE 8 WESTBOUND","4TH AVENUE",528.00,W,N,A,-,Y,,,8,,,,,,W,Y,1,1,2,2,A,-,11,21954,A,N,G,B,D,A,H,-,A,A,0,Y,,Y,,Y,,N,60,0,2,0,1,0,0,0,0,2,"- ","- ",32.732769012451172,-114.62822723388672,IMPERIAL,UNINCORPORATED,-114.62823486328125,32.732738494873047
90813354,2018,2018-09-14,9625,2018-09-08,0840,018279,,6,1,9,1300,0,2,4,,2,057,"EVAN HEWES HWY W/B",SR-111,55.00,E,N,A,-,N,,,,,,,,,,N,4,0,2,2,A,-,21,22106,,N,C,C,A,A,H,-,A,A,0,,,,,Y,,A,01,0,0,2,0,0,0,0,0,0,"- ","- ",32.799900054931641,-115.50015258789062,IMPERIAL,UNINCORPORATED,-115.50052642822266,32.799808502197266
90948023,2019,2019-03-18,9625,2019-01-26,1818,019225,,6,2,9,1300,0,3,5,,2,050,"HEBER AVENUE",SR-86,197.00,N,N,A,-,N,,,,,,,,,,N,1,1,0,2,A,-,03,22350,,N,G,B,D,A,H,-,C,D,0,Y,,,,Y,,A,01,0,0,0,1,0,0,0,0,0,"- ","- ",32.731281280517578,-115.53009796142578,IMPERIAL,UNINCORPORATED,-115.53008270263672,32.731227874755859
91006076,2019,2019-06-10,9625,2019-05-31,1645,019667,,5,2,9,1300,0,2,4,,2,046,"DOGWOOD ROAD","STATE ROUTE 98",1489.00,N,N,A,-,N,,,,,,,,,,Y,4,0,1,1,A,-,08,22107,,N,E,I,A,A,H,-,A,D,0,,,,,Y,,A,01,0,0,1,0,0,0,0,0,0,"- ","- ",32.683929443359375,-115.53366088867188,IMPERIAL,UNINCORPORATED,-115.53359222412109,32.68328857421875
91074115,2019,2019-09-13,9625,2019-09-05,1348,018792,,4,1,9,1300,0,1,1,,2,004,"I-8 WESTBOUND","DREW ROAD",501.00,W,N,A,-,Y,,,,,,,,,,Y,4,0,4,1,A,-,08,22107,,N,F,A,A,A,H,-,A,D,0,,,,,Y,,A,07,0,0,4,0,0,0,0,0,0,"- ","- ",32.773998260498047,-115.99182891845703,IMPERIAL,UNINCORPORATED,-115.69196319580078,32.774101257324219
90693099,2018,2018-03-29,9625,2018-03-22,1910,019035,,4,2,9,1300,0,3,5,,2,050,"COLE ROAD","STATE ROUTE 98",236.00,W,N,A,-,N,,,,,,,,,,Y,3,0,1,4,A,-,03,22350,,N,C,C,A,A,H,-,C,A,0,,,,,Y,,A,01,0,1,0,0,0,0,0,0,0,"- ","- ",32.694000244140625,-115.45639801025391,IMPERIAL,UNINCORPORATED,-115.45604705810547,32.693904876708984
90974546,2019,2019-04-24,9625,2019-04-16,1418,018207,,2,2,9,1300,0,1,3,,1,021,SR-111,"DOWDEN ROAD",1046.00,S,N,A,G,Y,,,,,,,,,,Y,3,0,2,1,A,-,00,22017,,N,F,A,A,A,H,-,A,D,0,,,,,Y,,A,01,0,1,1,0,0,0,0,0,0,"- ","- ",33.114391326904297,-115.51611328125,IMPERIAL,UNINCORPORATED,-115.51691436767578,33.086917877197266
91101286,2019,2019-10-21,9625,2019-10-09,2011,020054,,3,2,9,1300,0,1,3,,2,053,SR-111,"HEBER ROAD",223.00,S,N,A,-,Y,,,111,,,,,,,Y,4,0,1,2,A,-,03,22350,,N,C,C,A,A,H,-,C,D,0,,,,,Y,,D,22,0,0,1,0,0,0,0,0,0,"- ","- ",32.730571746826172,-115.50006103515625,IMPERIAL,UNINCORPORATED,-115.50040435791016,32.730564117431641
91321174,2020,2020-10-09,9625,2020-09-29,2115,022010,,2,2,9,1300,0,1,3,,2,056,SR-115,"COOPER ROAD",677.00,N,N,A,-,Y,,,115,,,,,,,Y,3,0,1,1,A,-,01,23152,A,N,F,A,A,A,H,-,D,D,0,,,,,Y,,A,01,0,1,0,0,0,0,0,0,0,"- ","- ",32.909809112548828,-115.40586090087891,IMPERIAL,UNINCORPORATED,-115.40624237060547,32.909809112548828
91343527,2020,2020-11-11,9620,2020-11-09,1443,020054,,1,2,9,1300,0,1,3,,1,063,SR-78,"OGILBY RD",42.00,E,N,A,-,Y,,,78,,,,,,,Y,3,0,1,1,A,-,12,22450,A,N,E,I,A,A,H,-,A,A,0,,,,,Y,,A,07,0,1,0,0,0,0,0,0,0,"- ","- ",33.085689544677734,-114.91100311279297,IMPERIAL,UNINCORPORATED,-114.91097259521484,33.085613250732422
91386074,2021,2021-01-12,9620,2021-01-08,1342,017837,Quech,5,1,9,1300,0,1,1,,2,082,"I-8 E/B TO WINTERHAVEN DR. S/B","WINTERHAVEN DR.",0.00,,Y,A,-,Y,,,8,,,,R,,E,Y,4,0,1,2,A,-,09,21802,A,N,B,C,A,A,D,-,A,A,0,,,,,Y,,A,01,0,0,1,0,0,0,0,0,0,"- ","- ",32.731498718261719,-114.62470245361328,IMPERIAL,UNINCORPORATED,-114.62470245361328,32.731498718261719
91587240,2021,2021-10-04,9625,2021-09-25,1305,021232,,6,1,9,1300,0,3,5,,2,050,"HEBER ROAD",ANDERHOLT,2112.00,E,N,A,-,N,,,,,,,,,,Y,2,0,2,1,A,-,08,22107,,N,F,A,A,A,H,-,A,D,0,,,,,Y,,D,22,1,1,0,0,0,0,0,0,0,"- ","- ",32.730079650878906,-115.40699768066406,IMPERIAL,UNINCORPORATED,-115.40692138671875,32.730129241943359
91649192,2021,2021-12-10,9625,2021-11-30,1025,018930,,2,1,9,1300,0,3,5,,2,040,"AUSTIN ROAD","HARRIS ROAD",2653.00,N,N,A,-,N,,,,,,,,,,Y,2,0,2,2,A,-,08,22107,,N,C,C,A,A,H,-,A,D,0,,,,Y,Y,,G,26,1,0,1,0,0,0,0,0,0,"- ","- ",32.897991180419922,-115.5948486328125,IMPERIAL,UNINCORPORATED,-115.59493255615234,32.897880554199219
91685052,2022,2022-01-25,9625,2022-01-15,1425,018933,,6,2,9,1300,0,1,3,,1,042,SR-98,"SIGNAL ROAD",2640.00,E,N,A,-,Y,,,98,,,,,,,Y,3,0,1,1,A,-,08,22107,,N,F,A,A,A,H,-,A,D,0,,,,,Y,,A,01,0,1,0,0,0,0,0,0,0,"- ","- ",32.679080963134766,-115.68402099609375,IMPERIAL,UNINCORPORATED,-115.68401336669922,32.67913818359375
91696784,2022,2022-02-09,9625,2022-01-29,"910 ",017727,,6,1,9,1300,0,1,3,,1,022,SR-111,"NILAND MARINA ROAD",6494.00,S,N,A,-,Y,,,111,,,,,,,Y,4,0,1,2,A,-,08,22107,,N,E,J,A,A,H,-,A,D,0,,,,,Y,,D,22,0,0,1,0,0,0,0,0,0,"- ","- ",33.349399566650391,-115.63079833984375,IMPERIAL,UNINCORPORATED,-115.63082885742188,33.349376678466797
91747953,2022,2022-04-14,9625,2022-04-04,2200,019667,,1,3,9,1300,0,1,1,,2,003,"INTERSTATE 8 E/B","IMPERIAL HIGHWAY",10032.00,E,N,A,-,Y,,,8,,,,,,E,Y,3,0,2,1,A,-,08,22107,,N,F,A,A,A,H,-,D,D,0,,,,,Y,,A,01,0,2,0,0,0,0,0,0,0,"- ","- ",32.742538452148438,-115.96280670166016,IMPERIAL,UNINCORPORATED,-115.96279907226562,32.74249267578125
8834214,2019,2019-04-11,1304,2019-03-12,0826,343,ELCE,2,5,4,1304,0,0,0,,0,WEST,ROSS,"LA BRUCHERIE",81.00,W,N,A,-,N,,,,,,,,,,Y,4,0,1,2,A,-,07,21658,A,N,B,C,A,A,H,-,A,D,0,,,,,Y,,A,01,0,0,1,0,0,0,0,0,0,"- ","- ",,,IMPERIAL,"EL CENTRO",-115.57874298095703,32.781471252441406
8921336,2018,2019-09-10,1302,2018-02-27,1451,542,1302,2,5,4,1302,0,0,0,,0,002,"HEBER AV","ROSEMONT ST",0.00,,Y,A,-,N,,,,,,,,,,N,4,0,2,2,A,-,09,21802,A,N,D,C,A,A,H,-,A,A,0,,,,,Y,,A,01,0,0,2,0,0,0,0,0,0,"- ","- ",,,IMPERIAL,CALEXICO,-115.49352264404297,32.674961090087891
9424287,2022,2022-04-05,1304,2022-03-09,1401,358,,3,5,4,1304,0,0,0,,0,EAST,6TH,PICO,0.00,,Y,A,-,N,,,,,,,,,,N,4,0,1,2,A,-,09,21802,A,N,-,G,A,A,H,-,A,A,0,,Y,,,Y,,-,,0,0,1,0,0,0,1,0,0,"- ","- ",,,IMPERIAL,"EL CENTRO",-115.55706787109375,32.805648803710938
9613697,2023,2023-08-24,1304,2023-07-25,1535,E365,ELCE,2,5,4,1304,0,0,0,,0,WEST,"BROADWAY AV","8TH ST",0.00,,Y,A,-,N,,,,,,,,,,Y,3,0,2,2,A,-,12,21453,A,N,B,C,A,A,H,-,A,A,0,,,,,Y,,A,01,0,2,0,0,0,0,0,0,0,"- ","- ",32.793880462646484,-115.56140899658203,IMPERIAL,"EL CENTRO",-115.56144714355469,32.793857574462891
90997480,2019,2019-10-03,9625,2019-01-31,0318,022010,,4,3,9,1300,0,3,5,,2,050,"BOYD ROAD","HIGHLINE ROAD",1179.00,E,N,A,-,N,,,,,,,,,,N,1,1,0,1,A,-,08,22107,,N,F,A,A,A,H,-,D,D,0,,,,,Y,,M,46,0,0,0,0,0,0,0,0,0,"- ","- ",32.902240753173828,-115.30284118652344,IMPERIAL,UNINCORPORATED,-115.30766296386719,32.902141571044922
91010746,2019,2019-06-17,9625,2019-06-05,1708,019668,,3,2,9,1300,0,1,1,,2,005,"I-8 W/B FROM DOGWOOD ROAD N/B","DOGWOOD ROAD",172.00,E,N,A,-,Y,,,,,,,,,,Y,3,0,2,1,A,-,03,22350,,N,E,I,A,A,H,-,A,A,0,,,,,Y,,A,07,0,2,0,0,0,0,0,0,0,"- ","- ",32.773860931396484,-115.5347900390625,IMPERIAL,UNINCORPORATED,-115.53465270996094,32.773902893066406
91190072,2019,2020-02-20,9625,2019-12-05,1723,019035,,4,2,9,1300,0,1,3,,1,054,"STATE ROUTE 111 SOUTHBOUND","ATEN ROAD",1584.00,S,N,A,-,Y,,,111,,,,,,S,Y,1,1,1,2,A,-,05,21651,B,N,A,C,A,A,H,-,D,D,0,,,,,Y,,A,01,1,0,0,0,0,0,0,0,0,"- ","- ",32.823600769042969,-115.50039672851562,IMPERIAL,UNINCORPORATED,-115.50023651123047,32.823596954345703
91227105,2020,2020-04-20,9625,2020-04-17,0740,017727,,5,1,9,1300,0,1,3,,1,021,SR-111,"DAVIS ROAD",612.00,N,N,A,-,Y,,,111,,,,,,,Y,3,0,1,1,A,-,08,22107,,N,E,I,A,A,H,-,A,D,0,,,,Y,Y,,G,25,0,1,0,0,0,0,0,0,0,"- ","- ",33.286079406738281,-115.57952117919922,IMPERIAL,UNINCORPORATED,-115.57960510253906,33.2860107421875
91389599,2021,2021-01-18,9625,2021-01-16,1845,018468,,6,2,9,1300,0,1,1,,2,006,"INTERSTATE 8 (W/B)","STATE ROUTE 111",2800.00,E,N,A,-,Y,,,,,,,,,,N,4,0,1,2,A,-,07,21658,A,N,B,C,A,A,H,-,D,D,0,,,,,Y,,A,07,0,0,1,0,0,0,0,0,0,"- ","- ",32.723831176757812,-115.49189758300781,IMPERIAL,UNINCORPORATED,-115.50099182128906,32.773700714111328
91390744,2020,2021-01-19,9625,2020-11-24,1905,019225,,2,2,9,1300,0,1,3,,2,052,SR-98,"ANDERHOLT ROAD",2321.00,W,N,A,-,Y,,,98,,,,,,,N,1,1,0,2,A,-,11,21956,A,N,G,B,E,A,H,-,D,D,0,Y,,,Y,Y,,N,60,0,0,0,1,0,0,0,0,0,"- ","- ",32.693889617919922,-115.42044830322266,IMPERIAL,UNINCORPORATED,-115.42044830322266,32.693824768066406
91451435,2021,2021-04-15,9625,2021-04-05,1731,018933,,1,2,9,1300,0,1,3,,2,043,SR-86,"MCCABE ROAD",0.00,,Y,A,-,Y,,,86,,,,,,,Y,3,0,2,2,A,-,12,21453,A,N,D,C,A,A,H,-,A,A,0,,,,,Y,,A,01,0,2,0,0,0,0,0,0,0,"- ","- ",32.752361297607422,-115.55191802978516,IMPERIAL,UNINCORPORATED,-115.55187225341797,32.752361297607422
91755576,2022,2022-04-25,9625,2022-02-08,1720,018792,,2,2,9,1300,0,3,5,,2,010,"BORREGO SALTON SEAWAY (S22)","VERONICA AVENUE",1848.00,W,N,A,-,N,,,,,,,,,,Y,1,1,0,1,A,-,08,22107,,N,F,A,A,A,H,-,A,D,0,,,,Y,Y,,G,25,0,0,0,0,0,0,0,0,0,"- ","- ",33.263908386230469,-116.00028228759766,IMPERIAL,UNINCORPORATED,-115.99907684326172,33.264228820800781
8921344,2018,2019-09-06,1302,2018-01-09,0806,I0005,1302,2,5,4,1302,0,0,0,,0,002,"5TH ST","BLAIR AV",35.00,E,N,A,-,N,,,,,,,,,,N,3,0,1,2,A,-,10,21950,A,N,G,B,B,-,H,-,A,A,0,Y,,,,Y,,A,07,0,1,0,0,1,0,0,0,0,"- ","- ",,,IMPERIAL,CALEXICO,-115.49061584472656,32.669818878173828
9263383,2021,2021-05-13,1304,2021-04-24,1727,363,EWES,6,5,4,1304,0,0,0,,0,WEST,"W HOLT","W HOLT 1500",0.00,,N,A,-,N,,,,,,,,,,Y,3,0,1,1,A,-,03,22350,,N,E,I,A,A,H,-,A,D,0,,,,,Y,,-,,0,1,0,0,0,0,0,0,0,"- ","- ",32.787921905517578,-115.57273101806641,IMPERIAL,"EL CENTRO",-115.54399108886719,32.787746429443359
9418408,2022,2022-03-29,1304,2022-03-03,1722,358,,4,5,4,1304,0,0,0,,0,,CRUICKSHANK,10TH,0.00,,Y,A,-,N,,,,,,,,,,N,3,0,1,2,A,-,05,21651,B,N,D,G,A,A,H,-,B,D,0,,Y,,,Y,,L,04,0,1,0,0,0,0,1,0,0,"- ","- ",,,IMPERIAL,"EL CENTRO",-115.56398010253906,32.814754486083984
9494287,2022,2022-10-03,1304,2022-09-12,1701,368,E1,1,5,4,1304,0,0,0,,0,EAST,"RT 86",6TH,0.00,,Y,A,-,Y,IMP,11,86,-,L,7.770,I,5,N,Y,3,0,3,2,A,-,12,21453,A,N,D,C,A,A,H,-,A,A,0,,,,,Y,,A,07,0,3,0,0,0,0,0,0,0,"- ","- ",,,IMPERIAL,"EL CENTRO",-115.55709838867188,32.796558380126953
9625148,2023,2023-10-11,1301,2023-07-06,"1   ",916,BRAWL,4,5,3,1301,0,0,0,,0,002,"S BRAWLEY AV","PANNO RD",0.00,,Y,A,-,Y,IMP,11,86,-,-,19.560,H,-,S,Y,3,0,1,2,A,-,03,22350,,N,C,G,A,A,H,-,C,A,0,,Y,,,Y,,A,01,0,1,0,0,0,0,1,0,0,"- ","- ",,,IMPERIAL,BRAWLEY,-115.54778289794922,32.96478271484375
90834997,2018,2018-10-12,9625,2018-10-02,0605,017432,,2,1,9,1300,0,1,3,,1,044,SR-86,"LARSEN ROAD",0.00,,Y,A,-,Y,,,86,,,,,,,Y,4,0,2,2,A,-,09,21802,A,N,D,C,A,A,H,-,B,A,0,,,,,Y,,A,01,0,0,2,0,0,0,0,0,0,"- ","- ",32.876430511474609,-115.57034301757812,IMPERIAL,UNINCORPORATED,-115.57023620605469,32.876430511474609
91419882,2021,2021-03-03,9625,2021-02-24,0840,016248,,3,1,9,1300,0,1,3,,2,053,SR-111,"ROSS ROAD",0.00,,Y,A,-,Y,,,111,,,,,,,Y,3,0,2,2,A,-,09,21801,A,N,D,C,A,A,H,-,A,A,0,,,,,Y,,A,07,0,2,0,0,0,0,0,0,0,"- ","- ",32.781471252441406,-115.50150299072266,IMPERIAL,UNINCORPORATED,-115.50151062011719,32.781471252441406
91438451,2021,2021-03-29,9625,2021-03-19,0058,018368,,5,3,9,1300,0,1,1,,2,001,"I-8 E/B","MOUNTAIN SPRINGS ROAD",6326.00,W,N,A,-,Y,,,8,,,,,,E,Y,2,0,1,1,A,-,08,22107,,N,E,I,A,A,H,-,D,D,0,,,,,Y,,A,01,1,0,0,0,0,0,0,0,0,"- ","- ",32.665401458740234,-116.10594940185547,IMPERIAL,UNINCORPORATED,-116.10585021972656,32.665420532226562
91491334,2021,2021-06-07,9625,2021-05-29,1354,018792,,6,1,9,1300,0,1,3,,1,012,"SR-86 S/B","SUNRISE DR",0.00,,Y,A,-,Y,,,86,,,,,,S,Y,3,0,2,2,A,-,12,22450,A,N,D,C,A,A,H,-,A,A,0,,,,,Y,,A,07,0,1,1,0,0,0,0,0,0,"- ","- ",33.289218902587891,-115.97190856933594,IMPERIAL,UNINCORPORATED,-115.97193145751953,33.289207458496094
92073236,2023,2023-05-19,9625,2023-05-09,2155,020516,,2,2,9,1300,0,1,3,,1,042,SR-98,"FERRELL ROAD",0.00,,Y,A,G,Y,,,98,,,,,,,Y,4,0,1,2,A,-,09,21801,A,N,A,C,A,A,H,-,D,A,0,,,,,Y,,J,48,0,0,1,0,0,0,0,0,0,"- ","- ",32.67919921875,-115.58590698242188,IMPERIAL,UNINCORPORATED,-115.58590698242188,32.679191589355469
8983243,2019,2020-01-08,1302,2019-02-07,1838,084,1302,4,5,4,1302,0,0,0,,0,001,"GRANT ST","LINHOLM AV",0.00,,-,A,-,N,,,,,,,,,,Y,4,0,1,3,A,-,08,22107,,N,A,C,A,A,H,-,A,D,0,,,,,Y,,-,,0,0,1,0,0,0,0,0,0,"- ","- ",,,IMPERIAL,CALEXICO,-115.52024078369141,32.6744384765625
9097280,2020,2020-10-29,1304,2020-05-08,2218,339,ECSO,5,5,4,1304,0,0,0,,0,EAST,"4TH ST","BRIGHTON AV",29.00,S,N,A,-,N,,,,,,,,,,N,2,0,1,2,A,-,11,21954,A,N,G,B,D,A,H,-,C,D,0,Y,,,,Y,,N,60,1,0,0,0,1,0,0,0,0,"- ","- ",,,IMPERIAL,"EL CENTRO",-115.55251312255859,32.789691925048828
9158371,2020,2020-11-20,1304,2020-09-23,0655,335,E1,3,5,4,1304,0,0,0,,0,EAST,ORANGE,HOPE,0.00,,Y,A,-,N,,,,,,,,,,Y,4,0,2,2,A,-,12,22450,,N,D,A,A,A,H,-,A,A,0,,,,,Y,,A,01,0,0,2,0,0,0,0,0,0,"- ","- ",,,IMPERIAL,"EL CENTRO",-115.53971862792969,32.788761138916016
9377961,2021,2022-01-14,1304,2021-12-28,1518,322,EWEST,2,5,4,1304,0,0,0,,0,ECWEST,"12TH ST",STACEY,0.00,,Y,B,-,N,,,,,,,,,,Y,3,0,2,2,A,-,09,21800,A,N,D,C,A,A,H,-,A,D,0,,,,,Y,,-,,0,2,0,0,0,0,0,0,0,"- ","- ",32.800628662109375,-115.56566619873047,IMPERIAL,"EL CENTRO",-115.56566619873047,32.800651550292969
9473302,2022,2022-08-11,1304,2022-07-19,1051,338,EWEST,2,5,4,1304,0,0,0,,0,WEST,"BROADWAY AV","8TH ST",0.00,,Y,A,-,N,,,,,,,,,,N,3,0,2,2,A,-,12,21453,A,N,D,C,A,A,H,-,A,A,0,,,,,Y,,A,07,0,2,0,0,0,0,0,0,0,"- ","- ",,,IMPERIAL,"EL CENTRO",-115.56144714355469,32.793857574462891
9595304,2023,2023-07-18,1304,2023-06-17,2003,361,ELCE,6,5,4,1304,0,0,0,,0,EAST,"WEST ROSS",8TH,213.00,E,N,A,-,N,,,,,,,,,,Y,3,0,1,1,A,-,08,22107,,N,E,I,A,A,H,-,B,D,0,,,,,Y,,A,07,0,1,0,0,0,0,0,0,0,"- ","- ",,,IMPERIAL,"EL CENTRO",-115.56055450439453,32.781482696533203
91711349,2021,2022-02-28,9625,2021-11-04,1410,019667,,4,2,9,1300,0,1,3,,1,042,"STATE ROUTE 98","SIGNAL ROAD",48576.00,W,N,A,-,Y,,,98,,,,,,,Y,1,1,1,2,A,-,06,21751,,N,A,C,A,A,H,-,A,D,0,,,,,Y,,D,22,1,0,0,0,0,0,0,0,0,"- ","- ",32.671428680419922,-115.84961700439453,IMPERIAL,UNINCORPORATED,-115.84962463378906,32.671440124511719
91773229,2022,2022-05-16,9625,2022-05-08,1808,021107,,7,2,9,1300,0,3,5,,2,040,"DOS CABEZA ROAD","IMPERIAL HIGHWAY",1440.00,S,N,A,-,N,,,,,,,,,,Y,2,0,1,1,A,-,08,22107,,N,F,A,A,A,H,-,A,D,0,,,Y,,Y,,C,06,1,0,0,0,0,0,0,0,1,"- ","- ",32.749851226806641,-116.04929351806641,IMPERIAL,UNINCORPORATED,,
90711356,2018,2018-04-23,9620,2018-04-16,0135,020738,,1,3,9,1300,0,3,5,,2,070,"ARNOLD ROAD","FOSTER ROAD",675.00,W,N,A,-,N,,,,,,,,,,Y,4,0,1,1,A,-,01,23152,A,N,E,I,A,A,H,-,D,D,0,,,,,Y,Y,D,22,0,0,1,0,0,0,0,0,0,"- ","- ",32.75286865234375,-114.64450073242188,IMPERIAL,UNINCORPORATED,-114.64415740966797,32.752826690673828
90792303,2018,2018-08-16,9625,2018-08-11,0830,018279,,6,1,9,1300,0,1,1,,2,006,"I-8 W/B","SR-111 N/B",12.00,W,N,A,-,Y,,,8,,,,,,W,Y,4,0,2,2,A,-,03,22350,,N,C,C,A,A,H,-,A,D,0,,,,,Y,,A,01,0,0,2,0,0,0,0,0,0,"- ","- ",32.773918151855469,-115.50108337402344,IMPERIAL,UNINCORPORATED,-115.50108337402344,32.773933410644531
91030527,2019,2019-07-15,9625,2019-07-07,0454,020516,,7,3,9,1300,0,1,3,,1,012,"SR-86 N/B","BLACK DIAMOND ROAD",2965.00,N,N,A,-,Y,,,86,,,,,,N,Y,3,0,2,2,A,-,03,22350,,N,C,C,A,A,H,-,D,D,0,,,,,Y,,A,01,0,2,0,0,0,0,0,0,0,"- ","- ",33.365371704101562,-116.02092742919922,IMPERIAL,UNINCORPORATED,-116.02100372314453,33.365345001220703
91161285,2019,2020-01-14,9625,2019-12-29,0134,020263,,7,3,9,1300,0,1,3,,2,053,SR-111,SR-86,0.00,,Y,A,-,Y,,,111,,,,,,,Y,2,0,4,2,A,-,01,23153,A,N,D,C,A,A,H,-,C,A,0,,,,,Y,Y,D,22,3,1,0,0,0,0,0,0,0,"- ","- ",32.73065185546875,-115.50032043457031,IMPERIAL,UNINCORPORATED,-115.50040435791016,32.730648040771484
91209430,2020,2020-03-16,9625,2020-03-06,0705,017809,,5,1,9,1300,0,3,5,,2,010,"ARROWHEAD AVENUE","PACIFIC STREET",0.00,,Y,A,-,N,,,,,,,,,,Y,3,0,3,2,A,-,09,21800,A,N,D,C,A,A,H,-,A,D,0,,,,,Y,,A,08,0,1,2,0,0,0,0,0,0,"- ","- ",33.328929901123047,-115.95511627197266,IMPERIAL,UNINCORPORATED,-115.95520782470703,33.328880310058594
91656153,2021,2021-12-20,9625,2021-12-12,1505,019668,,7,2,9,1300,0,2,4,,2,046,"COLE ROAD","DOGWOOD ROAD",0.00,,Y,A,-,N,,,,,,,,,,Y,4,0,2,2,A,-,12,22450,A,N,D,C,A,A,H,-,A,A,0,,,,,Y,,A,01,0,0,2,0,0,0,0,0,0,"- ","- ",32.693958282470703,-115.53412628173828,IMPERIAL,UNINCORPORATED,-115.53398132324219,32.694004058837891
8597469,2018,2018-04-25,1304,2018-02-16,0257,361,E1,5,5,4,1304,0,0,0,,0,WEST,8TH,PALMVIEW,130.00,S,N,A,-,N,,,,,,,,,,Y,2,0,1,1,A,-,01,23152,A,N,E,I,A,A,H,-,C,D,0,,,,,Y,Y,A,01,1,0,0,0,0,0,0,0,0,"- ","- ",32.756099700927734,-115.56069946289062,IMPERIAL,"EL CENTRO",-115.56069183349609,32.756504058837891
8924048,2018,2019-09-13,1302,2018-11-03,1059,CX164,1302,6,5,4,1302,0,0,0,,0,003,"IMPERIAL AV","W 4TH ST",78.00,N,N,A,-,Y,IMP,11,111,-,-,0.490,H,-,S,N,4,0,1,2,A,-,03,22350,,N,C,C,A,A,H,-,A,A,0,,,,,Y,,A,07,0,0,1,0,0,0,0,0,0,"- ","- ",,,IMPERIAL,CALEXICO,-115.49868011474609,32.668956756591797
8924311,2019,2020-09-18,1302,2019-05-08,1844,564,1302,3,5,4,1302,0,0,0,,0,001,"RT 98","DAVID NAVARRO AV",297.00,E,N,A,-,Y,IMP,11,98,-,-,31.200,H,-,E,N,4,0,1,2,A,-,03,22350,,N,C,C,A,A,H,-,A,A,0,,,,,Y,,A,01,0,0,1,0,0,0,0,0,0,"- ","- ",,,IMPERIAL,CALEXICO,-115.51787567138672,32.679187774658203
9254883,2021,2021-04-29,1304,2021-02-20,2039,337,ELEC,6,5,4,1304,0,0,0,,0,WEST,"19TH ST","FARMER DR",0.00,,Y,A,-,N,,,,,,,,,,Y,3,0,1,3,A,-,09,21800,A,N,D,C,A,A,H,-,C,D,0,,,,,Y,Y,A,01,0,1,0,0,0,0,0,0,0,"- ","- ",32.771411895751953,-115.57631683349609,IMPERIAL,"EL CENTRO",-115.57634735107422,32.771484375
91253812,2020,2020-06-18,9625,2020-06-12,0935,016248,,5,1,9,1300,0,1,3,,2,053,"SR-111 N/B","I-8 W/B",75.00,N,N,A,-,Y,,,111,,,,,,N,Y,3,0,2,2,A,-,07,21658,A,N,B,C,A,A,H,-,A,D,0,,,,,Y,,D,22,0,2,0,0,0,0,0,0,0,"- ","- ",32.774158477783203,-115.50109100341797,IMPERIAL,UNINCORPORATED,-115.50122833251953,32.774154663085938
91301863,2020,2020-09-09,9625,2020-08-30,2050,020263,,7,2,9,1300,0,1,3,,1,012,"SR-86 N/B","DESERT SHORES DRIVE",72.00,S,N,A,-,Y,,,86,,,,,,N,Y,3,0,1,2,A,-,01,23152,A,N,C,C,A,A,H,-,C,D,0,,,,Y,Y,Y,D,22,0,1,0,0,0,0,0,0,0,"- ","- ",33.405658721923828,-116.04588317871094,IMPERIAL,UNINCORPORATED,-116.04593658447266,33.405647277832031