CASE_ID,ACCIDENT_YEAR,PROC_DATE,JURIS,COLLISION_DATE,COLLISION_TIME,OFFICER_ID,REPORTING_DISTRICT,DAY_OF_WEEK,CHP_SHIFT,POPULATION,CNTY_CITY_LOC,SPECIAL_COND,BEAT_TYPE,CHP_BEAT_TYPE,CITY_DIVISION_LAPD,CHP_BEAT_CLASS,BEAT_NUMBER,PRIMARY_RD,SECONDARY_RD,DISTANCE,DIRECTION,INTERSECTION,WEATHER_1,WEATHER_2,STATE_HWY_IND,CALTRANS_COUNTY,CALTRANS_DISTRICT,STATE_ROUTE,ROUTE_SUFFIX,POSTMILE_PREFIX,POSTMILE,LOCATION_TYPE,RAMP_INTERSECTION,SIDE_OF_HWY,TOW_AWAY,COLLISION_SEVERITY,NUMBER_KILLED,NUMBER_INJURED,PARTY_COUNT,PRIMARY_COLL_FACTOR,PCF_CODE_OF_VIOL,PCF_VIOL_CATEGORY,PCF_VIOLATION,PCF_VIOL_SUBSECTION,HIT_AND_RUN,TYPE_OF_COLLISION,MVIW,PED_ACTION,ROAD_SURFACE,ROAD_COND_1,ROAD_COND_2,LIGHTING,CONTROL_DEVICE,CHP_ROAD_TYPE,PEDESTRIAN_ACCIDENT,BICYCLE_ACCIDENT,MOTORCYCLE_ACCIDENT,TRUCK_ACCIDENT,NOT_PRIVATE_PROPERTY,ALCOHOL_INVOLVED,STWD_VEHTYPE_AT_FAULT,CHP_VEHTYPE_AT_FAULT,COUNT_SEVERE_INJ,COUNT_VISIBLE_INJ,COUNT_COMPLAINT_PAIN,COUNT_PED_KILLED,COUNT_PED_INJURED,COUNT_BICYCLIST_KILLED,COUNT_BICYCLIST_INJURED,COUNT_MC_KILLED,COUNT_MC_INJURED,PRIMARY_RAMP,SECONDARY_RAMP,LATITUDE,LONGITUDE,COUNTY,CITY,POINT_X,POINT_Y
91753734,2022,2022-04-21,9625,2022-04-10,2300,019667,,7,3,9,1300,0,1,1,,2,002,"INTERSTATE 8 WESTBOUND","STATE ROUTE 98",12144.00,W,N,A,-,Y,,,8,,,,,,W,Y,4,0,4,2,A,-,05,21651,B,N,A,C,A,A,H,-,D,D,0,,,,,Y,,A,01,0,0,4,0,0,0,0,0,0,"- ","- ",32.729190826416016,-116.05947875976562,IMPERIAL,UNINCORPORATED,-116.05947875976562,32.729213714599609
92126428,2023,2023-07-26,9625,2023-07-18,"440 ",020996,,2,3,9,1300,0,3,5,,2,010,"IMLER ROAD","FORRESTER ROAD",13728.00,W,N,A,-,N,,,,,,,,,,N,3,0,2,2,A,-,05,21650,,N,B,C,A,A,H,-,D,D,0,,,,Y,Y,,-,"- ",0,1,1,0,0,0,0,0,0,"- ","- ",32.926498413085938,-115.66372680664062,IMPERIAL,UNINCORPORATED,-115.66609191894531,32.926483154296875
8771376,2018,2019-02-04,1304,2018-12-06,1705,330,E1,4,5,4,1304,0,0,0,,0,WEST,IMPERIAL,CRUICKSHANK,0.00,,-,C,-,Y,IMP,11,86,-,-,8.510,H,-,N,Y,4,0,1,2,A,-,03,22350,,N,C,C,A,B,H,-,C,A,0,,,,,Y,,A,01,0,0,1,0,0,0,0,0,0,"- ","- ",32.814098358154297,-115.5697021484375,IMPERIAL,"EL CENTRO",-115.56992340087891,32.814205169677734
9216581,2021,2021-03-11,1304,2021-01-20,1836,357,ELCE,3,5,4,1304,0,0,0,,0,EAST,"WAKE AV","4TH ST",0.00,,Y,C,-,N,,,,,,,,,,N,4,0,1,2,A,-,10,21950,A,N,G,B,B,B,H,-,C,A,0,Y,,,,Y,,A,01,0,0,1,0,1,0,0,0,0,"- ","- ",32.771278381347656,-115.55214691162109,IMPERIAL,"EL CENTRO",-115.55231475830078,32.771186828613281
9448538,2022,2022-06-13,1301,2022-03-14,"859 ",9A10,BRAWL,1,5,3,1301,0,0,0,,0,007,"K ST","13TH ST",0.00,,Y,A,-,N,,,,,,,,,,N,2,0,1,2,A,-,12,22450,A,N,H,G,A,A,H,-,A,A,0,,Y,,,Y,,L,04,1,0,0,0,0,0,1,0,0,"- ","- ",,,IMPERIAL,BRAWLEY,-115.51984405517578,32.973102569580078
9618309,2023,2023-11-27,1304,2023-10-12,1219,391,EPTRL,4,5,4,1304,0,0,0,,0,EAST,4TH,STATE,131.00,N,N,A,-,Y,IMP,11,86,-,-,7.260,H,-,N,Y,3,0,3,4,A,-,03,22350,,M,C,C,A,A,H,-,A,A,0,,,,,Y,,J,48,0,3,0,0,0,0,0,0,0,"- ","- ",,,IMPERIAL,"EL CENTRO",-115.55437469482422,32.796463012695312
91192160,2020,2020-02-24,9625,2020-02-14,1726,020054,,5,2,9,1300,0,1,3,,1,012,"SR-86 N/B","SUNRISE DRIVE",865.00,S,N,A,-,Y,,,86,,,,,,N,Y,4,0,1,1,A,-,08,22107,,N,F,A,A,A,H,-,A,D,0,,,,,Y,,D,22,0,0,1,0,0,0,0,0,0,"- ","- ",33.287368774414062,-115.97013854980469,IMPERIAL,UNINCORPORATED,-115.97017669677734,33.287345886230469
91307496,2020,2020-09-18,9625,2020-09-14,1835,018368,,1,2,9,1300,0,3,5,,2,050,"WORTHINGTON ROAD","COOLEY ROAD",1300.00,W,N,A,-,N,,,,,,,,,,Y,4,0,1,1,A,-,08,22107,,N,E,I,A,A,H,-,D,D,0,,,,,Y,,A,01,0,0,1,0,0,0,0,0,0,"- ","- ",32.847438812255859,-115.52326202392578,IMPERIAL,UNINCORPORATED,-115.52268218994141,32.847370147705078
91486989,2021,2021-06-21,9625,2021-05-23,0845,018368,,7,1,9,1300,0,2,4,,2,047,"FORRESTER ROAD","ATEN ROAD",0.00,,Y,A,-,N,,,,,,,,,,N,2,0,2,2,A,-,12,22450,A,N,D,C,A,A,H,-,A,A,0,,,,,Y,Y,A,01,2,0,0,0,0,0,0,0,0,"- ","- ",32.82550048828125,-115.62071990966797,IMPERIAL,UNINCORPORATED,-115.61183166503906,32.810840606689453
91870985,2022,2022-09-22,9625,2022-09-14,1540,018773,,3,2,9,1300,0,1,3,,1,054,"SR-111 (N/B)","EVAN HEWES HIGHWAY",90.00,S,N,A,-,Y,,,111,,,,,,,N,4,0,2,2,A,-,03,22350,,N,C,C,A,A,H,-,A,D,0,,,,,Y,,A,01,0,0,2,0,0,0,0,0,0,"- ","- ",32.799419403076172,-115.50045013427734,IMPERIAL,UNINCORPORATED,-115.50061798095703,32.799442291259766
91885062,2022,2022-10-07,9620,2022-10-03,"0   ",018734,,1,3,9,1300,0,1,3,,1,063,SR-78,"MITCHELLS CAMP RD",5280.00,E,N,A,-,Y,,,78,,,,,,,N,4,0,1,1,C,-,18,,,N,H,H,A,A,H,-,D,D,0,,,,,Y,,-,"- ",0,0,1,0,0,0,0,0,0,"- ","- ",33.329410552978516,-114.72618865966797,IMPERIAL,UNINCORPORATED,-114.72625732421875,33.329441070556641
91904428,2022,2022-10-28,9625,2022-10-24,1915,018368,,1,2,9,1300,0,3,5,,2,040,"MCCABE ROAD","SPERBER ROAD",53.00,E,N,A,-,N,,,,,,,,,,Y,4,0,1,1,A,-,08,22107,,N,E,I,A,A,H,-,D,D,0,,,,,Y,,A,01,0,0,1,0,0,0,0,0,0,"- ","- ",32.752498626708984,-115.56443023681641,IMPERIAL,UNINCORPORATED,-115.56444549560547,32.752449035644531
9355674,2021,2021-11-04,1304,2021-08-08,1306,325,ELCE,7,5,4,1304,0,0,0,,0,EAST,4TH,"DESERT GARDENS",0.00,,Y,A,-,Y,IMP,11,86,-,-,6.499,I,6,S,N,3,0,1,2,A,-,11,21950,B,N,D,G,A,A,H,-,A,D,0,,Y,,,Y,,L,04,0,1,0,0,0,0,1,0,0,"- ","- ",32.780899047851562,-115.55256652832031,IMPERIAL,"EL CENTRO",-115.55242919921875,32.780948638916016
9459859,2022,2022-06-27,1304,2022-06-06,1300,368,E1,1,5,4,1304,0,0,0,,0,EAST,MAIN,1ST,0.00,,Y,A,-,N,,,,,,,,,,N,4,0,1,2,A,-,03,22350,,N,-,C,A,A,H,-,-,A,0,,,,,Y,,-,,0,0,1,0,0,0,0,0,0,"- ","- ",,,IMPERIAL,"EL CENTRO",-115.54415893554688,32.792831420898438
9519917,2022,2023-02-13,1304,2022-12-14,1829,337,,3,5,4,1304,0,0,0,,0,EAST,"6TH ST",MAIN,0.00,,Y,A,-,N,,,,,,,,,,Y,3,0,2,2,A,-,09,21802,A,N,D,C,A,A,H,-,C,A,0,,,,,Y,Y,A,01,0,1,1,0,0,0,0,0,0,"- ","- ",32.792758941650391,-115.55690002441406,IMPERIAL,"EL CENTRO",-115.55696105957031,32.792823791503906
91362328,2020,2020-12-09,9625,2020-11-29,1505,018368,,7,2,9,1300,0,1,3,,1,042,SR-98,"MOLITAR ROAD",91.00,W,N,A,-,Y,,,98,,,,,,,Y,3,0,1,1,C,-,18,,,N,E,I,A,A,H,-,A,D,0,,,,,Y,,-,"- ",0,1,0,0,0,0,0,0,0,"- ","- ",32.721538543701172,-115.96280670166016,IMPERIAL,UNINCORPORATED,-115.96281433105469,32.721500396728516
91990028,2023,2023-02-08,9625,2023-01-30,"805 ",017727,,1,1,9,1300,0,3,5,,2,010,"BERING BLVD","CAMINO DR",0.00,,Y,A,-,N,,,,,,,,,,N,4,0,1,2,A,-,09,21800,A,N,D,D,A,A,H,-,A,D,0,,,,,Y,,A,01,0,0,1,0,0,0,0,0,0,"- ","- ",33.338600158691406,-115.98059844970703,IMPERIAL,UNINCORPORATED,-115.98061370849609,33.338600158691406
92061367,2023,2023-05-04,9625,2023-04-25,1058,018930,,2,1,9,1300,0,1,3,,1,054,"SR-111 (N/B)","EVAN HEWES HIGHWAY",65.00,S,N,A,-,Y,,,111,,,,,,,Y,3,0,1,1,A,-,03,22350,,N,F,A,A,A,H,-,A,A,0,,,Y,,Y,,C,02,0,1,0,0,0,0,0,0,1,"- ","- ",32.799449920654297,-115.50045776367188,IMPERIAL,UNINCORPORATED,-115.5006103515625,32.799472808837891
92198729,2023,2023-10-13,9625,2023-10-06,"146 ",021107,,5,3,9,1300,0,1,3,,1,044,"STATE ROUTE 86 NORTHBOUND","AUSTIN ROAD",1000.00,S,N,A,-,Y,,,86,,,,,,N,Y,3,0,1,1,A,-,01,23152,A,N,B,I,A,A,H,-,D,D,0,,,,,Y,Y,A,01,0,1,0,0,0,0,0,0,0,"- ","- ",32.948589324951172,-115.56958770751953,IMPERIAL,UNINCORPORATED,-115.56964874267578,32.948631286621094
8661990,2018,2018-08-17,1304,2018-07-19,1619,329,,4,5,4,1304,0,0,0,,0,,8TH,EUCLID,0.00,,Y,A,-,N,,,,,,,,,,Y,4,0,2,2,A,-,08,22107,,N,D,I,A,A,H,-,A,D,0,,,,,Y,,A,01,0,0,2,0,0,0,0,0,0,"- ","- ",,,IMPERIAL,"EL CENTRO",-115.56146240234375,32.798381805419922
91173409,2020,2020-01-24,9625,2020-01-21,0605,020054,,2,1,9,1300,0,3,5,,2,040,"BROCKMAN ROAD","MCCABE ROAD",151.00,S,N,B,-,N,,,,,,,,,,Y,3,0,3,2,A,-,05,21460,A,N,A,C,A,B,H,-,B,D,0,,,,Y,Y,,D,22,0,1,2,0,0,0,0,0,0,"- ","- ",32.751899719238281,-115.63777923583984,IMPERIAL,UNINCORPORATED,-115.63782501220703,32.752006530761719
91254967,2020,2020-06-22,9625,2020-06-14,0345,022010,,7,3,9,1300,0,1,1,,2,003,"INTERSTATE 8 E/B",SR-115,5069.00,E,N,A,-,Y,,,8,,,,,,E,Y,4,0,1,1,A,-,01,23152,A,N,E,I,A,A,H,-,D,D,0,,,,,Y,Y,A,01,0,0,1,0,0,0,0,0,0,"- ","- ",32.765190124511719,-115.27140808105469,IMPERIAL,UNINCORPORATED,-115.27140045166016,32.765220642089844
91447494,2021,2021-04-09,9625,2021-04-02,1230,018468,,5,1,9,1300,0,1,3,,1,042,"STATE ROUTE 98","MOLITAR ROAD",13517.00,E,N,A,-,Y,,,98,,,,,,,Y,2,0,1,1,A,-,08,22107,,N,F,A,A,A,H,-,A,D,0,,,,,Y,,A,07,1,0,0,0,0,0,0,0,0,"- ","- ",32.706890106201172,-115.93569183349609,IMPERIAL,UNINCORPORATED,-115.93563842773438,32.706935882568359
91748277,2022,2022-04-14,9625,2022-04-05,"350 ",020996,,2,3,9,1300,0,3,5,,2,050,"BARBARA WORTH ROAD","HEBER ROAD",0.00,,Y,A,-,N,,,,,,,,,,N,4,0,1,2,A,-,12,22450,A,N,D,C,A,A,H,-,D,A,0,,,,,Y,,A,01,0,0,1,0,0,0,0,0,0,"- ","- ",32.730228424072266,-115.43084716796875,IMPERIAL,UNINCORPORATED,-115.43087768554688,32.730236053466797
91815515,2022,2022-07-12,9625,2022-06-29,1555,019582,,3,2,9,1300,0,1,3,,1,054,"SR-111 N/B","KEYSTONE ROAD",22.00,S,N,A,-,N,,,111,,,,,,N,N,3,0,1,2,A,-,03,22350,,N,C,C,A,A,H,-,A,A,0,,,,Y,Y,,F,26,0,1,0,0,0,0,0,0,0,"- ","- ",32.912330627441406,-115.50916290283203,IMPERIAL,UNINCORPORATED,-115.50914764404297,32.912330627441406
91911313,2022,2022-11-07,9625,2022-10-27,1450,018368,,4,2,9,1300,0,3,5,,2,040,"BROCKMAN ROAD","LYONS ROAD",38.00,N,N,A,-,N,,,,,,,,,,N,2,0,1,2,A,-,08,22107,,N,D,C,A,A,H,-,A,D,0,,,Y,Y,Y,,F,26,1,0,0,0,0,0,0,0,1,"- ","- ",32.716159820556641,-115.63773345947266,IMPERIAL,UNINCORPORATED,-115.63777923583984,32.716175079345703
92169440,2023,2023-09-13,9625,2023-09-10,2002,020771,,7,2,9,1300,0,1,1,,2,003,"I-8 E/B","SILSBEE RD.",3538.00,W,N,A,-,Y,,,8,,,,,,E,Y,3,0,2,2,A,-,03,22350,,N,C,2,A,A,H,-,D,D,0,,,,,Y,,A,07,0,2,0,0,0,0,0,0,0,"- ","- ",32.773769378662109,-115.65815734863281,IMPERIAL,UNINCORPORATED,-115.65815734863281,32.773807525634766
8856544,2019,2019-08-27,1301,2019-04-01,1633,912,BRAWL,1,5,3,1301,0,0,0,,0,001,"RT 86","N LAS FLORES",50.00,S,N,A,-,Y,IMP,11,86,-,-,21.250,I,5,N,Y,2,0,2,2,A,-,09,21801,,N,-,C,A,A,H,-,A,A,0,,,,,Y,,D,22,1,0,1,0,0,0,0,0,0,"- ","- ",,,IMPERIAL,BRAWLEY,-115.55235290527344,32.978584289550781
8924754,2018,2019-09-30,1302,2018-07-11,2342,CX088,1302,3,5,4,1302,0,0,0,,0,002,"RT 111","7TH ST",102.00,N,N,A,-,Y,IMP,11,111,-,-,0.710,H,-,N,N,4,0,1,2,A,-,03,22350,,N,C,C,A,A,-,-,C,D,0,,,,Y,Y,,A,07,0,0,1,0,0,0,0,0,0,"- ","- ",,,IMPERIAL,CALEXICO,-115.49868011474609,32.672183990478516
90706493,2018,2018-04-16,9625,2018-04-11,2120,019667,,3,2,9,1300,0,2,4,,2,046,"DOGWOOD ROAD","WORTHINGTON ROAD",0.00,,Y,A,-,N,,,,,,,,,,N,4,0,1,2,A,-,09,21802,A,M,D,C,A,A,H,-,D,A,0,,,,,Y,,A,07,0,0,1,0,0,0,0,0,0,"- ","- ",32.847370147705078,-115.53568267822266,IMPERIAL,UNINCORPORATED,-115.53569030761719,32.847370147705078
91004970,2019,2019-06-06,9620,2019-06-03,1540,018290,,1,2,9,1300,0,2,4,,1,061,"OGILBY RD","HYDUKE MINE ROAD",2112.00,S,N,A,-,N,,,,,,,,,,Y,3,0,4,1,A,-,08,22107,,N,F,A,A,A,H,-,A,D,0,,,,,Y,,A,07,0,1,3,0,0,0,0,0,0,"- ","- ",32.926868438720703,-114.84149932861328,IMPERIAL,UNINCORPORATED,-114.84147644042969,32.926933288574219
91093385,2019,2019-11-05,9625,2019-09-28,1115,017432,,6,1,9,1300,0,3,5,,2,010,"BLACK SEA AVE","CERRITO AVE",0.00,,Y,A,-,N,,,,,,,,,,Y,3,0,2,2,A,-,09,21800,A,N,D,C,A,A,H,-,A,D,0,,,,,Y,,A,01,0,1,1,0,0,0,0,0,0,"- ","- ",33.335849761962891,-115.97512054443359,IMPERIAL,UNINCORPORATED,-115.97518157958984,33.335830688476562
91386743,2021,2021-01-13,9625,2021-01-08,1314,018933,,5,1,9,1300,0,2,4,,2,046,"DOGWOOD ROAD","CORRELL ROAD",643.00,S,N,A,-,N,,,,,,,,,,Y,4,0,2,3,A,-,03,22350,,N,C,C,A,A,H,-,A,D,0,,,,,Y,,A,07,0,0,2,0,0,0,0,0,0,"- ","- ",32.736400604248047,-115.53453063964844,IMPERIAL,UNINCORPORATED,-115.5345458984375,32.736164093017578
92193397,2023,2023-10-06,9625,2023-09-26,2210,018978,,2,3,9,1300,0,3,5,,2,020,"BLAIR ROAD","MONTGOMERY ROAD",1073.00,S,N,A,-,N,,,,,,,,,,Y,3,0,1,2,A,-,03,22350,,N,C,C,A,A,H,-,D,D,0,,,,,Y,,A,01,0,1,0,0,0,0,0,0,0,"- ","- ",33.151729583740234,-115.49321746826172,IMPERIAL,UNINCORPORATED,-115.49320220947266,33.151885986328125
92252318,2023,2023-12-04,9625,2023-11-25,"510 ",020996,,6,3,9,1300,0,1,3,,1,012,"SR-86 SOUTHBOUND","POE ROAD",596.00,S,N,A,-,Y,,,86,,,,,,S,Y,3,0,1,1,A,-,03,22350,,N,E,I,A,A,H,-,B,D,0,,,,,Y,,D,22,0,1,0,0,0,0,0,0,0,"- ","- ",33.080928802490234,-115.75125885009766,IMPERIAL,UNINCORPORATED,-115.75128173828125,33.080875396728516
91472541,2021,2021-05-13,9625,2021-05-06,0658,016248,,4,1,9,1300,0,1,3,,2,053,"SR-111 N/B","JASPER ROAD",2636.00,N,N,A,-,Y,,,111,,,,,,N,Y,3,0,1,1,A,-,08,22107,,N,F,I,A,A,H,-,A,D,0,,,,,Y,,A,07,0,1,0,0,0,0,0,0,0,"- ","- ",32.716690063476562,-115.49925231933594,IMPERIAL,UNINCORPORATED,-115.49951171875,32.7166748046875
91727737,2022,2022-03-21,9625,2022-03-09,"52  ",019582,,3,3,9,1300,0,2,4,,2,046,"DOGWOOD RD.","CRUICKSHANK RD.",26.00,N,N,A,-,N,,,,,,,,,,Y,3,0,1,1,A,-,01,23152,F,N,E,I,A,A,H,-,C,D,0,,,,,Y,,D,22,0,1,0,0,0,0,0,0,0,"- ","- ",32.811088562011719,-115.53553771972656,IMPERIAL,UNINCORPORATED,-115.53569030761719,32.811172485351562
91750163,2022,2022-04-18,9625,2022-04-08,2350,022010,,5,3,9,1300,0,3,5,,2,010,"HOVLEY ROAD S/B","FREDRICKS ROAD",1876.00,S,N,A,-,N,,,,,,,,,,N,3,0,1,2,A,-,11,21956,A,N,G,B,E,A,H,-,D,D,0,Y,,,,Y,,N,60,0,1,0,0,1,0,0,0,0,"- ","- ",32.997989654541016,-115.54403686523438,IMPERIAL,UNINCORPORATED,-115.54385375976562,32.995857238769531
91824140,2022,2022-07-25,9625,2022-07-14,"220 ",021232,,4,3,9,1300,0,2,4,,2,047,"FORRESTER ROAD","IMLER ROAD",1269.00,S,N,A,-,N,,,,,,,,,,Y,3,0,1,1,A,-,08,22107,,N,E,I,A,A,H,-,D,D,0,,,,,Y,,A,07,0,1,0,0,0,0,0,0,0,"- ","- ",32.922809600830078,-115.62139892578125,IMPERIAL,UNINCORPORATED,-115.62145233154297,32.923091888427734
91994554,2023,2023-02-14,9625,2023-02-06,"436 ",021107,,1,3,9,1300,0,1,3,,1,012,"STATE ROUTE 86 N/B","DESERT SHORES DRIVE",1584.00,N,N,A,-,Y,,,86,,,,,,N,Y,4,0,3,2,A,-,03,22350,,N,C,C,A,A,H,-,D,D,0,,,,,Y,,A,01,0,0,3,0,0,0,0,0,0,"- ","- ",33.409751892089844,-116.04688262939453,IMPERIAL,UNINCORPORATED,-116.04691314697266,33.409740447998047
92077444,2023,2023-05-25,9625,2023-05-18,"728 ",018617,,4,1,9,1300,0,3,5,,2,050,"E. HAWK ST.","DOGWOOD RD.",393.00,E,N,A,-,N,,,,,,,,,,Y,4,0,1,3,A,-,08,22107,,N,B,E,A,A,H,-,A,D,0,,,,,Y,,D,22,0,0,1,0,0,0,0,0,0,"- ","- ",32.734889984130859,-115.53318786621094,IMPERIAL,UNINCORPORATED,-115.53324127197266,32.734828948974609
8781583,2018,2019-01-31,1304,2018-12-18,1921,325,EC101,2,5,4,1304,0,0,0,,0,WEST,"IMPERIAL AV FRONTAGE RD",PICO,0.00,,Y,A,-,N,,,,,,,,,,Y,4,0,2,2,A,-,09,21802,A,N,A,C,A,A,H,-,C,A,0,,,,,Y,,A,01,0,0,2,0,0,0,0,0,0,"- ","- ",32.805679321289062,-115.57018280029297,IMPERIAL,"EL CENTRO",-115.5701904296875,32.805641174316406
8924051,2018,2019-09-13,1302,2018-03-20,2030,CX084,1302,2,5,4,1302,0,0,0,,0,004,"RT 98","CESAR CHAVEZ BL",0.00,,Y,A,-,Y,IMP,11,98,-,-,31.950,H,-,W,N,4,0,1,2,A,-,11,21954,A,N,G,B,D,A,H,-,C,A,0,Y,,,,Y,Y,-,"- ",0,0,1,0,1,0,0,0,0,"- ","- ",,,IMPERIAL,CALEXICO,-115.50508117675781,32.679141998291016
8924259,2019,2020-03-20,1302,2019-02-05,1431,CX527,1302,2,5,4,1302,0,0,0,,0,001,"RT 98","KLOKE RD",0.00,,N,A,-,Y,IMP,11,98,-,-,31.290,H,-,E,N,4,0,1,2,A,-,03,22350,,N,C,C,A,A,H,-,A,A,0,,,,,Y,,A,01,0,0,1,0,0,0,0,0,0,"- ","- ",32.679168701171875,-115.51361083984375,IMPERIAL,CALEXICO,-115.51629638671875,32.679180145263672
8928128,2019,2019-09-05,1302,2019-06-01,1910,CX567,1302,6,5,4,1302,0,0,0,,0,003,"HEBER AV","2ND ST",0.00,,Y,A,-,N,,,,,,,,,,N,4,0,1,2,A,-,08,22107,,N,G,B,B,A,H,-,B,A,0,Y,,,,Y,,A,01,0,0,1,0,1,0,0,0,0,"- ","- ",,,IMPERIAL,CALEXICO,-115.49350738525391,32.666679382324219
90821552,2018,2018-09-26,9625,2018-09-16,0746,013627,,7,1,9,1300,0,1,1,,2,005,"INTERSTATE 8","MPM 8 IMP 62.00",1742.00,W,N,A,-,Y,,,8,,,,,,,Y,2,0,2,1,A,-,08,22107,,N,F,A,A,A,H,-,A,D,0,,,,,Y,,D,22,1,0,1,0,0,0,0,0,0,"- ","- ",32.730968475341797,-115.15480041503906,IMPERIAL,UNINCORPORATED,-115.15474700927734,32.731136322021484
91336475,2020,2020-11-02,9620,2020-10-31,0320,019360,,6,3,9,1300,0,1,1,,2,082,"INTERSTATE 8 EASTBOUND","SIDEWINDER RD",8448.00,W,N,A,-,Y,,,8,,,,,,E,Y,4,0,1,2,A,-,03,22350,,N,C,C,A,A,H,-,D,D,0,,,,,Y,,A,01,0,0,1,0,0,0,0,0,0,"- ","- ",32.751029968261719,-114.78173065185547,IMPERIAL,UNINCORPORATED,-114.78171539306641,32.751102447509766
91731283,2022,2022-03-24,9625,2022-03-15,2010,019667,,2,2,9,1300,0,1,1,,2,001,"INTERSTATE 8 (E/B)","IN KO PAH PARK ROAD",2754.00,E,N,A,-,Y,,,8,,,,,,,Y,4,0,1,1,A,-,01,23152,A,N,F,A,A,C,H,-,D,D,0,,,,,Y,Y,A,01,0,0,1,0,0,0,0,0,0,"- ","- ",32.649730682373047,-116.10233306884766,IMPERIAL,UNINCORPORATED,-116.10228729248047,32.649692535400391
91777689,2022,2022-05-23,9625,2022-05-06,2000,018930,,5,2,9,1300,0,1,1,,2,005,"INTERSTATE 8 (W/B)","DOGWOOD ROAD",475.00,E,N,A,-,Y,,,8,,,,,,,N,3,0,1,1,A,-,08,22107,,N,E,I,A,A,H,-,C,D,0,,,,,Y,,A,07,0,1,0,0,0,0,0,0,0,"- ","- ",32.773761749267578,-115.52037048339844,IMPERIAL,UNINCORPORATED,-115.52037048339844,32.773731231689453
92142028,2023,2023-08-11,9620,2023-08-04,"710 ",019333,,5,1,9,1300,0,1,3,,1,063,"RT 78","OGILBY RD",0.00,,Y,A,-,Y,,,78,,,,,,,Y,3,0,1,2,A,-,09,21802,A,N,D,C,A,A,H,-,A,A,0,,,,,Y,,D,22,0,1,0,0,0,0,0,0,0,"- ","- ",33.085468292236328,-114.91140747070312,IMPERIAL,UNINCORPORATED,-114.91141510009766,33.085487365722656
92154507,2023,2023-08-25,9625,2023-08-24,1330,019668,,4,1,9,1300,0,1,3,,1,051,"SR-7 SB","MENVIELLE ROAD",15840.00,S,N,A,-,Y,,,7,,,,,,S,Y,3,0,1,1,A,-,08,22107,,N,E,I,A,A,H,-,A,D,0,,,,,Y,,A,01,0,1,0,0,0,0,0,0,0,"- ","- ",32.680999755859375,-115.39070892333984,IMPERIAL,UNINCORPORATED,-115.39064788818359,32.680988311767578
92263966,2023,2023-12-18,9625,2023-12-09,1746,019582,,6,2,9,1300,0,1,3,,1,054,SR-111,"EVAN HEWES HIGHWAY",0.00,,Y,A,-,Y,,,111,,,,,,,Y,3,0,1,2,A,-,12,21453,A,N,D,C,A,A,H,-,C,A,0,,,,,Y,,A,01,0,1,0,0,0,0,0,0,0,"- ","- ",32.799659729003906,-115.50060272216797,IMPERIAL,UNINCORPORATED,-115.50058746337891,32.799655914306641
91362332,2020,2021-02-24,9625,2020-11-27,1550,018933,,5,2,9,1300,0,1,3,,2,013,SR-78,"OLD MINE ROAD",4167.00,W,N,A,-,Y,,,78,,,,,,,Y,3,0,3,2,A,-,09,21804,A,N,B,C,A,A,H,-,B,D,0,,,,,Y,,A,42,0,2,1,0,0,0,0,0,0,"- ","- ",33.128959655761719,-116.06938171386719,IMPERIAL,UNINCORPORATED,-116.06935882568359,33.129051208496094
91412551,2021,2021-02-22,9625,2021-02-11,1825,018792,,4,2,9,1300,0,1,3,,1,011,"SR-86 N/B","VENDEL ROAD",0.00,,Y,A,-,Y,,,86,,,,,,N,Y,3,0,5,2,A,-,08,22107,,N,D,C,A,A,H,-,D,A,0,,,,Y,Y,,G,25,0,4,1,0,0,0,0,0,0,"- ","- ",33.038928985595703,-115.70774841308594,IMPERIAL,UNINCORPORATED,-115.70774841308594,33.038944244384766
91557052,2021,2021-08-27,9625,2021-08-25,0742,018468,,3,1,9,1300,0,2,4,,2,057,"EVAN HEWES HIGHWAY","OLD HIGHWAY 111",0.00,,Y,A,-,Y,,,,,,,,,,Y,3,0,1,2,A,-,09,21802,A,N,D,C,A,A,H,-,A,A,0,,,Y,,Y,,C,02,0,1,0,0,0,0,0,0,1,"- ","- ",32.799320220947266,-115.50167846679688,IMPERIAL,UNINCORPORATED,-115.50041961669922,32.799835205078125
91671332,2021,2022-01-05,9620,2021-12-28,1000,018247,,2,1,9,1300,0,2,4,,1,061,"OGILBY RD",SR-78,85.00,N,N,A,-,N,,,,,,,,,,Y,2,0,1,1,A,-,03,22350,,N,F,A,A,A,H,-,A,A,0,,,,,Y,,M,47,1,0,0,0,0,0,0,0,0,"- ","- ",33.085468292236328,-114.91159057617188,IMPERIAL,UNINCORPORATED,-114.91136169433594,33.085491180419922
91677650,2022,2022-01-13,9625,2022-01-10,1400,019668,,1,2,9,1300,0,3,5,,2,050,"COLE ROAD","KLOKE ROAD",1170.00,W,N,A,-,N,,,,,,,,,,Y,4,0,1,1,A,-,08,22107,,N,F,A,A,A,H,-,A,D,0,,,,,Y,,A,07,0,0,1,0,0,0,0,0,0,"- ","- ",32.693691253662109,-115.52059173583984,IMPERIAL,UNINCORPORATED,-115.51679229736328,32.693988800048828