CASE_ID,ACCIDENT_YEAR,PROC_DATE,JURIS,COLLISION_DATE,COLLISION_TIME,OFFICER_ID,REPORTING_DISTRICT,DAY_OF_WEEK,CHP_SHIFT,POPULATION,CNTY_CITY_LOC,SPECIAL_COND,BEAT_TYPE,CHP_BEAT_TYPE,CITY_DIVISION_LAPD,CHP_BEAT_CLASS,BEAT_NUMBER,PRIMARY_RD,SECONDARY_RD,DISTANCE,DIRECTION,INTERSECTION,WEATHER_1,WEATHER_2,STATE_HWY_IND,CALTRANS_COUNTY,CALTRANS_DISTRICT,STATE_ROUTE,ROUTE_SUFFIX,POSTMILE_PREFIX,POSTMILE,LOCATION_TYPE,RAMP_INTERSECTION,SIDE_OF_HWY,TOW_AWAY,COLLISION_SEVERITY,NUMBER_KILLED,NUMBER_INJURED,PARTY_COUNT,PRIMARY_COLL_FACTOR,PCF_CODE_OF_VIOL,PCF_VIOL_CATEGORY,PCF_VIOLATION,PCF_VIOL_SUBSECTION,HIT_AND_RUN,TYPE_OF_COLLISION,MVIW,PED_ACTION,ROAD_SURFACE,ROAD_COND_1,ROAD_COND_2,LIGHTING,CONTROL_DEVICE,CHP_ROAD_TYPE,PEDESTRIAN_ACCIDENT,BICYCLE_ACCIDENT,MOTORCYCLE_ACCIDENT,TRUCK_ACCIDENT,NOT_PRIVATE_PROPERTY,ALCOHOL_INVOLVED,STWD_VEHTYPE_AT_FAULT,CHP_VEHTYPE_AT_FAULT,COUNT_SEVERE_INJ,COUNT_VISIBLE_INJ,COUNT_COMPLAINT_PAIN,COUNT_PED_KILLED,COUNT_PED_INJURED,COUNT_BICYCLIST_KILLED,COUNT_BICYCLIST_INJURED,COUNT_MC_KILLED,COUNT_MC_INJURED,PRIMARY_RAMP,SECONDARY_RAMP,LATITUDE,LONGITUDE,COUNTY,CITY,POINT_X,POINT_Y
91677801,2022,2022-01-13,9625,2022-01-12,"707 ",018468,,3,1,9,1300,0,1,3,,2,052,"STATE ROUTE 98","BARBARA WORTH ROAD",0.00,,Y,A,-,Y,,,98,,,,,,,N,3,0,1,2,A,-,09,21802,A,N,F,A,A,A,H,-,A,A,0,,,Y,,Y,,D,22,0,1,0,0,0,0,0,0,1,"- ","- ",32.693809509277344,-115.43100738525391,IMPERIAL,UNINCORPORATED,-115.43100738525391,32.693866729736328
9215275,2021,2021-03-09,1304,2021-01-08,0120,361,ELCE,5,5,4,1304,0,0,0,,0,EAST,ROSS,DOGWOOD,270.00,W,N,A,-,N,,,,,,,,,,Y,3,0,2,1,A,-,08,22107,,N,F,I,A,A,H,-,C,D,0,,,,,Y,,A,01,0,2,0,0,0,0,0,0,0,"- ","- ",,,IMPERIAL,"EL CENTRO",-115.53537750244141,32.781490325927734
9559122,2023,2023-03-17,1304,2023-02-03,"951 ",368,E1,5,5,4,1304,0,0,0,,0,WEST,STATE,11TH,0.00,,Y,A,-,N,,,,,,,,,,Y,3,0,2,2,A,-,09,21802,A,N,D,C,A,A,H,-,-,D,0,,,,,Y,,-,,0,2,0,0,0,0,0,0,0,"- ","- ",,,IMPERIAL,"EL CENTRO",-115.56440734863281,32.791751861572266
9571286,2023,2023-04-29,1304,2023-03-26,1108,358,,7,5,4,1304,0,0,0,,0,WEST,8TH,PARK,0.00,,Y,A,-,N,,,,,,,,,,Y,3,0,1,2,A,-,09,21802,A,N,D,C,A,A,H,-,A,A,0,,,,,Y,,A,01,0,1,0,0,0,0,0,0,0,"- ","- ",,,IMPERIAL,"EL CENTRO",-115.56147003173828,32.795783996582031
9595306,2023,2023-08-02,1304,2023-06-23,1549,E4287,EPTRL,5,5,4,1304,0,0,0,,0,WEST,"NORTH IMPERIAL AV","NORTH IMPERIAL AV 2000",0.00,,-,A,-,Y,IMP,11,86,-,-,8.390,H,-,S,N,4,0,1,3,A,-,03,22350,,N,C,C,A,A,H,-,A,A,0,,,,,Y,,-,,0,0,1,0,0,0,0,0,0,"- ","- ",32.812469482421875,-115.57002258300781,IMPERIAL,"EL CENTRO",-115.56992340087891,32.812427520751953
90837882,2018,2018-10-17,9625,2018-10-13,1620,019225,,6,2,9,1300,0,2,4,,2,047,"FORRESTER ROAD","ATEN ROAD",0.00,,Y,A,-,N,,,,,,,,,,Y,4,0,2,2,A,-,09,21801,A,N,B,C,A,A,H,-,A,D,0,,,,,Y,,A,07,0,0,2,0,0,0,0,0,0,"- ","- ",32.82550048828125,-115.62071990966797,IMPERIAL,UNINCORPORATED,-115.62068176269531,32.818218231201172
90884552,2018,2018-12-17,9625,2018-12-10,0740,016248,,1,1,9,1300,0,2,4,,2,046,"DOGWOOD ROAD","HUSTON ROAD",1300.00,S,N,B,-,N,,,,,,,,,,N,4,0,1,1,A,-,03,22350,,N,H,A,A,A,H,-,A,D,0,,,,,Y,,A,01,0,0,1,0,0,0,0,0,0,"- ","- ",32.836418151855469,-115.53611755371094,IMPERIAL,UNINCORPORATED,-115.53571319580078,32.836498260498047
90959621,2019,2019-04-02,9625,2019-03-25,0305,022010,,1,3,9,1300,0,1,3,,1,011,"SR-86 S/B","ALLEN ROAD",15840.00,N,N,A,-,Y,,,86,,,,,,S,Y,4,0,3,1,A,-,08,22107,,N,E,I,A,A,H,-,D,D,0,,,,,Y,,A,07,0,0,3,0,0,0,0,0,0,"- ","- ",33.119541168212891,-115.85157012939453,IMPERIAL,UNINCORPORATED,-115.85145568847656,33.119640350341797
91113666,2019,2019-11-05,9625,2019-10-31,1539,019035,,4,2,9,1300,0,3,5,,2,040,"AUSTIN ROAD","I-8 E/B",1800.00,S,N,A,-,N,,,,,,,,,,Y,3,0,1,1,A,-,08,22107,,N,F,A,A,A,H,-,A,D,0,,,,,Y,,A,08,0,1,0,0,0,0,0,0,0,"- ","- ",32.768100738525391,-115.59490203857422,IMPERIAL,UNINCORPORATED,-115.59500122070312,32.76812744140625
92248101,2023,2023-11-29,9625,2023-11-17,1148,018617,,5,1,9,1300,0,1,3,,2,025,"STATE ROUTE 78","TED KIPF ROAD",587.00,W,N,A,-,Y,,,78,,,,,,,Y,3,0,1,1,A,-,08,22107,,N,F,A,A,A,H,-,A,D,0,,,,,Y,,D,22,0,1,0,0,0,0,0,0,0,"- ","- ",32.999008178710938,-115.06938171386719,IMPERIAL,UNINCORPORATED,-115.06935882568359,32.998985290527344
8615708,2018,2018-04-23,1301,2018-03-21,1558,905,BRAWL,3,5,3,1301,0,0,0,,0,001,"K ST","RT 86",275.00,E,N,A,B,N,,,,,,,,,,N,4,0,1,2,A,-,04,21703,,N,C,C,A,A,H,-,A,A,0,,,,,Y,,D,22,0,0,1,0,0,0,0,0,0,"- ","- ",,,IMPERIAL,BRAWLEY,-115.54082489013672,32.973098754882812
8846460,2019,2019-08-27,1304,2019-04-15,1210,343,ELCE,1,5,4,1304,0,0,0,,0,WEST,IMPERIAL,"EUCLID AV",0.00,,-,A,-,Y,IMP,11,86,-,-,7.410,H,-,N,Y,3,0,1,2,A,-,07,21658,A,N,B,C,A,A,H,-,A,D,0,,,,,Y,,A,01,0,1,0,0,0,0,0,0,0,"- ","- ",32.798069000244141,-115.5699462890625,IMPERIAL,"EL CENTRO",-115.56996917724609,32.798091888427734
8924024,2018,2019-09-12,1302,2018-10-22,1509,561,1302,1,5,4,1302,0,0,0,,0,CX1,"E BIRCH ST","E BIRCH ST 800",0.00,,Y,A,-,N,,,,,,,,,,Y,4,0,4,3,A,-,03,22350,,N,C,C,A,A,H,-,A,A,0,,,,,Y,,A,01,0,0,4,0,0,0,0,0,0,"- ","- ",,,IMPERIAL,CALEXICO,-115.489311,32.678927999999999
8924043,2018,2019-09-13,1302,2018-01-30,1649,542,1302,2,5,4,1302,0,0,0,,0,004,"COLE RD","RT 111",44.00,E,N,A,-,Y,IMP,11,111,-,R,2.211,I,6,N,N,4,0,1,2,A,-,03,22350,,N,C,C,A,A,H,-,A,A,0,,,,,Y,,A,01,0,0,1,0,0,0,0,0,0,"- ","- ",,,IMPERIAL,CALEXICO,-115.49927520751953,32.694023132324219
8926207,2019,2019-09-04,1304,2019-07-11,2029,351,EAST,4,5,4,1304,0,0,0,,0,EAST,"EUCLID AV","5TH ST",27.00,W,N,A,-,N,,,,,,,,,,N,4,0,1,2,A,-,08,22107,,M,G,B,E,A,H,-,C,D,0,Y,,,,Y,Y,-,,0,0,1,0,1,0,0,0,0,"- ","- ",,,IMPERIAL,"EL CENTRO",-115.55503845214844,32.798370361328125
9120250,2020,2020-09-17,1304,2020-06-30,1729,320,EAST,2,5,4,1304,0,0,0,,0,EAST,FOURTH,SMOKETREE,0.00,,Y,A,-,Y,IMP,11,86,-,-,6.114,I,5,S,Y,4,0,1,3,A,-,09,21801,A,N,D,C,A,A,H,-,A,D,0,,,,,Y,,-,,0,0,1,0,0,0,0,0,0,"- ","- ",,,IMPERIAL,"EL CENTRO",-115.55227661132812,32.775371551513672
9252328,2021,2021-04-19,1301,2021-02-05,0729,911,BRAWL,5,5,3,1301,0,0,0,,0,001,"A ST","1ST ST",0.00,,Y,A,-,N,,,,,,,,,,Y,4,0,1,2,A,-,12,22450,A,N,D,C,A,A,H,-,A,A,0,,,,,Y,,-,"- ",0,0,1,0,0,0,0,0,0,"- ","- ",,,IMPERIAL,BRAWLEY,-115.56541442871094,32.9591064453125
91076780,2019,2019-09-17,9625,2019-09-05,2038,018792,,4,2,4,1304,1,4,S,,2,901,"IMPERIAL AVENUE","ELM AVE",80.00,N,N,A,-,N,,,,,,,,,,Y,4,0,12,3,A,-,03,22350,,N,C,C,A,A,H,-,C,A,0,,,,,Y,,H,13,0,0,12,0,0,0,0,0,0,"- ","- ",32.786651611328125,-115.56983947753906,IMPERIAL,"EL CENTRO",-115.56979370117188,32.786659240722656
91444323,2021,2021-04-06,9625,2021-03-26,0950,018468,,5,1,9,1300,0,1,3,,1,054,"STATE ROUTE 111 (S/B)","EVAN HEWES HIGHWAY",0.00,,Y,A,-,Y,,,111,,,,,,,Y,3,0,3,2,A,-,12,21453,A,N,A,C,A,A,H,-,A,A,0,,,,,Y,,A,01,0,2,1,0,0,0,0,0,0,"- ","- ",32.799640655517578,-115.50067138671875,IMPERIAL,UNINCORPORATED,-115.50058746337891,32.799625396728516
91530743,2021,2021-07-28,9625,2021-07-16,2254,021107,,5,3,9,1300,0,1,1,,2,005,"INTERSTATE 8 EASTBOUND","STATE ROUTE 111",270.00,W,N,A,-,Y,,,8,,,,,,E,Y,3,0,1,2,A,-,03,22350,,N,C,C,A,A,H,-,C,D,0,,,,,Y,,A,01,0,1,0,0,0,0,0,0,0,"- ","- ",32.773689270019531,-115.50222778320312,IMPERIAL,UNINCORPORATED,-115.50222778320312,32.773677825927734
91669830,2021,2022-01-04,9625,2021-12-23,1005,016248,,4,1,9,1300,0,3,5,,2,010,S-22,"SOUTH MARINA DR.",3538.00,W,N,B,-,N,,,,,,,,,,Y,3,0,1,1,A,-,08,22107,,N,E,I,A,A,H,-,A,D,0,,,,,Y,,A,01,0,1,0,0,0,0,0,0,0,"- ","- ",33.271110534667969,-116.03804779052734,IMPERIAL,UNINCORPORATED,,
91777988,2022,2022-05-23,9625,2022-05-13,1450,019225,,5,2,9,1300,0,3,5,,2,050,"MAGGIO ROAD",SR-7,140.00,E,N,A,-,Y,,,,,,,,,,N,4,0,1,2,A,-,21,22106,,N,C,C,A,A,H,-,A,A,0,,,,Y,Y,,G,25,0,0,1,0,0,0,0,0,0,"- ","- ",32.686298370361328,-115.37949371337891,IMPERIAL,UNINCORPORATED,-115.37998199462891,32.686370849609375
90883089,2018,2018-12-14,9625,2018-12-06,1735,019225,,4,2,9,1300,0,3,5,,2,040,"S-2 (IMPERIAL HIGHWAY)","DOS CABEZA ROAD",4224.00,W,N,C,-,N,,,,,,,,,,Y,4,0,1,1,A,-,08,22107,,N,F,A,A,B,H,-,D,D,0,,,,,Y,,D,22,0,0,1,0,0,0,0,0,0,"- ","- ",32.757900238037109,-116.06199645996094,IMPERIAL,UNINCORPORATED,-116.06200408935547,32.757896423339844
91012764,2019,2019-06-18,9625,2019-06-09,0230,015619,,7,3,9,1300,0,1,3,,2,053,"SR-111 N/B","CHICK RD.",1000.00,S,N,A,-,Y,,,111,,,,,,N,Y,3,0,1,2,A,-,01,23152,A,F,C,C,A,A,H,-,A,D,0,,,,,Y,Y,A,01,0,1,0,0,0,0,0,0,0,"- ","- ",32.764820098876953,-115.50089263916016,IMPERIAL,UNINCORPORATED,-115.50093078613281,32.764820098876953
91226142,2020,2020-04-15,9625,2020-04-10,1640,018792,,5,2,9,1300,0,2,4,,2,047,"FORRESTER ROAD","BAUGHMAN ROAD",1320.00,S,N,B,C,N,,,,,,,,,,Y,4,0,1,1,A,-,08,22107,,N,E,I,A,B,H,-,A,D,0,,,,Y,Y,,G,25,0,0,1,0,0,0,0,0,0,"- ","- ",33.026371002197266,-115.62158203125,IMPERIAL,UNINCORPORATED,-115.62153625488281,33.026493072509766
91594115,2021,2021-10-12,9625,2021-10-02,1815,018792,,6,2,9,1300,0,1,3,,1,022,SR-111,"RANGE ROAD",835.00,S,N,A,-,Y,,,111,,,,,,,Y,2,0,2,1,A,-,01,23152,A,N,E,I,A,A,H,-,B,D,0,,,,,Y,Y,A,01,2,0,0,0,0,0,0,0,0,"- ","- ",33.367168426513672,-115.76918029785156,IMPERIAL,UNINCORPORATED,-115.76925659179688,33.367069244384766
91673729,2022,2022-01-07,9625,2022-01-01,1415,021232,,6,2,9,1300,0,1,1,,2,004,"I-8 W/B","DERRICK ROAD",2112.00,W,N,A,-,Y,,,8,,,,,,W,Y,2,0,3,1,A,-,08,22107,,N,F,A,A,A,H,-,A,D,0,,,,,Y,,A,01,1,2,0,0,0,0,0,0,0,"- ","- ",32.774200439453125,-115.71454620361328,IMPERIAL,UNINCORPORATED,-115.71455383300781,32.774131774902344
92024119,2023,2023-03-21,9625,2023-03-13,1738,018792,,1,2,9,1300,0,1,3,,1,044,"SR-86 S/B","CAREY ROAD",1848.00,S,N,A,-,Y,,,86,,,,,,S,Y,4,0,1,1,A,-,08,22107,,N,F,A,A,A,H,-,A,D,0,,,,,Y,,A,01,0,0,1,0,0,0,0,0,0,"- ","- ",32.922008514404297,-115.57009124755859,IMPERIAL,UNINCORPORATED,-115.57003784179688,32.922008514404297
92039912,2023,2023-04-07,9625,2023-03-25,1603,018792,,6,2,9,1300,0,2,4,,2,047,"FORRESTER ROAD","ANDRE ROAD",0.00,,Y,A,-,N,,,,,,,,,,Y,4,0,2,2,A,-,03,22350,,N,D,C,A,A,H,-,A,A,0,,,,,Y,,D,22,0,0,2,0,0,0,0,0,0,"- ","- ",33.015571594238281,-115.62156677246094,IMPERIAL,UNINCORPORATED,-115.62154388427734,33.015590667724609
92071685,2023,2023-05-18,9625,2023-05-06,"415 ",020516,,6,3,9,1300,0,1,3,,2,052,SR-98,"BARBARA WORTH ROAD",0.00,,Y,A,-,Y,,,98,,,,,,,Y,2,0,5,2,A,-,12,22450,A,N,D,C,A,A,H,-,D,A,0,,,,,Y,,A,07,2,1,2,0,0,0,0,0,0,"- ","- ",32.693801879882812,-115.43106079101562,IMPERIAL,UNINCORPORATED,-115.43106079101562,32.693866729736328
92150276,2023,2023-08-22,9625,2023-08-17,1942,020771,,4,2,9,1300,0,3,5,,2,040,"NANCE RD.","WORTHINGTON RD",205.00,S,N,A,-,N,,,,,,,,,,Y,3,0,1,2,A,-,08,22107,,N,C,E,A,A,H,-,B,D,0,,,,,Y,,A,01,0,1,0,0,0,0,0,0,0,"- ","- ",32.846748352050781,-115.58615112304688,IMPERIAL,UNINCORPORATED,-115.58644104003906,32.84735107421875
8924059,2018,2019-09-17,1302,2018-03-21,1316,I0005,1302,3,5,4,1302,0,0,0,,0,004,"RT 111","JASPER RD",0.00,S,N,A,-,Y,IMP,11,111,-,R,3.100,H,-,N,Y,4,0,3,3,A,-,03,22350,,N,B,C,A,A,H,-,A,A,0,,,,,Y,,A,01,0,0,3,0,0,0,0,0,0,"- ","- ",,,IMPERIAL,CALEXICO,-115.49940490722656,32.707008361816406
8924251,2019,2020-06-16,1302,2019-01-18,1553,CX014,1302,5,5,4,1302,0,0,0,,0,002,"RT 98","HAROLD AV",0.00,,Y,A,-,Y,IMP,11,98,-,-,32.172,I,5,E,Y,3,0,1,2,A,-,06,21754,,N,D,C,A,A,H,-,A,A,0,,,Y,,Y,,C,03,0,1,0,0,0,0,0,0,1,"- ","- ",,,IMPERIAL,CALEXICO,-115.50116729736328,32.679111480712891
9082563,2020,2020-07-20,1304,2020-03-11,1957,358,EEAST,3,5,4,1304,0,0,0,,0,EAST,8TH,PARK,0.00,,Y,A,-,N,,,,,,,,,,N,3,0,1,2,A,-,09,21802,A,F,D,G,A,A,H,-,C,A,0,,Y,,,Y,,L,04,0,1,0,0,0,0,1,0,0,"- ","- ",,,IMPERIAL,"EL CENTRO",-115.56147003173828,32.795780181884766
9131137,2020,2020-09-12,1301,2020-06-06,0635,908,BRAWL,6,5,3,1301,0,0,0,,0,0B1,MAIN,2ND,83.00,W,N,A,-,N,,,,,,,,,,Y,4,0,1,2,-,-,"- ",,,N,C,E,A,A,H,-,A,D,0,,,,,Y,,-,"- ",0,0,1,0,0,0,0,0,0,"- ","- ",,,IMPERIAL,BRAWLEY,-115.53971862792969,32.978630065917969
9447625,2022,2022-10-12,1304,2022-09-14,1258,341,EEAST,3,5,4,1304,0,0,0,,0,WEST,"W ADAMS",IMPERIAL,436.00,W,N,A,-,N,,,,,,,,,,N,3,0,1,2,A,-,08,22107,,N,C,E,A,A,H,-,A,D,0,,,,,Y,,A,07,0,1,0,0,0,0,0,0,0,"- ","- ",,,IMPERIAL,"EL CENTRO",-115.57138824462891,32.796588897705078
9518540,2023,2023-03-02,1301,2023-01-16,1340,9A10,BRAWL,1,5,3,1301,0,0,0,,0,001,"IMPERIAL AV","A ST",0.00,,Y,A,-,N,,,,,,,,,,Y,3,0,1,2,A,-,09,21802,,N,D,C,A,A,H,-,A,A,0,,,,,Y,,D,22,0,1,0,0,0,0,0,0,0,"- ","- ",,,IMPERIAL,BRAWLEY,-115.53497314453125,32.984161376953125
90785600,2018,2018-08-07,9625,2018-07-31,1220,017727,,2,1,9,1300,0,1,3,,1,011,"SR-86 (S/B)","BANNISTER ROAD",1155.00,S,N,A,-,Y,,,86,,,,,,,Y,4,0,1,2,A,-,08,22107,,N,D,C,A,A,H,-,A,D,0,,,,Y,Y,,G,27,0,0,1,0,0,0,0,0,0,"- ","- ",33.049701690673828,-115.71939849853516,IMPERIAL,UNINCORPORATED,-115.71945190429688,33.049640655517578
90799390,2018,2018-08-27,9625,2018-08-20,1950,019668,,1,2,9,1300,0,3,5,,2,050,"HOLT ROAD","NORRISH ROAD",0.00,,Y,A,-,N,,,,,,,,,,Y,3,0,2,2,A,-,09,21802,A,N,D,C,A,A,H,-,C,A,0,,,,,Y,,A,07,0,2,0,0,0,0,0,0,0,"- ","- ",32.832729339599609,-115.38023376464844,IMPERIAL,UNINCORPORATED,-115.38027954101562,32.832748413085938
90934332,2019,2019-02-26,9625,2019-02-22,2339,020054,,5,3,9,1300,0,1,1,,2,005,"E/B I-8","DOGWOOD ROAD",1162.00,E,N,A,-,Y,,,,,,,,,,Y,3,0,1,1,A,-,01,23152,A,N,E,I,A,A,H,-,D,D,0,,,,,Y,Y,D,22,0,1,0,0,0,0,0,0,0,"- ","- ",32.773628234863281,-115.53070068359375,IMPERIAL,UNINCORPORATED,,
91506987,2021,2021-06-25,9625,2021-06-15,1340,018792,,2,1,9,1300,0,3,5,,2,020,"TAEKER ROAD","HASTAIN ROAD",0.00,,Y,A,-,N,,,,,,,,,,Y,2,0,2,2,A,-,09,21800,A,N,D,C,A,A,H,-,A,D,0,,,,Y,Y,,D,22,2,0,0,0,0,0,0,0,0,"- ","- ",32.986408233642578,-115.40614318847656,IMPERIAL,UNINCORPORATED,-115.40614318847656,32.9864501953125
92198715,2023,2023-10-13,9625,2023-10-10,1232,018617,,2,1,9,1300,0,1,3,,1,012,"SR-86 (N/B)","DESERT SHORES DRIVE",334.00,N,N,A,-,Y,,,86,,,,,,,Y,4,0,2,2,A,-,03,22350,,N,C,C,A,A,H,-,A,D,0,,,,,Y,,D,22,0,0,2,0,0,0,0,0,0,"- ","- ",33.406448364257812,-116.04608154296875,IMPERIAL,UNINCORPORATED,-116.04610443115234,33.406444549560547
92278083,2023,2024-01-03,9625,2023-12-23,"135 ",021232,,6,3,9,1300,0,3,5,,2,020,"MCDONALD ROAD","ENGLISH ROAD",4224.00,W,N,A,-,N,,,,,,,,,,N,3,0,1,1,A,-,08,22107,,N,F,A,A,A,H,-,D,D,0,,,,,Y,,A,01,0,1,0,0,0,0,0,0,0,"- ","- ",33.205539703369141,-115.56040954589844,IMPERIAL,UNINCORPORATED,-115.55870056152344,33.205635070800781
8564349,2018,2018-03-12,1304,2018-02-20,0852,341,6,2,5,4,1304,0,0,0,,0,EAST,4TH,SMOKETREE,0.00,,Y,A,-,N,,,,,,,,,,Y,3,0,2,3,A,-,09,21802,A,N,D,C,A,A,H,-,A,D,0,,,,,Y,,A,01,0,1,1,0,0,0,0,0,0,"- ","- ",,,IMPERIAL,"EL CENTRO",-115.55226135253906,32.775348663330078
9078581,2019,2020-09-10,1301,2019-12-20,0916,903,BRAWL,5,5,3,1301,0,0,0,,0,0B1,"RT 111","RT 78",0.00,,-,A,-,Y,IMP,11,78,-,R,12.941,R,1,W,Y,4,0,1,2,A,-,03,22350,,N,C,C,A,A,H,-,A,A,0,,,,,Y,,A,07,0,0,1,0,0,0,0,0,0,"- ","- ",,,IMPERIAL,BRAWLEY,-115.52556610107422,33.000675201416016
9303675,2021,2021-10-20,1304,2021-08-03,0804,368,E1,2,5,4,1304,0,0,0,,0,WEST,"IMPERIAL AV","OCOTILLO DR",0.00,,Y,A,-,N,,,,,,,,,,N,3,0,1,3,A,-,10,21950,A,N,G,B,B,A,H,-,A,A,0,Y,,,,Y,,A,01,0,1,0,0,1,0,0,0,0,"- ","- ",,,IMPERIAL,"EL CENTRO",-115.56957244873047,32.777179718017578
9583562,2023,2023-08-02,1304,2023-06-15,1623,322,EPTRL,4,5,4,1304,0,0,0,,0,EAST,"4TH ST",SMOKETREE,0.00,,Y,A,-,Y,IMP,11,86,-,-,6.114,I,5,S,Y,3,0,1,2,A,-,09,21801,A,N,B,C,A,A,H,-,A,D,0,,,,,Y,Y,A,01,0,1,0,0,0,0,0,0,0,"- ","- ",,,IMPERIAL,"EL CENTRO",-115.55227661132812,32.775371551513672
9637744,2023,2024-01-16,1304,2023-10-30,1052,391,EPTRL,1,5,4,1304,0,0,0,,0,EAST,"RT 86",STATE,0.00,,Y,A,-,Y,IMP,11,86,-,-,7.240,I,5,S,Y,4,0,1,2,A,-,08,22107,,N,D,C,A,A,H,-,A,A,0,,,,,Y,,A,07,0,0,1,0,0,0,0,0,0,"- ","- ",,,IMPERIAL,"EL CENTRO",-115.55252838134766,32.791858673095703
90638244,2018,2018-01-11,9620,2018-01-06,2015,017837,,6,2,9,1300,0,1,1,,2,082,"I-8 W/B","WINTERHAVEN DR",5280.00,W,N,A,-,Y,,,8,,,,,,W,Y,2,0,1,1,C,-,18,,,N,H,H,A,A,H,-,D,D,0,,,,,Y,,-,"- ",1,0,0,0,0,0,0,0,0,"- ","- ",32.737678527832031,-114.66230773925781,IMPERIAL,UNINCORPORATED,-114.66230773925781,32.737686157226562
91871907,2022,2022-09-23,9625,2022-09-14,1834,018773,,3,2,9,1300,0,3,5,,2,040,"WORTHINGTON ROAD","LA BRUCHERIE ROAD",90.00,E,N,A,-,N,,,,,,,,,,N,3,0,1,2,A,-,08,22107,,N,B,G,A,A,H,-,A,A,0,,Y,,,Y,,A,08,0,1,0,0,0,0,1,0,0,"- ","- ",32.847419738769531,-115.5830078125,IMPERIAL,UNINCORPORATED,-115.58309173583984,32.847370147705078
92249597,2023,2023-11-30,9625,2023-11-20,"110 ",021232,,1,3,9,1300,0,1,3,,1,054,"SR-111 (N/B)","SCHARTZ ROAD",2900.00,S,N,A,-,Y,,,111,,,,,,,N,2,0,1,1,A,-,01,23152,A,N,H,B,A,A,H,-,D,D,0,,,,,Y,,A,07,1,0,0,0,0,0,0,0,0,"- ","- ",32.934078216552734,-115.50890350341797,IMPERIAL,UNINCORPORATED,-115.50912475585938,32.934078216552734
90749110,2018,2018-06-15,9625,2018-06-06,0915,016248,,3,1,9,1300,0,1,3,,2,053,"SR-111 N/B","HEBER ROAD",25.00,S,N,A,-,Y,,,111,,,,,,N,Y,3,0,1,2,A,-,03,22350,,N,C,C,A,A,H,-,A,A,0,,,,,Y,,A,01,0,1,0,0,0,0,0,0,0,"- ","- ",32.73046875,-115.50028228759766,IMPERIAL,UNINCORPORATED,-115.50040435791016,32.73046875
90860954,2018,2018-11-15,9625,2018-09-26,0625,018279,,3,1,9,1300,0,1,1,,2,001,"I-8, E/B","IN-KO-PAH PARK RD",10560.00,E,N,A,-,Y,,,8,,,,,,E,Y,1,1,0,1,A,-,08,22107,,N,F,I,A,A,H,-,B,D,0,,,,,Y,,A,01,0,0,0,0,0,0,0,0,0,"- ","- ",32.667850494384766,-116.10597229003906,IMPERIAL,UNINCORPORATED,-116.10584259033203,32.667816162109375
91004127,2019,2019-07-19,9625,2019-05-29,0850,020111,,3,1,9,1300,0,1,3,,1,054,SR-111,"WORTHINGTON ROAD",150.00,S,N,A,-,Y,,,111,,,,,,,N,4,0,2,2,A,-,03,22350,,N,C,C,A,A,H,-,A,A,0,,,,,Y,,-,31,0,0,2,0,0,0,0,0,0,"- ","- ",32.846939086914062,-115.50720977783203,IMPERIAL,UNINCORPORATED,-115.50741577148438,32.846855163574219
91425998,2021,2021-03-12,9625,2021-03-02,1840,021107,,2,2,9,1300,0,1,3,,1,054,"SR-111 S/B","WORTHINGTON ROAD",1818.00,S,N,A,-,Y,,,111,,,,,,S,N,2,0,1,2,A,-,11,21954,A,N,G,B,E,A,H,-,D,D,0,Y,,,,Y,Y,N,60,1,0,0,0,1,0,0,0,0,"- ","- ",32.842819213867188,-115.50515747070312,IMPERIAL,UNINCORPORATED,-115.50506591796875,32.842876434326172
91703338,2022,2022-02-17,9620,2022-02-11,1830,018464,,5,2,9,1300,0,1,1,,2,081,"I8 EASTBOUND","OGILBY RD",5702.00,W,N,A,-,Y,,,,,,,,,,N,3,0,1,1,A,-,08,22107,,N,E,I,A,A,H,-,D,D,0,,,,,Y,,-,"- ",0,1,0,0,0,0,0,0,0,"- ","- ",32.757240295410156,-114.85478973388672,IMPERIAL,UNINCORPORATED,-114.84062957763672,32.760448455810547
91719618,2022,2022-03-10,9625,2022-03-03,1533,018468,,4,2,4,1304,0,1,1,,2,003,"INTERSTATE 8 (E/B)","DOGWOOD ROAD",1844.00,W,N,A,-,Y,,,8,,,,,,,Y,4,0,1,1,A,-,08,22107,,N,E,8,A,A,H,-,A,D,0,,,,,Y,,A,01,0,0,1,0,0,0,0,0,0,"- ","- ",32.77362060546875,-115.54126739501953,IMPERIAL,"EL CENTRO",-115.54126739501953,32.773677825927734
9009522,2019,2020-01-06,1304,2019-11-16,1044,E0194,ELCE,6,5,4,1304,0,0,0,,0,EAST,6TH,MAIN,0.00,,Y,A,-,N,,,,,,,,,,Y,4,0,2,3,A,-,09,21801,B,N,D,C,A,A,H,-,A,A,0,,,,,Y,,A,01,0,0,2,0,0,0,0,0,0,"- ","- ",,,IMPERIAL,"EL CENTRO",-115.55696105957031,32.792819976806641
9228472,2020,2021-02-26,1304,2020-12-15,1751,SEID,EWES,2,5,4,1304,0,0,0,,0,WEST,8TH,BRADSHAW,0.00,,Y,A,-,N,,,,,,,,,,Y,3,0,1,2,A,-,09,21801,A,N,D,C,A,A,H,-,A,A,0,,,Y,,Y,,A,01,0,1,0,0,0,0,0,0,1,"- ","- ",32.811138153076172,-115.56144714355469,IMPERIAL,"EL CENTRO",-115.56143,32.811160000000001