CASE_ID,ACCIDENT_YEAR,PROC_DATE,JURIS,COLLISION_DATE,COLLISION_TIME,OFFICER_ID,REPORTING_DISTRICT,DAY_OF_WEEK,CHP_SHIFT,POPULATION,CNTY_CITY_LOC,SPECIAL_COND,BEAT_TYPE,CHP_BEAT_TYPE,CITY_DIVISION_LAPD,CHP_BEAT_CLASS,BEAT_NUMBER,PRIMARY_RD,SECONDARY_RD,DISTANCE,DIRECTION,INTERSECTION,WEATHER_1,WEATHER_2,STATE_HWY_IND,CALTRANS_COUNTY,CALTRANS_DISTRICT,STATE_ROUTE,ROUTE_SUFFIX,POSTMILE_PREFIX,POSTMILE,LOCATION_TYPE,RAMP_INTERSECTION,SIDE_OF_HWY,TOW_AWAY,COLLISION_SEVERITY,NUMBER_KILLED,NUMBER_INJURED,PARTY_COUNT,PRIMARY_COLL_FACTOR,PCF_CODE_OF_VIOL,PCF_VIOL_CATEGORY,PCF_VIOLATION,PCF_VIOL_SUBSECTION,HIT_AND_RUN,TYPE_OF_COLLISION,MVIW,PED_ACTION,ROAD_SURFACE,ROAD_COND_1,ROAD_COND_2,LIGHTING,CONTROL_DEVICE,CHP_ROAD_TYPE,PEDESTRIAN_ACCIDENT,BICYCLE_ACCIDENT,MOTORCYCLE_ACCIDENT,TRUCK_ACCIDENT,NOT_PRIVATE_PROPERTY,ALCOHOL_INVOLVED,STWD_VEHTYPE_AT_FAULT,CHP_VEHTYPE_AT_FAULT,COUNT_SEVERE_INJ,COUNT_VISIBLE_INJ,COUNT_COMPLAINT_PAIN,COUNT_PED_KILLED,COUNT_PED_INJURED,COUNT_BICYCLIST_KILLED,COUNT_BICYCLIST_INJURED,COUNT_MC_KILLED,COUNT_MC_INJURED,PRIMARY_RAMP,SECONDARY_RAMP,LATITUDE,LONGITUDE,COUNTY,CITY,POINT_X,POINT_Y
9519918,2022,2023-02-13,1304,2022-12-12,1212,391,,1,5,4,1304,0,0,0,,0,WEST,IMPERIAL,MAIN,104.00,N,N,B,C,N,,,,,,,,,,N,3,0,1,2,A,-,09,21804,A,N,D,C,A,B,H,-,A,A,0,,,,,Y,,A,01,0,1,0,0,0,0,0,0,0,"- ","- ",,,IMPERIAL,"EL CENTRO",-115.56990814208984,32.793083190917969
91080362,2019,2019-09-23,9625,2019-09-14,1840,018792,,6,2,9,1300,0,3,5,,2,020,"WILKINS ROAD","BEAL ROAD",1539.00,N,N,A,-,N,,,,,,,,,,Y,2,0,1,1,A,-,01,23152,A,N,F,A,A,A,H,-,D,D,0,,,,,Y,Y,A,01,1,0,0,0,0,0,0,0,0,"- ","- ",33.243270874023438,-115.50537109375,IMPERIAL,UNINCORPORATED,-115.5069580078125,33.244491577148438
91115936,2019,2019-11-07,9625,2019-11-01,1205,013627,,5,1,9,1300,0,1,1,,2,005,"INTERSTATE 8 E/B","VAN DER LINDEN ROAD",1348.00,W,N,A,-,Y,,,8,,,,,,E,Y,2,0,1,1,C,-,18,,,N,E,I,A,A,H,-,A,D,0,,,,,Y,,-,"- ",1,0,0,0,0,0,0,0,0,"- ","- ",32.771980285644531,-115.28173828125,IMPERIAL,UNINCORPORATED,-115.28185272216797,32.771720886230469
91525863,2021,2021-07-21,9625,2021-07-14,1725,019225,,3,2,9,1300,0,1,3,,1,051,"SR-7 (NORTHBOUND)","MAGGIO ROAD",1820.00,S,N,A,-,Y,,,7,,,,,,,Y,4,0,1,2,A,-,07,21658,A,N,B,C,A,A,H,-,A,D,0,,,Y,Y,Y,,F,25,0,0,1,0,0,0,0,0,1,"- ","- ",32.683300018310547,-115.38478088378906,IMPERIAL,UNINCORPORATED,-115.38479614257812,32.683322906494141
91669969,2021,2022-01-04,9625,2021-12-24,0200,018978,,5,3,9,1300,0,3,5,,2,010,"BRANDT ROAD","BAUGHMAN ROAD",373.00,S,N,A,-,N,,,,,,,,,,Y,3,0,1,2,A,-,08,22107,,N,C,E,A,A,H,-,D,D,0,,,,,Y,,A,01,0,1,0,0,0,0,0,0,0,"- ","- ",33.0289306640625,-115.56140899658203,IMPERIAL,UNINCORPORATED,-115.56140899658203,33.02899169921875
91835041,2022,2022-08-08,9625,2022-07-29,"420 ",020125,,5,3,9,1300,0,3,5,,2,040,"CLARK RD.","HUSTON RD.",411.00,S,N,A,-,N,,,,,,,,,,Y,3,0,1,1,A,-,01,23152,A,N,F,A,A,A,H,-,D,D,0,,,,,Y,Y,A,07,0,1,0,0,0,0,0,0,0,"- ","- ",32.838970184326172,-115.56143951416016,IMPERIAL,UNINCORPORATED,-115.56150817871094,32.839065551757812
91937178,2022,2022-12-08,9625,2022-12-06,"915 ",016248,,2,1,9,1300,0,2,4,,2,057,SR-115,"EVAN HEWES HIGHWAY",0.00,,Y,A,-,Y,,,115,,,,,,,Y,4,0,2,2,A,-,09,21801,A,N,D,C,A,C,H,-,A,D,0,,,,,Y,,D,22,0,0,2,0,0,0,0,0,0,"- ","- ",32.805820465087891,-115.40608215332031,IMPERIAL,UNINCORPORATED,-115.40612030029297,32.805820465087891
8469534,2018,2018-07-30,1304,2018-01-07,1325,327,EWEST,7,5,4,1304,0,0,0,,0,WEST,ADAMS,10TH,0.00,,-,A,-,Y,IMP,11,86,-,L,8.130,H,-,N,Y,3,0,1,2,A,-,09,21804,A,N,D,C,A,A,H,-,A,D,0,,,Y,,Y,,A,01,0,1,0,0,0,0,0,0,1,"- ","- ",32.796501159667969,-115.56330108642578,IMPERIAL,"EL CENTRO",-115.56328582763672,32.796550750732422
8589130,2018,2018-04-10,1304,2018-03-22,0220,327,EWEST,4,5,4,1304,0,0,0,,0,WEST,OCOTILLO,14TH,127.00,W,N,A,-,N,,,,,,,,,,Y,3,0,1,1,A,-,01,23152,A,N,E,I,A,A,H,-,C,D,0,,,,,Y,Y,A,01,0,1,0,0,0,0,0,0,0,"- ","- ",,,IMPERIAL,"EL CENTRO",-115.56812286376953,32.776676177978516
8878967,2019,2019-06-20,1301,2019-05-09,0549,902,BRAWL,4,5,3,1301,0,0,0,,0,0B4,"H ST","PALM AV",40.00,E,N,A,-,N,,,,,,,,,,Y,3,0,1,3,A,-,08,22107,,N,E,E,A,A,H,-,B,A,0,,,,,Y,,A,01,0,1,0,0,0,0,0,0,0,"- ","- ",,,IMPERIAL,BRAWLEY,-115.52191162109375,32.976409912109375
8905409,2018,2019-09-06,1302,2018-03-23,1846,I0005,1302,5,5,4,1302,0,0,0,,0,004,"ANDRADE AV","COLE RD",0.00,,Y,A,-,N,,,,,,,,,,Y,4,0,1,3,A,-,12,21453,A,N,D,C,A,A,H,-,A,A,0,,,,,Y,,A,07,0,0,1,0,0,0,0,0,0,"- ","- ",,,IMPERIAL,CALEXICO,-115.48255920410156,32.693931579589844
8945883,2019,2019-10-04,1304,2019-08-07,1139,341,EWES,3,5,4,1304,0,0,0,,0,WEST,"LA BRUCHERIE",EUCLID,0.00,,Y,C,-,N,,,,,,,,,,N,4,0,1,2,A,-,09,21802,A,N,D,C,A,B,H,-,A,D,0,,,,,Y,,A,01,0,0,1,0,0,0,0,0,0,"- ","- ",,,IMPERIAL,"EL CENTRO",-115.57868194580078,32.798381805419922
8961373,2019,2019-10-22,1304,2019-09-05,2255,351,EAST,4,5,4,1304,0,0,0,,0,EAST,"DANEN BERG","DANEN BERG 45",0.00,,Y,A,-,N,,,,,,,,,,N,3,0,1,2,A,-,11,21954,A,N,G,B,E,A,A,B,D,D,0,Y,,,,Y,,N,60,0,1,0,0,1,0,0,0,0,"- ","- ",32.766929626464844,-115.540771484375,IMPERIAL,"EL CENTRO",-115.538144,32.766910000000003
91768796,2022,2022-05-10,9625,2022-05-07,"901 ",018368,,6,1,9,1300,0,1,3,,2,053,"SR-111 (S/B)","HEBER ROAD",226.00,S,N,A,-,Y,,,111,,,,,,,N,4,0,1,2,A,-,03,22350,,N,C,D,A,A,H,-,A,D,0,,,,,Y,,A,01,0,0,1,0,0,0,0,0,0,"- ","- ",32.729751586914062,-115.50058746337891,IMPERIAL,UNINCORPORATED,-115.50039672851562,32.729751586914062
91804622,2022,2022-06-28,9625,2022-06-14,2040,018930,,2,2,9,1300,0,3,5,,2,050,"WORTHINGTON ROAD","TRENTHAM ROAD",536.00,E,N,A,-,N,,,,,,,,,,Y,3,0,1,2,A,-,01,23152,A,N,D,C,A,A,H,-,C,D,0,,,,,Y,Y,A,07,0,1,0,0,0,0,0,0,0,"- ","- ",32.847381591796875,-115.52498626708984,IMPERIAL,UNINCORPORATED,-115.52504730224609,32.847370147705078
92024114,2023,2023-03-21,9625,2023-03-11,1640,019667,,6,2,9,1300,0,1,3,,1,044,"STATE ROUTE 86 SOUTHBOUND","KEYSTONE ROAD",68.00,N,N,A,-,Y,,,86,,,,,,S,Y,3,0,2,2,A,-,03,22350,,N,C,C,A,A,H,-,A,A,0,,,,,Y,,D,22,0,2,0,0,0,0,0,0,0,"- ","- ",32.912921905517578,-115.57012939453125,IMPERIAL,UNINCORPORATED,-115.57006072998047,32.912918090820312
90848642,2018,2018-10-30,9625,2018-10-22,2050,020704,,1,2,9,1300,0,3,5,,2,010,"SR-86 (S/B)","FREDRICKS ROAD",0.00,,Y,A,-,Y,,,86,,,,,,,Y,3,0,2,2,A,-,09,21453,C,N,D,D,A,A,H,-,C,A,0,,,,Y,Y,,D,22,0,2,0,0,0,0,0,0,0,"- ","- ",32.999198913574219,-115.58881378173828,IMPERIAL,UNINCORPORATED,-115.58876800537109,32.999233245849609
90941471,2019,2019-03-07,9625,2019-03-03,2255,020111,,7,3,9,1300,0,1,3,,2,014,"SR-78 W/B","ELDER ROAD",0.00,,Y,A,-,N,,,78,,,,,,W,Y,3,0,1,1,A,-,03,22350,,N,E,I,A,A,H,-,C,A,0,,,,,Y,,A,07,0,1,0,0,0,0,0,0,0,"- ","- ",32.999080657958984,-115.58966827392578,IMPERIAL,UNINCORPORATED,-115.58898162841797,32.999275207519531
91189599,2020,2020-02-19,9625,2020-02-10,1305,019225,,1,1,9,1300,0,1,1,,2,004,"INTERSTATE 8 W/B","IMPERIAL HIGHWAY",1056.00,E,N,B,C,Y,,,8,,,,,,W,Y,4,0,1,1,A,-,03,22350,,N,E,I,A,B,H,-,A,D,0,,,,,Y,,A,01,0,0,1,0,0,0,0,0,0,"- ","- ",32.743328094482422,-115.96064758300781,IMPERIAL,UNINCORPORATED,-115.96066284179688,32.743396759033203
91549607,2021,2021-08-19,9625,2021-08-13,1930,019668,,5,2,9,1300,0,3,5,,2,050,"KLOKE ROAD","COLE ROAD",0.00,,Y,A,-,N,,,,,,,,,,N,2,0,1,2,A,-,12,22450,A,N,D,C,A,A,H,-,C,A,0,,,Y,,Y,,C,02,1,0,0,0,0,0,0,0,1,"- ","- ",32.694061279296875,-115.51673889160156,IMPERIAL,UNINCORPORATED,-115.51679229736328,32.693992614746094
91564720,2021,2021-09-07,9625,2021-08-28,0220,020738,,6,3,9,1300,0,3,5,,2,010,"WIEMAN ROAD","CADY ROAD",0.00,,Y,A,-,N,,,,,,,,,,N,3,0,1,1,A,-,03,22350,,N,E,I,A,A,H,-,C,D,0,,,,,Y,,A,01,0,1,0,0,0,0,0,0,0,"- ","- ",32.977310180664062,-115.65859985351562,IMPERIAL,UNINCORPORATED,-115.65866851806641,32.977413177490234
91758660,2022,2022-04-28,9625,2022-04-21,"530 ",018468,,4,3,9,1300,0,3,5,,2,050,"GRAESER ROAD","FINNEY ROAD",0.00,,Y,A,-,N,,,,,,,,,,Y,4,0,1,1,A,-,01,23152,A,N,E,I,A,A,H,-,D,D,0,,,,,Y,Y,A,01,0,0,1,0,0,0,0,0,0,"- ","- ",32.923961639404297,-115.29219818115234,IMPERIAL,UNINCORPORATED,-115.29225158691406,32.923988342285156
9088161,2020,2020-06-04,1301,2020-01-04,2315,9A8,BRAWL,6,5,3,1301,0,0,0,,0,001,"FLAMMANG AV","SPRUCE ST",115.00,E,N,A,-,N,,,,,,,,,,N,4,0,1,2,A,-,01,23152,B,N,C,E,A,A,H,-,C,D,0,,,,,Y,Y,D,22,0,0,1,0,0,0,0,0,0,"- ","- ",,,IMPERIAL,BRAWLEY,-115.53758239746094,32.988140106201172
9290662,2021,2021-08-24,1304,2021-07-16,1017,327,,5,5,4,1304,0,0,0,,0,EAST,"S IMPERIAL AV","ROSS AV",21.00,S,N,A,-,N,,,,,,,,,,Y,3,0,2,2,A,-,12,21453,A,N,D,C,A,A,H,-,A,A,0,,,,,Y,,A,01,0,1,1,0,0,0,0,0,0,"- ","- ",,,IMPERIAL,"EL CENTRO",-115.56968688964844,32.781421661376953
9440991,2022,2022-05-09,1304,2022-02-27,1850,363,EPTRL,7,5,4,1304,0,0,0,,0,WEST,"IMPERIAL AV",SCOTT,0.00,,Y,A,-,N,,,,,,,,,,N,3,0,2,2,A,-,09,21802,A,N,A,C,A,A,H,-,C,A,0,,,,,Y,Y,A,01,0,2,0,0,0,0,0,0,0,"- ","- ",32.801460266113281,-115.56992340087891,IMPERIAL,"EL CENTRO",-115.56999969482422,32.801418304443359
9485852,2022,2022-09-07,1304,2022-08-19,"920 ",322,EEAST,5,5,4,1304,0,0,0,,0,EAST,ORANGE,FAIRFIELD,0.00,,Y,A,-,N,,,,,,,,,,Y,3,0,3,2,A,-,09,21801,A,N,D,C,A,A,H,-,A,D,0,,,,,Y,,A,01,0,3,0,0,0,0,0,0,0,"- ","- ",32.788101196289062,-115.54190826416016,IMPERIAL,"EL CENTRO",-115.5418701171875,32.788764953613281
9554815,2023,2023-03-29,1304,2023-02-03,1739,355,ELCE,5,5,4,1304,0,0,0,,0,EAST,"4TH ST","HAMILTON AV",0.00,,Y,A,-,Y,IMP,11,86,-,-,6.825,I,5,S,Y,4,0,1,2,A,-,09,21802,A,N,D,C,A,A,H,-,B,-,0,,,,,Y,,A,01,0,0,1,0,0,0,0,0,0,"- ","- ",32.785869598388672,-115.55258941650391,IMPERIAL,"EL CENTRO",-115.55251312255859,32.785770416259766
90728008,2018,2018-05-16,9625,2018-04-17,1055,016248,,2,1,9,1300,0,2,4,,2,047,"FORRESTER ROAD","EVAN HEWES HIGHWAY",1600.00,S,N,A,-,N,,,,,,,,,,Y,4,0,1,1,A,-,08,22107,,N,E,I,A,A,H,-,A,D,0,,,,,Y,,A,01,0,0,1,0,0,0,0,0,0,"- ","- ",32.792320251464844,-115.62045288085938,IMPERIAL,UNINCORPORATED,-115.62061309814453,32.792198181152344
92054552,2023,2023-04-27,9625,2023-04-18,"755 ",017727,,2,1,9,1300,0,3,5,,2,010,"NILAND AVE","NOFFSINGER ROAD",0.00,,Y,A,-,N,,,,,,,,,,Y,4,0,1,2,A,-,12,22450,A,N,D,C,A,A,H,-,A,A,0,,,,Y,Y,,A,01,0,0,1,0,0,0,0,0,0,"- ","- ",33.234600067138672,-115.51589965820312,IMPERIAL,UNINCORPORATED,-115.51590728759766,33.234596252441406
92072936,2023,2023-05-19,9625,2023-05-13,1527,021107,,6,2,9,1300,0,1,3,,1,042,"STATE ROUTE 98","IMPERIAL HIGHWAY",2165.00,E,N,A,-,Y,,,98,,,,,,,Y,3,0,1,1,A,-,08,22107,,N,F,A,A,A,H,-,A,D,0,,,,,Y,,A,01,0,1,0,0,0,0,0,0,0,"- ","- ",32.724620819091797,-115.98873138427734,IMPERIAL,UNINCORPORATED,-115.98873138427734,32.724590301513672
90877071,2018,2018-12-06,9625,2018-12-03,1715,019225,,1,2,9,1300,0,1,3,,2,053,"STATE ROUTE 111 (NORTHBOUND)","JASPER ROAD",2112.00,N,N,A,-,Y,,,111,,,,,,,Y,4,0,1,2,A,-,03,22350,,N,C,C,A,A,H,-,D,A,0,,,,,Y,,D,22,0,0,1,0,0,0,0,0,0,"- ","- ",32.716049194335938,-115.49935150146484,IMPERIAL,UNINCORPORATED,-115.49948120117188,32.716049194335938
91099945,2019,2019-10-17,9625,2019-10-07,1415,017727,,1,2,9,1300,0,3,5,,2,020,"SR-78 (W/B)","BRANDT ROAD",0.00,,Y,A,-,N,,,78,,,,,,,Y,4,0,2,3,A,-,09,21803,A,N,D,C,A,A,H,-,A,A,0,,,,,Y,,A,01,0,0,2,0,0,0,0,0,0,"- ","- ",33.000400543212891,-115.5614013671875,IMPERIAL,UNINCORPORATED,-115.5614013671875,33.000335693359375
91128707,2019,2019-11-25,9620,2019-11-15,1017,014306,,5,1,9,1300,0,1,3,,1,062,SR-186,"ALL AMERICAN CANAL",1320.00,S,N,A,-,Y,,,186,,,,,,,Y,3,0,2,2,A,-,05,21460,A,N,A,C,A,A,H,-,A,D,0,,,,,Y,,A,07,0,2,0,0,0,0,0,0,0,"- ","- ",32.731571197509766,-114.71700286865234,IMPERIAL,UNINCORPORATED,-114.71695709228516,32.731552124023438
91194902,2020,2020-02-27,9625,2020-02-22,1520,018464,,6,2,9,1300,0,1,3,,1,022,SR-111,"RANGE ROAD",1900.00,S,N,A,-,Y,,,,,,,,,,Y,4,0,2,2,A,-,03,22350,,N,C,C,A,A,H,-,A,D,0,,,,,Y,,A,07,0,0,2,0,0,0,0,0,0,"- ","- ",33.354518890380859,-115.76582336425781,IMPERIAL,UNINCORPORATED,-115.76590728759766,33.364559173583984
91333511,2020,2020-10-28,9625,2020-10-18,0448,022010,,7,3,9,1300,0,3,5,,2,040,"GULLETT ROAD","WORTHINGTON ROAD",2851.00,S,N,A,-,N,,,,,,,,,,Y,4,0,1,2,A,-,03,22350,,N,C,C,A,A,H,-,C,D,0,,,,,Y,,A,01,0,0,1,0,0,0,0,0,0,"- ","- ",32.839439392089844,-115.63791656494141,IMPERIAL,UNINCORPORATED,-115.63794708251953,32.839607238769531
91348586,2020,2020-11-19,9620,2020-11-13,0720,019333,,5,1,9,1300,0,1,3,,1,062,SR-186,"I-8 E/B",10032.00,S,N,A,-,Y,,,186,,,,,,,Y,3,0,2,2,C,-,18,,,N,C,D,A,A,H,-,A,D,0,,,,,Y,,-,"- ",0,1,1,0,0,0,0,0,0,"- ","- ",32.719169616699219,-114.72734069824219,IMPERIAL,UNINCORPORATED,-114.727294921875,32.719127655029297
8795882,2019,2019-05-23,1304,2019-01-30,1307,327,EWEST,3,5,4,1304,0,0,0,,0,WEST,IMPERIAL,"VILLA AV",0.00,,-,A,-,Y,IMP,11,86,-,-,7.790,H,-,N,Y,3,0,1,4,A,-,03,22350,,N,C,C,A,A,H,-,A,D,0,,,,,Y,,A,01,0,1,0,0,0,0,0,0,0,"- ","- ",32.803520202636719,-115.56977081298828,IMPERIAL,"EL CENTRO",-115.56987762451172,32.803424835205078
9040235,2019,2020-02-12,1301,2019-11-09,1629,9A6,,6,5,3,1301,0,0,0,,0,002,"DOGWOOD RD","MEAD RD",432.00,N,N,A,-,N,,,,,,,,,,Y,2,0,2,1,A,-,08,22107,,N,F,-,A,A,H,-,A,D,0,,,,,Y,,-,,1,1,0,0,0,0,0,0,0,"- ","- ",,,IMPERIAL,BRAWLEY,-115.53512573242188,32.957504272460938
9234374,2021,2021-04-15,1304,2021-03-24,1515,332,EAST,3,5,4,1304,0,0,0,,0,EAST,7TH,EUCLID,0.00,,Y,A,-,N,,,,,,,,,,Y,4,0,1,2,A,-,09,21800,A,N,D,C,A,A,H,-,A,D,0,,,,,Y,,A,07,0,0,1,0,0,0,0,0,0,"- ","- ",32.798431396484375,-115.55924224853516,IMPERIAL,"EL CENTRO",-115.55924224853516,32.798374176025391
9494222,2022,2022-11-08,1304,2022-10-05,"724 ",358,,3,5,4,1304,0,0,0,,0,,4TH,"SOUTHWIND DR",140.00,S,N,A,-,Y,SD,11,8,U,T,96.546,I,5,E,Y,4,0,3,2,A,-,12,21453,A,N,-,C,A,A,H,-,A,A,0,,,,,Y,,A,01,0,0,3,0,0,0,0,0,0,"- ","- ",,,IMPERIAL,"EL CENTRO",-114.62461853027344,32.732429504394531
9603393,2023,2023-08-30,1305,2023-06-05,1812,N6635,011A,1,5,2,1305,0,0,0,,0,060,"MILLIKEN AV","RT 60",0.00,S,N,A,-,Y,RIV,8,60,-,R,0.198,R,4,W,N,4,0,1,2,A,-,07,21658,A,N,B,C,A,A,H,-,A,A,0,,,,,Y,,-,"- ",0,0,1,0,0,0,0,0,0,"- ",EF,34.025108337402344,-117.55785369873047,IMPERIAL,HOLTVILLE,-117.55499267578125,34.023159027099609
90772196,2018,2018-07-18,9620,2018-07-13,0930,018703,,5,1,9,1300,0,2,4,,1,075,"YUMA RD","ARNOLD RD",1362.00,S,N,A,-,N,,,,,,,,,,Y,4,0,1,1,A,-,08,22107,,N,E,I,A,A,H,-,A,D,0,,,,,Y,,A,07,0,0,1,0,0,0,0,0,0,"- ","- ",32.7489013671875,-114.65055847167969,IMPERIAL,UNINCORPORATED,-114.65058898925781,32.749114990234375
92104655,2023,2023-06-28,9625,2023-06-18,"130 ",020771,,7,3,9,1300,0,1,1,,2,001,"I-8 E/B","OLD HWY 80",2112.00,E,N,A,G,Y,,,8,,,,,,E,Y,3,0,1,1,A,-,08,22107,,N,E,8,A,A,H,-,D,D,0,,,,,Y,,A,01,0,1,0,0,0,0,0,0,0,"- ","- ",32.648868560791016,-116.10305786132812,IMPERIAL,UNINCORPORATED,-116.10301208496094,32.648830413818359
92265267,2023,2023-12-18,9625,2023-12-04,"330 ",021232,,1,3,9,1300,0,1,3,,2,053,"SR-111 (N/B)","JASPER ROAD",2226.00,N,N,A,-,Y,,,111,,,,,,,N,4,0,1,2,A,-,01,23152,A,N,C,C,A,A,H,-,D,D,0,,,Y,,Y,Y,C,03,0,0,1,0,0,0,0,0,1,"- ","- ",32.714820861816406,-115.49935150146484,IMPERIAL,UNINCORPORATED,-115.49947357177734,32.714820861816406
90918108,2019,2019-02-04,9625,2019-01-25,2156,020054,,5,2,9,1300,0,1,3,,2,053,"SR-111 NORTHBOUND","FAWCETT ROAD",1584.00,S,N,A,-,Y,,,111,,,,,,N,Y,4,0,1,1,A,-,01,23152,A,N,E,I,A,A,H,-,D,D,0,,,,,Y,,A,01,0,0,1,0,0,0,0,0,0,"- ","- ",32.719398498535156,-115.49974822998047,IMPERIAL,UNINCORPORATED,-115.49992370605469,32.719364166259766
91170046,2020,2020-01-22,9625,2020-01-10,0610,017727,,5,1,9,1300,0,3,5,,2,020,"BLAIR ROAD","LINDSEY ROAD",5.00,N,N,A,-,N,,,,,,,,,,Y,4,0,1,1,A,-,08,22107,,N,E,I,A,A,H,-,E,D,0,,,,,Y,,A,01,0,0,1,0,0,0,0,0,0,"- ","- ",33.147499084472656,-115.49320220947266,IMPERIAL,UNINCORPORATED,-115.49320983886719,33.147533416748047
91184653,2019,2020-02-11,9625,2019-11-08,0315,020111,,5,3,9,1300,0,3,5,,2,010,"NORM NIVER ROAD","NURSERY ROAD",390.00,S,N,A,-,N,,,,,,,,,,Y,1,1,1,2,A,-,08,22107,,N,B,C,A,A,H,-,D,D,0,,,,,Y,Y,A,01,0,1,0,0,0,0,0,0,0,"- ","- ",33.356258392333984,-116.01936340332031,IMPERIAL,UNINCORPORATED,-116.0201416015625,33.356716156005859
91390755,2020,2021-01-19,9625,2020-09-29,1808,019225,,2,2,9,1300,0,1,1,,2,005,"INTERSTATE 8 E/B","DOGWOOD ROAD",2528.00,E,N,A,-,Y,,,8,,,,,,E,Y,1,2,0,4,A,-,01,23152,F,N,B,E,E,A,H,-,A,D,0,Y,,,,Y,,A,01,0,0,0,2,0,0,0,0,0,"- ","- ",32.773811340332031,-115.52696990966797,IMPERIAL,UNINCORPORATED,-115.52696990966797,32.773719787597656
91791804,2022,2022-06-09,9625,2022-06-02,1515,019225,,4,2,9,1300,0,1,1,,2,004,"INTERSTATE 8 (W/B)","FORRESTER ROAD",2640.00,W,N,A,-,Y,,,8,,,,,,,Y,4,0,1,2,A,-,03,22350,,N,C,C,A,A,H,-,A,D,0,,,,,Y,,E,22,0,0,1,0,0,0,0,0,0,"- ","- ",32.774040222167969,-115.62921142578125,IMPERIAL,UNINCORPORATED,-115.62921142578125,32.77398681640625
92082796,2023,2023-05-31,9625,2023-05-24,1625,019225,,3,2,9,1300,0,3,5,,2,050,"SR-111 (S/B)","EVAN HEWES HIGHWAY",663.00,N,N,A,-,Y,,,111,,,,,,,N,4,0,1,4,A,-,03,22350,,N,C,C,A,A,H,-,A,D,0,,,,Y,Y,,G,25,0,0,1,0,0,0,0,0,0,"- ","- ",32.801620483398438,-115.50070190429688,IMPERIAL,UNINCORPORATED,-115.50051879882812,32.801616668701172
8874622,2019,2019-06-20,1304,2019-05-31,0235,333,E1,5,5,4,1304,0,0,0,,0,WEST,BRIGHTON,"14TH ST",192.00,E,N,A,-,N,,,,,,,,,,Y,3,0,1,2,A,-,01,23152,A,N,D,E,A,A,H,-,C,D,0,,,,,Y,Y,A,01,0,1,0,0,0,0,0,0,0,"- ","- ",,,IMPERIAL,"EL CENTRO",-115.56703948974609,32.789745330810547
9410095,2022,2022-03-14,1301,2022-01-14,1237,919,BRAWL,5,5,3,1301,0,0,0,,0,003,"A ST","7TH ST",0.00,,Y,A,-,N,,,,,,,,,,Y,4,0,1,2,A,-,09,21801,A,N,-,C,A,A,H,-,A,A,0,,,,,Y,,A,01,0,0,1,0,0,0,0,0,0,"- ","- ",,,IMPERIAL,BRAWLEY,-115.53115081787109,32.984153747558594
9414334,2022,2022-03-18,1304,2022-02-20,"442 ",326,EWES,7,5,4,1304,0,0,0,,0,,ADAMS,10TH,159.00,E,N,A,-,Y,IMP,11,86,-,L,8.120,H,-,N,Y,4,0,1,3,A,-,01,23152,A,N,C,E,A,A,H,-,C,A,0,,,,,Y,Y,A,01,0,0,1,0,0,0,0,0,0,"- ","- ",,,IMPERIAL,"EL CENTRO",-115.56311798095703,32.796550750732422
90668662,2018,2018-02-23,9625,2018-02-12,0805,022010,,1,1,9,1300,0,3,5,,2,050,"COLE ROAD","DOGWOOD ROAD",1848.00,E,N,A,-,N,,,,,,,,,,Y,3,0,1,1,A,-,08,22107,,N,E,I,A,A,H,-,A,D,0,,,,,Y,,A,01,0,1,0,0,0,0,0,0,0,"- ","- ",32.694038391113281,-115.52799987792969,IMPERIAL,UNINCORPORATED,-115.53398132324219,32.694000244140625
90885139,2018,2018-12-18,9625,2018-07-22,0127,020263,,7,3,9,1300,0,3,5,,2,050,"BOWKER ROAD","MCCABE ROAD",2032.00,N,N,A,-,N,,,,,,,,,,Y,1,1,1,1,A,-,08,22107,,N,F,A,A,A,H,-,D,A,0,,,Y,,Y,,C,02,0,1,0,0,0,0,0,1,1,"- ","- ",32.757949829101562,-115.46504211425781,IMPERIAL,UNINCORPORATED,-115.46502685546875,32.757663726806641
91179995,2020,2020-02-04,9625,2020-01-28,1715,018464,,2,2,9,1300,0,1,3,,2,024,SR-78,"HASTAIN ROAD",491.00,W,N,A,-,Y,,,78,,,,,,,Y,2,0,1,1,A,-,08,22107,,N,E,I,A,A,H,-,A,D,0,,,,,Y,,D,22,1,0,0,0,0,0,0,0,0,"- ","- ",32.974418640136719,-115.40782928466797,IMPERIAL,UNINCORPORATED,-115.40782165527344,32.974414825439453
92020088,2023,2023-03-16,9625,2023-03-08,1348,019582,,3,1,9,1300,0,1,1,,2,003,"INTERSTATE 8 E/B","IMPERIAL HIGHWAY",3695.00,E,N,A,-,Y,,,8,,,,,,E,N,4,0,1,1,A,-,08,22107,,N,F,A,A,A,H,-,A,D,0,,,,,Y,,A,07,0,0,1,0,0,0,0,0,0,"- ","- ",32.736961364746094,-115.98230743408203,IMPERIAL,UNINCORPORATED,-115.98227691650391,32.736808776855469