CASE_ID,ACCIDENT_YEAR,PROC_DATE,JURIS,COLLISION_DATE,COLLISION_TIME,OFFICER_ID,REPORTING_DISTRICT,DAY_OF_WEEK,CHP_SHIFT,POPULATION,CNTY_CITY_LOC,SPECIAL_COND,BEAT_TYPE,CHP_BEAT_TYPE,CITY_DIVISION_LAPD,CHP_BEAT_CLASS,BEAT_NUMBER,PRIMARY_RD,SECONDARY_RD,DISTANCE,DIRECTION,INTERSECTION,WEATHER_1,WEATHER_2,STATE_HWY_IND,CALTRANS_COUNTY,CALTRANS_DISTRICT,STATE_ROUTE,ROUTE_SUFFIX,POSTMILE_PREFIX,POSTMILE,LOCATION_TYPE,RAMP_INTERSECTION,SIDE_OF_HWY,TOW_AWAY,COLLISION_SEVERITY,NUMBER_KILLED,NUMBER_INJURED,PARTY_COUNT,PRIMARY_COLL_FACTOR,PCF_CODE_OF_VIOL,PCF_VIOL_CATEGORY,PCF_VIOLATION,PCF_VIOL_SUBSECTION,HIT_AND_RUN,TYPE_OF_COLLISION,MVIW,PED_ACTION,ROAD_SURFACE,ROAD_COND_1,ROAD_COND_2,LIGHTING,CONTROL_DEVICE,CHP_ROAD_TYPE,PEDESTRIAN_ACCIDENT,BICYCLE_ACCIDENT,MOTORCYCLE_ACCIDENT,TRUCK_ACCIDENT,NOT_PRIVATE_PROPERTY,ALCOHOL_INVOLVED,STWD_VEHTYPE_AT_FAULT,CHP_VEHTYPE_AT_FAULT,COUNT_SEVERE_INJ,COUNT_VISIBLE_INJ,COUNT_COMPLAINT_PAIN,COUNT_PED_KILLED,COUNT_PED_INJURED,COUNT_BICYCLIST_KILLED,COUNT_BICYCLIST_INJURED,COUNT_MC_KILLED,COUNT_MC_INJURED,PRIMARY_RAMP,SECONDARY_RAMP,LATITUDE,LONGITUDE,COUNTY,CITY,POINT_X,POINT_Y
92189180,2023,2023-10-03,9625,2023-09-27,1910,018792,,3,2,9,1300,0,3,5,,2,050,"MCCABE ROAD",SR-111,39.00,W,N,A,-,N,,,,,,,,,,N,3,0,1,2,A,-,03,22350,,N,C,C,A,A,H,-,C,A,0,,,,,Y,,A,07,0,1,0,0,0,0,0,0,0,"- ","- ",32.7523193359375,-115.50106048583984,IMPERIAL,UNINCORPORATED,-115.50077819824219,32.752429962158203
92278490,2023,2024-01-03,9625,2023-12-25,"25  ",021591,,1,3,9,1300,0,1,3,,2,025,"STATE ROUTE 78","OGILBY ROAD",8976.00,W,N,A,-,Y,,,78,,,,,,,Y,2,0,1,1,A,-,08,22107,,N,F,A,A,A,H,-,D,D,0,,,,,Y,,A,01,1,0,0,0,0,0,0,0,0,"- ","- ",33.078948974609375,-114.94007110595703,IMPERIAL,UNINCORPORATED,-114.94008636474609,33.078998565673828
91259057,2020,2020-06-26,9625,2020-06-25,2205,022010,,4,3,9,1300,0,2,4,,2,045,"EVAN HEWES HIGHWAY","FORRESTER ROAD",1426.00,E,N,A,-,N,,,,,,,,,,Y,4,0,1,1,A,-,08,22107,,N,F,A,A,A,H,-,D,D,0,,,,,Y,,A,01,0,0,1,0,0,0,0,0,0,"- ","- ",32.796669006347656,-115.61734008789062,IMPERIAL,UNINCORPORATED,-115.61617279052734,32.796588897705078
91542399,2021,2021-08-11,9625,2021-07-30,1513,018978,,5,2,9,1300,0,2,4,,2,046,"DOGWOOD ROAD","MCCABE ROAD",181.00,N,N,A,-,N,,,,,,,,,,Y,3,0,1,1,A,-,01,23152,A,N,E,I,A,D,H,-,A,A,0,,,,,Y,Y,D,22,0,1,0,0,0,0,0,0,0,"- ","- ",32.752971649169922,-115.53491973876953,IMPERIAL,UNINCORPORATED,-115.53489685058594,32.752864837646484
91683632,2022,2022-01-24,9625,2022-01-22,2217,020516,,6,3,9,1300,0,3,5,,2,010,"SERVICE ROAD","HARBOR DRIVE",136.00,E,N,B,-,N,,,,,,,,,,N,4,0,1,1,A,-,08,22107,,M,E,I,A,A,H,-,D,D,0,,,,,Y,,A,07,0,0,1,0,0,0,0,0,0,"- ","- ",33.285469055175781,-115.96968841552734,IMPERIAL,UNINCORPORATED,-115.96974182128906,33.285514831542969
91770616,2022,2022-05-12,9620,2022-05-09,"430 ",016222,,1,3,9,1300,0,1,3,,1,063,"STATE ROUTE 78","MIDWAY WELL RD",16368.00,E,N,A,-,Y,,,78,,,,,,,Y,3,0,2,1,A,-,08,22107,,N,F,A,A,A,H,-,D,D,0,,,,,Y,,-,"- ",0,2,0,0,0,0,0,0,0,"- ","- ",33.249599456787109,-114.81748199462891,IMPERIAL,UNINCORPORATED,-114.81753540039062,33.249668121337891
91832408,2022,2022-08-03,9625,2022-07-24,"515 ",020516,,7,3,9,1300,0,3,5,,2,020,"OLD HIGHWAY 111","CAREY ROAD",1506.00,N,N,B,-,Y,,,111,,,,,,,Y,3,0,2,2,A,-,01,23152,A,N,C,C,A,A,H,-,B,D,0,,,,,Y,Y,A,01,0,2,0,0,0,0,0,0,0,"- ","- ",32.931491851806641,-115.50988006591797,IMPERIAL,UNINCORPORATED,-115.50911712646484,32.931499481201172
91917050,2022,2022-11-14,9625,2022-11-04,1940,019667,,5,2,9,1300,0,1,1,,2,002,"INTERSTATE 8 (W/B)","MOUNTAIN SPRINGS ROAD",5914.00,E,N,A,-,Y,,,8,,,,,,,Y,3,0,1,2,A,-,03,22350,,N,C,C,A,A,H,-,D,D,0,,,,Y,Y,,G,25,0,1,0,0,0,0,0,0,0,"- ","- ",32.691078186035156,-116.09013366699219,IMPERIAL,UNINCORPORATED,-116.09011077880859,32.691066741943359
8816315,2019,2019-03-15,1306,2019-02-04,1402,355,ECSO,1,5,2,1306,0,0,0,,0,EAST,8TH,"DESERT GARDENS",0.00,,Y,A,-,N,,,,,,,,,,Y,4,0,1,2,A,-,09,21802,A,N,D,C,A,A,H,-,A,A,0,,,,,Y,,D,22,0,0,1,0,0,0,0,0,0,"- ","- ",32.780879974365234,-115.56120300292969,IMPERIAL,IMPERIAL,-115.56123352050781,32.780948638916016
8924247,2019,2020-05-27,1302,2019-01-06,1208,561,1302,7,5,4,1302,0,0,0,,0,CX2,"IMPERIAL AV","IMPERIAL AV 700 BLK",0.00,,-,A,-,Y,IMP,11,111,-,-,0.720,H,-,N,N,4,0,1,2,A,-,03,22350,,N,C,C,A,A,H,-,A,A,0,,,,,Y,,D,22,0,0,1,0,0,0,0,0,0,"- ","- ",,,IMPERIAL,CALEXICO,-115.49868011474609,32.672332763671875
8924255,2019,2020-05-27,1302,2019-01-22,1628,CX527,1302,2,5,4,1302,0,0,0,,0,002,"RT 111","7TH ST",0.00,,Y,A,-,Y,IMP,11,111,-,-,0.693,I,5,S,N,3,0,1,2,A,-,09,21801,A,N,D,G,A,A,H,-,A,A,0,,Y,,,Y,,D,22,0,1,0,0,0,0,1,0,0,"- ","- ",,,IMPERIAL,CALEXICO,-115.49868011474609,32.67193603515625
8934733,2018,2019-09-10,1302,2018-05-03,1507,565,1302,4,5,4,1302,0,0,0,,0,002,"HAROLD AV",MCKINLEY,113.00,S,N,A,-,N,,,,,,,,,,N,4,0,2,3,A,-,05,21650,,N,B,C,A,A,H,-,A,A,0,,,,,Y,Y,A,01,0,0,2,0,0,0,0,0,0,"- ","- ",,,IMPERIAL,CALEXICO,-115.50113677978516,32.675800323486328
90664522,2018,2018-02-20,9625,2018-02-07,1615,019035,,3,2,9,1300,0,3,5,,2,040,"DOGWOOD ROAD","WILLOUGHBY ROAD",0.00,,Y,A,-,N,,,,,,,,,,N,3,0,1,2,A,-,09,21802,A,N,D,C,A,A,H,-,A,A,0,,,Y,,Y,,D,22,0,1,0,0,0,0,0,0,1,"- ","- ",32.780899047851562,-115.53399658203125,IMPERIAL,UNINCORPORATED,-115.53408050537109,32.708450317382812
90670035,2018,2018-02-26,9625,2018-02-17,1335,019225,,6,1,9,1300,0,1,1,,2,001,"INTERSTATE 8 (EASTBOUND)","MOUNTAIN SPRINGS ROAD",20856.00,E,N,A,-,Y,,,8,,,,,,,Y,4,0,1,1,A,-,08,22107,,N,F,A,A,A,H,-,A,D,0,,,Y,,Y,,C,02,0,0,1,0,0,0,0,0,1,"- ","- ",32.712600708007812,-116.05370330810547,IMPERIAL,UNINCORPORATED,-116.05370330810547,32.712604522705078
91537434,2021,2021-08-05,9625,2021-07-30,1435,019668,,5,2,3,1301,0,3,5,,2,040,"AUSTIN ROAD","KEYSTONE ROAD",4755.00,N,N,A,-,N,,,,,,,,,,Y,4,0,2,1,A,-,03,22350,,N,E,I,A,A,H,-,A,D,0,,,,,Y,,A,01,0,0,2,0,0,0,0,0,0,"- ","- ",32.925708770751953,-115.59484100341797,IMPERIAL,BRAWLEY,-115.59494781494141,32.925544738769531
91859230,2022,2022-09-07,9625,2022-08-27,"249 ",019582,,6,3,9,1300,0,1,1,,2,001,"I-8 (E/B)","MOUNTAIN SPRINGS ROAD",10032.00,E,N,A,-,Y,,,8,,,,,,,N,3,0,1,1,A,-,01,23152,A,N,E,I,A,A,H,-,D,D,0,,,,,Y,Y,A,01,0,1,0,0,0,0,0,0,0,"- ","- ",32.691898345947266,-116.06369781494141,IMPERIAL,UNINCORPORATED,-116.06372833251953,32.691898345947266
91951777,2022,2022-12-26,9625,2022-12-14,"250 ",020125,,3,3,9,1300,0,3,5,,2,050,"HUSTON ROAD","ATEN ROAD",4224.00,N,N,A,-,N,,,,,,,,,,Y,3,0,2,1,A,-,01,23152,A,N,F,A,A,A,H,-,C,D,0,,,,,Y,Y,A,01,0,1,1,0,0,0,0,0,0,"- ","- ",32.837921142578125,-115.50119781494141,IMPERIAL,UNINCORPORATED,,
92009908,2023,2023-03-06,9625,2023-02-22,2038,018930,,3,2,9,1300,0,1,3,,1,012,"SR-86 (S/B)","BORREGO SALTON SEA WAY",0.00,,Y,A,-,Y,,,86,,,,,,,Y,4,0,1,2,A,-,12,22450,A,N,D,C,A,A,G,-,D,A,0,,,,,Y,,A,01,0,0,1,0,0,0,0,0,0,"- ","- ",33.279060363769531,-115.96436309814453,IMPERIAL,UNINCORPORATED,-115.96436309814453,33.279056549072266
92119275,2023,2023-07-17,9625,2023-07-12,1718,019668,,3,2,9,1300,0,1,3,,2,052,SR-98,"BONESTEELE ROAD",794.00,E,N,A,-,Y,,,98,,,,,,,N,4,0,1,1,A,-,03,22350,,N,F,A,A,A,H,-,A,D,0,,,,,Y,,A,01,0,0,1,0,0,0,0,0,0,"- ","- ",32.694438934326172,-115.30705261230469,IMPERIAL,UNINCORPORATED,-115.30705261230469,32.694419860839844
90683882,2018,2018-03-16,9620,2018-03-09,1318,019582,,5,1,9,1300,0,1,1,,2,082,"I-8 W/B",SR-186,1685.00,W,N,A,-,Y,,,8,,,,,,W,Y,2,0,1,2,A,-,03,22350,,N,C,C,A,A,D,-,A,A,0,,,,Y,Y,,G,25,1,0,0,0,0,0,0,0,0,"- ","- ",32.744419097900391,-114.72662353515625,IMPERIAL,UNINCORPORATED,-114.72662353515625,32.744373321533203
90780072,2018,2018-07-30,9625,2018-07-21,2145,020111,,6,2,9,1300,0,1,3,,2,013,SR-78,"HOVLEY ROAD",0.00,,Y,A,-,Y,,,78,,,,,,,Y,4,0,3,2,A,-,12,21453,A,N,D,C,A,A,H,-,C,A,0,,,,,Y,,A,07,0,0,3,0,0,0,0,0,0,"- ","- ",33.002109527587891,-115.5440673828125,IMPERIAL,UNINCORPORATED,-115.5440673828125,33.002059936523438
91103606,2019,2019-10-23,9625,2019-10-13,1900,017809,,7,2,9,1300,0,2,4,,2,057,"STATE ROUTE 115","EVAN HEWES HIGHWAY",0.00,,Y,A,-,Y,,,115,,,,,,,Y,2,0,9,3,A,-,09,21801,A,N,D,C,A,A,H,-,D,A,0,,,,,Y,,D,22,7,2,0,0,0,0,0,0,0,"- ","- ",32.805740356445312,-115.40622711181641,IMPERIAL,UNINCORPORATED,-115.40612030029297,32.805740356445312
91376224,2020,2020-12-28,9625,2020-12-18,1455,019667,,5,2,9,1300,0,1,3,,1,021,"RUTHERFORD ROAD","STATE ROUTE 111",0.00,,Y,A,-,Y,,,,,,,,,,Y,3,0,1,1,A,-,03,22350,,N,F,A,A,A,H,-,A,A,0,,,,Y,Y,,F,25,0,1,0,0,0,0,0,0,0,"- ","- ",33.044879913330078,-115.52735900878906,IMPERIAL,UNINCORPORATED,-115.52735137939453,33.044540405273438
91409369,2020,2021-02-16,9625,2020-12-24,1745,019668,,4,2,9,1300,0,1,1,,2,002,"INTERSTATE 8 WESTBOUND","IN KO PAH PARK ROAD",3043.00,E,N,B,-,Y,,,8,,,,,,W,Y,1,2,1,1,A,-,08,22107,,N,E,I,A,B,H,-,D,D,0,,,,,Y,,A,07,1,0,0,0,0,0,0,0,0,"- ","- ",32.661819458007812,-116.10369110107422,IMPERIAL,UNINCORPORATED,-116.10369873046875,32.66180419921875
91447415,2021,2021-04-09,9625,2021-03-26,2500,018930,,5,4,9,1300,0,3,5,,2,010,"CADY ROAD","NICE ROAD",1061.00,E,N,A,-,N,,,,,,,,,,Y,3,0,1,1,A,-,08,22107,,N,E,I,A,A,H,-,D,D,0,,,,,Y,Y,D,22,0,1,0,0,0,0,0,0,0,"- ","- ",32.977699279785156,-115.61129760742188,IMPERIAL,UNINCORPORATED,-115.60085296630859,32.979255676269531
8167985,2018,2019-11-23,1302,2018-03-16,1404,CX118,1302,5,5,4,1302,0,0,0,,0,002,"EMERSON AV","WEST SHERMAN ST",5.00,S,N,A,-,N,,,,,,,,,,N,3,0,2,3,A,-,10,21950,A,N,G,B,B,A,H,-,A,A,0,Y,,,,Y,,A,01,0,2,0,0,2,0,0,0,0,"- ","- ",,,IMPERIAL,CALEXICO,-115.49992370605469,32.672966003417969
9113700,2020,2020-08-24,1304,2020-06-08,1709,363,EWEST,1,5,4,1304,0,0,0,,0,WEST,"8TH ST",WAKE,781.00,N,N,A,-,N,,,,,,,,,,Y,3,0,2,2,A,-,03,22350,,N,C,C,A,A,H,-,A,D,0,,,,,Y,,A,01,0,2,0,0,0,0,0,0,0,"- ","- ",,,IMPERIAL,"EL CENTRO",-115.56108856201172,32.772773742675781
9451649,2022,2022-06-01,1304,2022-05-13,1648,340,E1,5,5,4,1304,0,0,0,,0,WEST,MAIN,"MAIN 1400",0.00,,N,A,-,N,,,,,,,,,,N,3,0,1,2,A,-,05,21650,1,N,D,G,A,-,H,-,A,D,0,,Y,,,Y,,L,04,0,1,0,0,0,0,1,0,0,"- ","- ",32.792900085449219,-115.56870269775391,IMPERIAL,"EL CENTRO",-115.55251312255859,32.792823791503906
90771282,2018,2018-07-17,9625,2018-07-11,1905,020111,,3,2,9,1300,0,1,1,,2,001,"I-8 E/B",SR-98,5280.00,W,N,A,C,Y,,,8,,,,,,E,Y,3,0,1,1,A,-,08,22107,,N,F,A,A,B,H,-,A,A,0,,,,,Y,,A,01,0,1,0,0,0,0,0,0,0,"- ","- ",32.724559783935547,-116.03768920898438,IMPERIAL,UNINCORPORATED,-116.03766632080078,32.724502563476562
90775852,2018,2018-07-24,9625,2018-07-13,2034,018792,,5,2,9,1300,0,3,5,,2,010,"MONTEREY AVENUE","RT 86",3168.00,E,N,A,-,N,,,,,,,,,,N,3,0,1,2,A,-,08,22107,,N,D,G,A,A,H,-,D,D,0,,Y,,,Y,Y,L,04,0,1,0,0,0,0,1,0,0,"- ","- ",33.402000427246094,-116.04313659667969,IMPERIAL,UNINCORPORATED,-116.03752136230469,33.401798248291016
90776932,2018,2018-07-26,9625,2018-07-17,1642,019668,,2,2,9,1300,0,3,5,,2,050,"ORCHARD ROAD","NIMURA ROAD",0.00,,Y,A,-,N,,,,,,,,,,Y,3,0,1,2,A,-,03,22350,,N,C,C,A,A,H,-,A,A,0,,,,,Y,,A,01,0,1,0,0,0,0,0,0,0,"- ","- ",32.790889739990234,-115.38371276855469,IMPERIAL,UNINCORPORATED,-115.38372802734375,32.790878295898438
91735522,2022,2022-03-28,9625,2022-03-24,1450,019225,,4,2,9,1300,0,1,3,,1,012,"SR-86 S/B","NORM NIVER ROAD",0.00,,Y,A,-,Y,,,86,,,,,,S,Y,4,0,1,2,A,-,09,21803,A,N,D,C,A,A,H,-,A,A,0,,,,,Y,,A,01,0,0,1,0,0,0,0,0,0,"- ","- ",33.357421875,-116.01876068115234,IMPERIAL,UNINCORPORATED,-116.01883697509766,33.357395172119141
91788065,2022,2022-06-03,9620,2022-06-01,"505 ",018028,,3,3,9,1300,0,1,3,,1,063,SR-78,"MITCHELLS CAMP RD.",2112.00,E,N,A,-,Y,,,78,,,,,,,N,2,0,1,1,A,-,08,22107,,N,F,A,A,A,H,-,B,D,0,,,,,Y,,A,01,1,0,0,0,0,0,0,0,0,"- ","- ",33.31365966796875,-114.73606109619141,IMPERIAL,UNINCORPORATED,-114.73607635498047,33.313671112060547
91845542,2022,2022-08-22,9625,2022-07-26,1955,018933,,2,2,9,1300,0,1,3,,1,054,"SR-111 (N/B)","EVAN HEWES HWY",83.00,N,N,A,-,Y,,,111,,,,,,,Y,3,0,1,2,A,-,03,22350,,F,C,C,A,A,H,-,C,D,0,,,,,Y,,-,99,0,1,0,0,0,0,0,0,0,"- ","- ",32.800090789794922,-115.50041961669922,IMPERIAL,UNINCORPORATED,-115.50055694580078,32.800094604492188
90872567,2018,2018-11-30,9625,2018-11-18,0955,016248,,7,1,9,1300,0,1,3,,2,052,"STATE ROUTE 98","HOLDRIDGE ROAD",13200.00,E,N,A,-,Y,,,98,,,,,,,Y,2,0,1,1,A,-,08,22107,,N,F,A,A,A,H,-,A,D,0,,,,,Y,,A,01,1,0,0,0,0,0,0,0,0,"- ","- ",32.712581634521484,-115.24220275878906,IMPERIAL,UNINCORPORATED,-115.24219512939453,32.712799072265625
90955570,2019,2019-03-28,9625,2019-03-19,1555,019035,,2,2,9,1300,0,2,4,,2,047,"FORRESTER ROAD","WORTHINGTON ROAD",0.00,,Y,A,-,N,,,,,,,,,,Y,4,0,2,2,A,-,09,21802,A,N,D,C,A,A,H,-,A,A,0,,,,,Y,,D,22,0,0,2,0,0,0,0,0,0,"- ","- ",32.847301483154297,-115.62069702148438,IMPERIAL,UNINCORPORATED,-115.62075805664062,32.847389221191406
91389595,2021,2021-01-18,9625,2021-01-15,1513,019582,,5,2,9,1300,0,1,3,,1,042,SR-98,"BROCKMAN ROAD",0.00,,Y,A,-,Y,,,98,,,,,,,Y,2,0,2,2,A,-,09,21802,A,N,D,C,A,A,H,-,A,A,0,,,,,Y,,A,01,1,1,0,0,0,0,0,0,0,"- ","- ",32.679130554199219,-115.6385498046875,IMPERIAL,UNINCORPORATED,-115.6385498046875,32.679237365722656
91492209,2021,2021-06-08,9625,2021-05-30,0536,021107,,7,3,9,1300,0,2,4,,2,047,"FORRESTER ROAD","THOMPSON ROAD",110.00,S,N,A,-,N,,,,,,,,,,Y,3,0,1,1,A,-,08,22107,,N,F,A,A,A,H,-,B,D,0,,,,,Y,,A,01,0,1,0,0,0,0,0,0,0,"- ","- ",32.878608703613281,-115.62110900878906,IMPERIAL,UNINCORPORATED,-115.62130737304688,32.878761291503906
91594588,2021,2021-10-12,9620,2021-10-10,1345,018535,,7,1,9,1300,0,1,3,,1,063,SR-78,"MIDWAY WELL ROAD",7920.00,W,N,A,G,Y,,,78,,,,,,,Y,2,0,1,1,A,-,08,22107,,N,E,I,A,A,H,-,A,D,0,,,,,Y,,A,01,1,0,0,0,0,0,0,0,0,"- ","- ",33.196258544921875,-114.85907745361328,IMPERIAL,UNINCORPORATED,-114.85914611816406,33.196281433105469
91624269,2021,2021-11-15,9625,2021-11-03,2245,018978,,3,3,9,1300,0,1,3,,1,021,"STATE ROUTE 111","SINCLAIR ROAD",513.00,S,N,A,-,Y,,,111,,,,,,,Y,3,0,1,1,A,-,08,22107,,N,F,A,A,A,H,-,D,D,0,,,,,Y,,D,22,0,1,0,0,0,0,0,0,0,"- ","- ",33.175529479980469,-115.51901245117188,IMPERIAL,UNINCORPORATED,-115.51905822753906,33.175529479980469
8542289,2018,2018-03-13,1304,2018-01-09,0912,327,EEAST,2,5,4,1304,0,0,0,,0,EAST,ORANGE,"EAST ORANGE",0.00,,Y,A,-,N,,,,,,,,,,Y,3,0,1,2,A,-,08,22107,A,N,C,E,A,A,H,-,A,D,0,,,,,Y,,A,01,0,1,0,0,0,0,0,0,0,"- ","- ",32.788700103759766,-115.5426025390625,IMPERIAL,"EL CENTRO",-115.54402160644531,32.788761138916016
8588359,2018,2018-03-29,1304,2018-02-28,1644,352,EAST,3,5,4,1304,0,0,0,,0,EAST,BROADWAY,"BROADWAY 600 W",0.00,,Y,A,-,N,,,,,,,,,,N,4,0,2,2,A,-,08,22107,,N,D,C,A,A,H,-,A,A,0,,,,,Y,,A,01,0,0,2,0,0,0,0,0,0,"- ","- ",,,IMPERIAL,"EL CENTRO",-115.55712699999999,32.793868000000003
8685251,2018,2018-10-24,1301,2018-07-14,0456,902,BRAWL,6,5,3,1301,0,0,0,,0,0B1,"OLD HWY 111","SHANK DR",185.00,S,N,A,-,N,,,,,,,,,,Y,3,0,1,2,A,-,03,22350,,N,E,J,A,A,H,-,B,D,0,,,,,Y,,A,01,0,1,0,0,0,0,0,0,0,"- ","- ",,,IMPERIAL,BRAWLEY,-115.52642059326172,32.998710632324219
8748516,2018,2019-01-16,1304,2018-11-03,1137,337,ELCE,6,5,4,1304,0,0,0,,0,EAST,ROSS,5TH,0.00,,Y,A,-,N,,,,,,,,,,Y,4,0,2,3,A,-,09,21802,A,N,D,C,A,A,H,-,A,A,0,,,,,Y,,A,01,0,0,2,0,0,0,0,0,0,"- ","- ",,,IMPERIAL,"EL CENTRO",-115.55461883544922,32.781448364257812
8924012,2018,2019-09-13,1302,2018-10-12,1728,562,1302,5,5,4,1302,0,0,0,,0,004,"RT 111","RT 98",2404.00,N,N,A,-,Y,IMP,11,111,-,R,1.630,H,-,S,Y,4,0,1,3,A,-,03,22350,,N,C,D,A,A,H,-,A,A,0,,,,,Y,,A,07,0,0,1,0,0,0,0,0,0,"- ","- ",,,IMPERIAL,CALEXICO,-115.49916839599609,32.685569763183594
8961451,2019,2019-10-22,1301,2019-09-28,0800,9A4,BRAWL,6,5,3,1301,0,0,0,,0,002,"1ST ST","K ST",0.00,,Y,A,-,N,,,,,,,,,,Y,3,0,1,2,A,-,00,33153,,N,B,C,A,A,H,-,A,A,0,,,,,Y,Y,A,01,0,1,0,0,0,0,0,0,0,"- ","- ",,,IMPERIAL,BRAWLEY,-115.54173278808594,32.973110198974609
91733992,2022,2022-03-25,9620,2022-03-16,1200,020555,QUECH,3,1,9,1300,0,3,5,,2,070,"JACKSON ROAD","PICACHO ROAD",14.00,E,N,A,-,N,,,,,,,,,,Y,3,0,1,1,A,-,12,22450,A,M,E,I,A,A,H,-,A,A,0,,,,,Y,Y,A,01,0,1,0,0,0,0,0,0,0,"- ","- ",32.774528503417969,-114.6162109375,IMPERIAL,UNINCORPORATED,-114.61630249023438,32.774528503417969
91740336,2022,2022-04-04,9625,2022-03-30,2150,018468,,3,2,9,1300,0,3,5,,2,040,"MCCABE ROAD","STATE ROUTE 86",61.00,W,N,A,-,Y,,,,,,,,,,Y,4,0,1,1,A,-,03,22350,,N,E,8,A,A,H,-,C,A,0,,,,,Y,,A,01,0,0,1,0,0,0,0,0,0,"- ","- ",32.752330780029297,-115.55207824707031,IMPERIAL,UNINCORPORATED,-115.55202484130859,32.752368927001953
91920790,2022,2022-11-17,9625,2022-11-04,2058,018978,,5,2,9,1300,0,1,3,,2,053,"STATE ROUTE 111","HEBER ROAD",0.00,,Y,A,-,Y,,,111,,,,,,,Y,4,0,2,2,A,-,09,21801,A,N,B,C,A,A,H,-,C,A,0,,,,,Y,,A,01,0,0,2,0,0,0,0,0,0,"- ","- ",32.730659484863281,-115.50045776367188,IMPERIAL,UNINCORPORATED,-115.50040435791016,32.730659484863281
92158725,2023,2023-08-30,9625,2023-08-29,1200,018617,,2,1,9,1300,0,3,5,,2,010,"GENTRY ROAD","WALKER ROAD",11.00,W,N,A,-,N,,,,,,,,,,Y,3,0,1,1,A,-,03,22350,,N,E,8,A,A,H,-,A,D,0,,,,,Y,,A,01,0,1,0,0,0,0,0,0,0,"- ","- ",33.075168609619141,-115.61456298828125,IMPERIAL,UNINCORPORATED,-115.61444854736328,33.075550079345703
92263102,2023,2023-12-15,9625,2023-11-30,1105,018978,,4,1,9,1300,0,1,3,,2,013,"STATE ROUTE 78","SAN FELIPE WASH",312.00,E,N,B,-,Y,,,78,,,,,,,Y,3,0,1,2,A,-,09,21804,A,N,D,C,A,A,H,-,A,D,0,,,,,Y,,A,07,0,1,0,0,0,0,0,0,0,"- ","- ",33.125701904296875,-116.04464721679688,IMPERIAL,UNINCORPORATED,-116.04464721679688,33.125724792480469
9488993,2022,2022-08-31,1304,2022-08-11,1448,364,ELCE,4,5,4,1304,0,0,0,,0,WEST,BRADSHAW,10TH,6.00,W,N,A,-,N,,,,,,,,,,N,3,0,1,2,A,-,03,22350,,N,C,C,A,A,H,-,A,D,0,,,,,Y,,D,22,0,1,0,0,0,0,0,0,0,"- ","- ",,,IMPERIAL,"EL CENTRO",-115.56400299072266,32.8111572265625
90868251,2018,2018-11-27,9625,2018-10-28,0206,020263,,7,3,9,1300,0,1,1,,2,003,"I-8 E/B FROM IMPERIAL AVENUE S/B","OCOTILLO DRIVE",1170.00,N,N,A,-,Y,,,,,,,,,,Y,1,1,0,1,A,-,08,22107,,N,E,I,A,A,H,-,D,D,0,,,Y,,Y,Y,C,02,0,0,0,0,0,0,0,1,0,"- ","- ",32.773899078369141,-115.56944274902344,IMPERIAL,UNINCORPORATED,,
91030298,2019,2019-07-15,9620,2019-07-05,0754,020555,,5,1,9,1300,0,1,3,,1,063,"SR-78 E/B","MILPITAS WASH RD",2376.00,W,N,A,-,Y,,,78,,,,,,E,Y,3,0,1,1,A,-,08,22107,,N,E,I,A,A,H,-,A,D,0,,,,,Y,,A,07,0,1,0,0,0,0,0,0,0,"- ","- ",33.278949737548828,-114.78456115722656,IMPERIAL,UNINCORPORATED,-114.78462219238281,33.279033660888672
91273905,2020,2020-07-24,9625,2020-07-14,2005,020263,,2,2,9,1300,0,1,1,,2,003,"I-8 E/B","WESTSIDE MAIN CANAL",200.00,W,N,A,-,Y,,,8,,,,,,E,Y,2,0,4,1,A,-,08,22107,,N,E,J,A,A,H,-,D,D,0,,,,,Y,,D,22,3,0,1,0,0,0,0,0,0,"- ","- ",32.772991180419922,-115.77548217773438,IMPERIAL,UNINCORPORATED,-115.77548217773438,32.773067474365234
91536164,2021,2021-08-03,9625,2021-07-28,1540,019225,,3,2,9,1300,0,1,3,,1,054,"SR-111 N/B","WORTHINGTON ROAD",0.00,,Y,A,-,Y,,,,,,,,,,Y,2,0,3,2,A,-,12,21453,A,N,D,C,A,A,H,-,A,A,0,,,,Y,Y,,A,08,1,0,2,0,0,0,0,0,0,"- ","- ",32.820220947265625,-115.57051849365234,IMPERIAL,UNINCORPORATED,-115.50747680664062,32.847362518310547
91723031,2022,2022-03-15,9625,2022-03-08,"815 ",018368,,2,1,9,1300,0,3,5,,2,040,"MCCABE ROAD","AUSTIN ROAD",195.00,W,N,A,-,N,,,,,,,,,,N,4,0,1,2,A,-,09,21804,A,N,D,C,A,A,H,-,A,D,0,,,,,Y,,D,22,0,0,1,0,0,0,0,0,0,"- ","- ",32.752429962158203,-115.59546661376953,IMPERIAL,UNINCORPORATED,-115.5955810546875,32.752468109130859
8167981,2018,2019-11-23,1302,2018-03-08,1019,CX118,1302,4,5,4,1302,0,0,0,,0,002,"BEACH AV","E 3RD ST",26.00,S,N,A,-,N,,,,,,,,,,N,3,0,1,3,A,-,21,22106,,N,G,B,E,A,H,-,A,D,0,Y,,,Y,Y,,F,21,0,1,0,0,1,0,0,0,0,"- ","- ",,,IMPERIAL,CALEXICO,-115.4840087890625,32.667678833007812