CASE_ID,ACCIDENT_YEAR,PROC_DATE,JURIS,COLLISION_DATE,COLLISION_TIME,OFFICER_ID,REPORTING_DISTRICT,DAY_OF_WEEK,CHP_SHIFT,POPULATION,CNTY_CITY_LOC,SPECIAL_COND,BEAT_TYPE,CHP_BEAT_TYPE,CITY_DIVISION_LAPD,CHP_BEAT_CLASS,BEAT_NUMBER,PRIMARY_RD,SECONDARY_RD,DISTANCE,DIRECTION,INTERSECTION,WEATHER_1,WEATHER_2,STATE_HWY_IND,CALTRANS_COUNTY,CALTRANS_DISTRICT,STATE_ROUTE,ROUTE_SUFFIX,POSTMILE_PREFIX,POSTMILE,LOCATION_TYPE,RAMP_INTERSECTION,SIDE_OF_HWY,TOW_AWAY,COLLISION_SEVERITY,NUMBER_KILLED,NUMBER_INJURED,PARTY_COUNT,PRIMARY_COLL_FACTOR,PCF_CODE_OF_VIOL,PCF_VIOL_CATEGORY,PCF_VIOLATION,PCF_VIOL_SUBSECTION,HIT_AND_RUN,TYPE_OF_COLLISION,MVIW,PED_ACTION,ROAD_SURFACE,ROAD_COND_1,ROAD_COND_2,LIGHTING,CONTROL_DEVICE,CHP_ROAD_TYPE,PEDESTRIAN_ACCIDENT,BICYCLE_ACCIDENT,MOTORCYCLE_ACCIDENT,TRUCK_ACCIDENT,NOT_PRIVATE_PROPERTY,ALCOHOL_INVOLVED,STWD_VEHTYPE_AT_FAULT,CHP_VEHTYPE_AT_FAULT,COUNT_SEVERE_INJ,COUNT_VISIBLE_INJ,COUNT_COMPLAINT_PAIN,COUNT_PED_KILLED,COUNT_PED_INJURED,COUNT_BICYCLIST_KILLED,COUNT_BICYCLIST_INJURED,COUNT_MC_KILLED,COUNT_MC_INJURED,PRIMARY_RAMP,SECONDARY_RAMP,LATITUDE,LONGITUDE,COUNTY,CITY,POINT_X,POINT_Y
9111093,2020,2020-11-02,1304,2020-05-29,1409,GARCIA35,,5,5,4,1304,0,0,0,,0,WEST,"BRADSHAW AVE","IMPERIAL AV",0.00,W,N,A,-,N,,,,,,,,,,Y,3,0,2,2,A,-,09,21804,A,N,D,C,A,A,H,-,A,A,0,,,,,Y,,A,01,0,1,1,0,0,0,0,0,0,"- ","- ",32.811149597167969,-115.57183074951172,IMPERIAL,"EL CENTRO",-115.569997,32.811073999999998
90657910,2018,2018-02-08,9625,2018-01-31,1506,022010,,3,2,4,1304,0,1,3,,1,054,"SR-111 SOUTHBOUND","HARRIS ROAD",27.00,N,N,A,-,Y,,,,,,,,,,Y,3,0,4,2,A,-,03,22350,,N,C,C,A,A,H,-,A,D,0,,,,,Y,,A,01,0,4,0,0,0,0,0,0,0,"- ","- ",32.883651733398438,-115.50921630859375,IMPERIAL,"EL CENTRO",,
90813247,2018,2018-09-14,9625,2018-09-03,1235,017432,,1,1,9,1300,0,1,1,,2,003,"I-8 (E/B)","DOGWOOD ROAD",2.00,W,N,A,-,Y,,,,,,,,,,Y,4,0,5,3,A,-,03,22350,,N,C,C,A,A,H,-,A,D,0,,,,,Y,,A,07,0,0,5,0,0,0,0,0,0,"- ","- ",32.773548126220703,-115.53495025634766,IMPERIAL,UNINCORPORATED,-115.53521728515625,32.773899078369141
91402413,2021,2021-02-04,9625,2021-01-30,0350,019668,,6,3,9,1300,0,3,5,,2,050,"ORCHARD ROAD","EDWARDS ROAD",25.00,N,N,A,-,N,,,,,,,,,,Y,4,0,1,1,A,-,01,23152,A,N,E,I,A,A,H,-,C,A,0,,,,,Y,Y,A,01,0,0,1,0,0,0,0,0,0,"- ","- ",32.788761138916016,-115.3837890625,IMPERIAL,UNINCORPORATED,-115.38374328613281,32.788799285888672
91511320,2021,2021-07-01,9625,2021-06-23,2025,019225,,3,2,9,1300,0,3,5,,2,050,"HUNT ROAD","METS ROAD",0.00,,Y,A,-,N,,,,,,,,,,Y,4,0,1,1,A,-,03,22350,,N,E,I,A,A,H,-,D,A,0,,,,,Y,,A,01,0,0,1,0,0,0,0,0,0,"- ","- ",32.766529083251953,-115.39646148681641,IMPERIAL,UNINCORPORATED,-115.39642333984375,32.7662353515625
91746610,2022,2022-04-12,9625,2022-04-02,1040,019668,,6,1,9,1300,0,1,3,,1,021,SR-111,"MCDONALD ROAD",908.00,S,N,A,-,Y,,,111,,,,,,,Y,3,0,2,1,A,-,08,22107,,N,F,A,A,A,H,-,A,D,0,,,Y,,Y,,C,02,0,2,0,0,0,0,0,0,2,"- ","- ",33.203029632568359,-115.51898193359375,IMPERIAL,UNINCORPORATED,-115.51905822753906,33.203029632568359
92027239,2023,2023-03-23,9625,2023-03-14,1743,018933,,2,2,9,1300,0,3,5,,2,050,"OLD HWY. 111","EVAN HEWES HWY.",0.00,,Y,B,-,N,,,,,,,,,,Y,3,0,1,2,A,-,09,21802,A,N,D,C,A,A,H,-,A,A,0,,,,,Y,,A,01,0,1,0,0,0,0,0,0,0,"- ","- ",32.799530029296875,-115.50164031982422,IMPERIAL,UNINCORPORATED,-115.50041961669922,32.799835205078125
9149338,2020,2020-11-10,1304,2020-09-05,1721,344,ECSO,6,5,4,1304,0,0,0,,0,EAST,LINCOLN,MACDONALD,0.00,,Y,A,-,N,,,,,,,,,,N,3,0,3,2,A,-,09,21801,A,N,D,C,A,A,H,-,A,D,0,,,,,Y,,-,,0,1,2,0,0,0,0,0,0,"- ","- ",,,IMPERIAL,"EL CENTRO",-115.56017303466797,32.807418823242188
9468006,2022,2023-01-13,1304,2022-12-12,"932 ",358,,1,5,4,1304,0,0,0,,0,EAST,"4TH ST","COMMERCIAL AV",0.00,,Y,B,-,Y,IMP,11,86,-,L,7.453,I,5,N,Y,3,0,2,2,A,-,09,21802,A,N,D,C,A,A,H,-,A,A,0,,,,,Y,,A,01,0,1,1,0,0,0,0,0,0,"- ","- ",,,IMPERIAL,"EL CENTRO",-115.55264282226562,32.795013427734375
9568741,2023,2023-05-16,1301,2023-04-08,1430,9A10,BRAWL,6,5,3,1301,0,0,0,,0,002,"S BRAWLEY AV","LEGION RD",0.00,,Y,A,-,Y,IMP,11,86,-,-,19.190,I,5,N,Y,4,0,1,3,A,-,12,21453,,N,B,C,A,A,H,-,A,A,0,,,,,Y,,A,07,0,0,1,0,0,0,0,0,0,"- ","- ",,,IMPERIAL,BRAWLEY,-115.55059051513672,32.959941864013672
90695458,2018,2018-03-30,9620,2018-03-24,2115,018734,,6,2,9,1300,0,1,1,,2,081,"I-8 W/B","GORDONS WELL RD",6336.00,W,N,A,-,Y,,,8,,,,,,W,Y,4,0,2,1,A,-,01,23152,A,N,F,I,A,A,H,-,D,D,0,,,,,Y,Y,A,01,0,0,2,0,0,0,0,0,0,"- ","- ",32.708278656005859,-114.98519134521484,IMPERIAL,UNINCORPORATED,-114.98519134521484,32.708225250244141
90968739,2019,2019-04-16,9625,2019-04-03,0440,019667,,3,3,9,1300,0,1,3,,2,024,SR-78,"HASTAIN ROAD",354.00,W,N,A,-,Y,,,78,,,,,,,Y,2,0,1,1,A,-,08,22107,,N,F,A,A,A,H,-,D,D,0,,,,Y,Y,,G,25,1,0,0,0,0,0,0,0,0,"- ","- ",32.974369049072266,-115.40798950195312,IMPERIAL,UNINCORPORATED,-115.40791320800781,32.974308013916016
91229182,2020,2020-04-24,9625,2020-04-22,0500,019667,,3,3,9,1300,0,1,3,,1,054,"S/B SR-111","ATEN ROAD",60.00,N,N,A,-,Y,,,111,,,,,,,Y,3,0,2,2,A,-,03,22350,,N,C,C,A,A,H,-,B,A,0,,,,Y,Y,,G,25,0,1,1,0,0,0,0,0,0,"- ","- ",32.825870513916016,-115.5003662109375,IMPERIAL,UNINCORPORATED,-115.50019836425781,32.82586669921875
91314478,2020,2020-09-29,9620,2020-09-26,1800,020054,,6,2,9,1300,0,3,5,,2,070,"HOPPE RD","MCDANIEL RD",822.00,E,N,A,-,N,,,,,,,,,,Y,3,0,1,1,A,-,08,22107,,N,E,I,A,A,H,-,A,D,0,,,,,Y,,A,01,0,1,0,0,0,0,0,0,0,"- ","- ",32.792701721191406,-114.57057189941406,IMPERIAL,UNINCORPORATED,-114.57069396972656,32.792732238769531
91905627,2022,2022-10-31,9625,2022-10-23,"740 ",020996,,7,1,9,1300,0,1,1,,2,002,"INTERSTATE 8 (W/B)","MOUNTAIN SPRINGS ROAD",10032.00,E,N,B,G,Y,,,8,,,,,,,N,3,0,1,1,A,-,08,22107,,N,E,I,A,A,H,-,A,A,0,,,,,Y,,A,01,0,1,0,0,0,0,0,0,0,"- ","- ",32.699848175048828,-116.0806884765625,IMPERIAL,UNINCORPORATED,-116.08071136474609,32.699867248535156
9474294,2022,2022-07-01,1301,2022-03-29,1455,914,BRAWL,2,5,3,1301,0,0,0,,0,001,"TRAIL ST","CERRITO DR",244.00,W,N,A,-,N,,,,,,,,,,N,2,0,1,2,A,-,21,22106,,N,G,B,F,A,H,-,A,D,0,Y,,,,Y,,A,07,1,0,0,0,1,0,0,0,0,"- ","- ",,,IMPERIAL,BRAWLEY,-115.54692077636719,32.987411499023438
91094921,2019,2019-10-10,9625,2019-10-01,1035,016248,,2,1,9,1300,0,1,3,,1,044,"AUSTIN ROAD",SR-86,0.00,,Y,A,-,Y,,,,,,,,,,Y,3,0,1,2,A,-,09,21802,A,N,D,C,A,A,H,-,A,A,0,,,,,Y,,D,22,0,1,0,0,0,0,0,0,0,"- ","- ",32.950431823730469,-115.56713104248047,IMPERIAL,UNINCORPORATED,-115.56707000732422,32.950458526611328
91299021,2020,2020-09-04,9625,2020-08-28,0610,016248,,5,1,9,1300,0,1,1,,2,006,"SR-111 N/B TO I-8 W/B","I-8 W/B",314.00,N,N,A,-,Y,,,111,,,,R,,N,Y,4,0,2,1,A,-,03,22350,,N,F,A,A,A,H,-,A,D,0,,,,,Y,,A,07,0,0,2,0,0,0,0,0,0,"- ","- ",32.772739410400391,-115.50180816650391,IMPERIAL,UNINCORPORATED,-115.50180816650391,32.772739410400391
91364608,2020,2020-12-11,9625,2020-12-02,0930,016248,,3,1,9,1300,0,3,5,,2,040,"KEYSTONE ROAD","SR-86 N/B",2974.00,E,N,A,-,N,,,,,,,,,,Y,4,0,1,1,A,-,08,22107,,N,F,A,A,A,H,-,A,D,0,,,,,Y,,A,01,0,0,1,0,0,0,0,0,0,"- ","- ",32.912651062011719,-115.5595703125,IMPERIAL,UNINCORPORATED,,
91614588,2021,2021-11-03,9625,2021-10-30,0815,019668,,6,1,9,1300,0,1,3,,2,056,SR-115,"KEYSTONE ROAD",0.00,,Y,A,-,Y,,,115,,,,,,,Y,3,0,1,2,A,-,12,22450,A,N,D,C,A,A,H,-,A,A,0,,,,Y,Y,,A,07,0,1,0,0,0,0,0,0,0,"- ","- ",32.916561126708984,-115.40621948242188,IMPERIAL,UNINCORPORATED,-115.40625,32.916561126708984
91644542,2021,2021-12-06,9625,2021-12-05,0928,016248,,7,1,9,1300,0,1,3,,1,054,"SR-111 N/B","WORTHINGTON ROAD",25.00,S,N,A,-,Y,,,111,,,,,,N,Y,4,0,1,2,A,-,03,22350,,N,C,C,A,A,H,-,A,A,0,,,,,Y,,A,01,0,0,1,0,0,0,0,0,0,"- ","- ",32.84722900390625,-115.50747680664062,IMPERIAL,UNINCORPORATED,-115.50756072998047,32.847198486328125
92249044,2023,2023-11-30,9625,2023-11-13,1835,019667,,1,2,9,1300,0,1,3,,1,044,"SR-86 NORTHBOUND","KEYSTONE ROAD",0.00,,Y,A,-,Y,,,86,,,,,,N,Y,4,0,2,2,D,-,00,,,N,D,C,A,A,H,-,C,A,0,,,,,Y,,-,"- ",0,0,2,0,0,0,0,0,0,"- ","- ",32.912620544433594,-115.5699462890625,IMPERIAL,UNINCORPORATED,-115.57006072998047,32.912631988525391
92294829,2023,2024-01-23,9625,2023-12-29,1720,022010,,5,2,9,1300,0,1,3,,1,012,"STATE ROUTE 86 N/B","DESERT SHORES DRIVE",0.00,,Y,A,-,Y,,,86,,,,,,N,N,4,0,2,2,A,-,01,23152,A,F,D,C,A,A,H,-,D,A,0,,,,,Y,Y,A,01,0,0,2,0,0,0,0,0,0,"- ","- ",33.405498504638672,-116.04582977294922,IMPERIAL,UNINCORPORATED,-116.04590606689453,33.405483245849609
91696222,2022,2022-02-08,9625,2022-01-28,2318,022010,,5,3,9,1300,0,3,5,,2,050,"MCCABE ROAD","PITZER ROAD",2534.00,E,N,A,-,N,,,,,,,,,,Y,2,0,2,1,A,-,08,22107,,N,F,I,A,A,H,-,C,D,0,,,,,Y,,A,01,1,1,0,0,0,0,0,0,0,"- ","- ",32.752410888671875,-115.50937652587891,IMPERIAL,UNINCORPORATED,-115.50944519042969,32.752475738525391
91790305,2022,2022-06-07,9620,2022-05-28,1300,021051,QUECH,6,1,9,1300,0,2,4,,1,075,"ARAZ RD W/B","I-8 W/B",2630.00,E,N,A,-,N,,,,,,,,,,Y,3,0,1,1,A,-,08,22107,,N,E,I,A,A,H,-,A,A,0,,,,,Y,,A,07,0,1,0,0,0,0,0,0,0,"- ","- ",32.74774169921875,-114.71373748779297,IMPERIAL,UNINCORPORATED,-114.71974945068359,32.744228363037109
91811314,2022,2022-07-06,9625,2022-07-01,"555 ",018773,,5,3,9,1300,0,1,1,,2,006,"INTERSTATE 8 W/B","STATE ROUTE 98",30571.00,W,N,A,-,Y,,,8,,,,,,W,Y,4,0,1,2,A,-,03,22350,,N,C,C,A,A,H,-,A,D,0,,,,Y,Y,,G,27,0,0,1,0,0,0,0,0,0,"- ","- ",32.73992919921875,-115.18177795410156,IMPERIAL,UNINCORPORATED,-115.18178558349609,32.739906311035156
91876583,2022,2022-09-29,9620,2022-09-23,"612 ",018464,,5,1,9,1300,0,1,3,,1,063,SR-78,"BLYTHE OGILBY ROAD",8976.00,E,N,A,-,Y,,,78,,,,,,,N,2,0,1,1,A,-,08,22107,,N,F,A,A,A,H,-,A,D,0,,,,,Y,,-,"- ",1,0,0,0,0,0,0,0,0,"- ","- ",33.155559539794922,-114.86898803710938,IMPERIAL,UNINCORPORATED,-114.86901092529297,33.155563354492188
91966681,2023,2023-01-12,9625,2023-01-03,1357,018792,,2,1,9,1300,0,1,3,,1,011,"SR-86 (N/B)","ANDRE ROAD",0.00,,Y,A,-,Y,,,86,,,,,,,Y,4,0,1,2,A,-,09,21802,A,N,D,C,A,A,H,-,A,A,0,,,,,Y,,M,44,0,0,1,0,0,0,0,0,0,"- ","- ",33.015579223632812,-115.59989166259766,IMPERIAL,UNINCORPORATED,-115.59989929199219,33.015575408935547
92197695,2023,2023-10-12,9625,2023-10-08,1738,020111,,7,2,9,1300,0,2,4,,2,047,"FORRESTER ROAD","ANDRE ROAD",0.00,,Y,A,-,N,,,,,,,,,,Y,4,0,2,2,A,-,05,21752,D,N,D,C,A,A,H,-,A,D,0,,,,,Y,,D,22,0,0,2,0,0,0,0,0,0,"- ","- ",33.015541076660156,-115.62155151367188,IMPERIAL,UNINCORPORATED,-115.62154388427734,33.015590667724609
8846877,2019,2019-08-27,1304,2019-05-02,0759,354,,4,5,4,1304,0,0,0,,0,,4TH,STATE,0.00,,Y,B,-,Y,IMP,11,86,-,-,7.240,I,5,N,N,4,0,2,2,A,-,09,21804,A,N,D,C,A,A,H,-,A,A,0,,,,,Y,,A,01,0,0,2,0,0,0,0,0,0,"- ","- ",,,IMPERIAL,"EL CENTRO",-115.55252838134766,32.791858673095703
9559124,2023,2023-08-25,1304,2023-02-05,"140 ",E4300,ELCE,7,5,4,1304,0,0,0,,0,WEST,"WESTWIND DR","S NINTH ST",0.00,,Y,A,-,N,,,,,,,,,,Y,4,0,1,2,A,-,01,23152,B,N,F,E,A,A,H,-,C,D,0,,,,,Y,Y,A,01,0,0,1,0,0,0,0,0,0,"- ","- ",32.777568817138672,-115.56170654296875,IMPERIAL,"EL CENTRO",-115.561767578125,32.777568817138672
90931450,2019,2019-02-21,9625,2019-02-11,1119,013627,,1,1,9,1300,0,2,4,,2,057,"EVAN HEWES HIGHWAY EASTBOUND","BELL ROAD",923.00,W,N,A,-,N,,,,,,,,,,Y,3,0,1,1,A,-,08,22107,,N,F,A,A,A,H,-,A,D,0,,,,,Y,,A,07,0,1,0,0,0,0,0,0,0,"- ","- ",32.802761077880859,-115.44258117675781,IMPERIAL,UNINCORPORATED,-115.44218444824219,32.803318023681641
91274003,2020,2020-07-24,9625,2020-07-18,0330,020738,,6,3,9,1300,0,1,3,,2,024,SR-78,"WHITLOCK ROAD",193.00,W,N,A,-,Y,,,78,,,,,,,Y,4,0,1,1,A,-,08,22107,,N,E,J,A,A,H,-,D,D,0,,,,,Y,,A,01,0,0,1,0,0,0,0,0,0,"- ","- ",32.974910736083984,-115.29708862304688,IMPERIAL,UNINCORPORATED,-115.29708862304688,32.974941253662109
91511081,2021,2021-07-01,9625,2021-06-23,1520,019225,,3,2,9,1300,0,1,3,,2,053,"SR-111 S/B","MCCABE ROAD",55.00,N,N,A,-,Y,,,111,,,,,,S,Y,4,0,4,2,A,-,03,22350,,N,C,C,A,A,H,-,A,A,0,,,,,Y,,A,07,0,0,4,0,0,0,0,0,0,"- ","- ",32.751949310302734,-115.50099182128906,IMPERIAL,UNINCORPORATED,-115.50075531005859,32.751953125
91764098,2022,2022-05-04,9620,2022-04-26,1543,018535,,2,2,9,1300,0,2,4,,1,061,"(S-34) OGILBY ROAD","INDIAN PASS RD",8448.00,S,N,B,G,N,,,,,,,,,,Y,2,0,2,1,A,-,08,22107,,N,F,A,A,A,H,-,A,D,0,,,Y,,Y,,C,02,1,1,0,0,0,0,0,0,2,"- ","- ",32.929080963134766,-114.84397125244141,IMPERIAL,UNINCORPORATED,-114.87712097167969,32.915687561035156
91823366,2022,2022-07-22,9625,2022-07-13,1725,020996,,3,2,9,1300,0,1,3,,1,051,"STATE ROUTE 7 SOUTHBOUND","MAGGIO ROAD",283.00,N,N,A,-,Y,,,7,,,,,,S,Y,3,0,1,1,A,-,03,22350,,N,E,I,A,A,H,-,A,D,0,,,,,Y,,A,01,0,1,0,0,0,0,0,0,0,"- ","- ",32.687229156494141,-115.37966918945312,IMPERIAL,UNINCORPORATED,-115.37977600097656,32.687305450439453
91853156,2022,2022-08-30,9625,2022-08-25,1610,019225,,4,2,9,1300,0,3,5,,2,050,"NORRISH ROAD","HOLT ROAD",0.00,,Y,A,-,N,,,,,,,,,,Y,4,0,1,2,A,-,09,21802,A,N,D,C,A,A,H,-,A,A,0,,,,,Y,,D,22,0,0,1,0,0,0,0,0,0,"- ","- ",32.832748413085938,-115.38027191162109,IMPERIAL,UNINCORPORATED,-115.38028717041016,32.832756042480469
91993406,2023,2023-02-13,9620,2023-02-06,1955,018464,,1,2,9,1300,0,1,3,,1,063,SR-78,"MITCHELLS CAMP ROAD",2112.00,E,N,A,-,Y,,,78,,,,,,,N,3,0,2,1,A,-,08,22107,,N,F,A,A,A,H,-,D,D,0,,,,,Y,,A,07,0,2,0,0,0,0,0,0,0,"- ","- ",33.313350677490234,-114.73628234863281,IMPERIAL,UNINCORPORATED,-114.73630523681641,33.313369750976562
92027335,2023,2023-03-23,9620,2023-03-15,"155 ",019360,,3,3,9,1300,0,1,1,,2,081,"INTERSTATE 8 EASTBOUND","BROCK RESEARCH CENTER RD.",11194.00,E,N,B,-,Y,,,8,,,,,,E,Y,4,0,1,2,A,-,01,23152,A,N,C,C,A,A,G,-,C,A,0,,,,,Y,Y,A,01,0,0,1,0,0,0,0,0,0,"- ","- ",32.707790374755859,-115.00038146972656,IMPERIAL,UNINCORPORATED,-115.00038146972656,32.707771301269531
92084692,2023,2023-06-02,9625,2023-05-24,2025,018792,,3,2,9,1300,0,3,5,,2,010,"ATLANTIC BLVD","BASS AVE",314.00,N,N,A,-,N,,,,,,,,,,N,2,0,1,2,A,-,05,21650,,F,A,G,A,A,H,-,D,D,0,,Y,,,Y,,-,99,1,0,0,0,0,0,1,0,0,"- ","- ",33.325908660888672,-115.96206665039062,IMPERIAL,UNINCORPORATED,-115.96209716796875,33.325885772705078
8588327,2018,2018-03-29,1304,2018-01-10,1402,351,E1,3,5,4,1304,0,0,0,,0,WEST,8TH,CENTINELA,0.00,,Y,A,-,N,,,,,,,,,,Y,4,0,2,3,A,-,03,22350,,N,C,C,A,A,H,-,A,A,0,,,,,Y,,A,01,0,0,2,0,0,0,0,0,0,"- ","- ",32.777000427246094,-115.56109619140625,IMPERIAL,"EL CENTRO",-115.56117248535156,32.776981353759766
8613881,2018,2018-05-03,1301,2018-01-29,1842,916,BRAWL,1,5,3,1301,0,0,0,,0,002,"DOGWOOD RD",MONTEREY,127.00,S,N,A,-,N,,,,,,,,,,N,4,0,1,2,A,-,11,21954,A,N,B,B,E,A,H,-,D,D,0,Y,,,,Y,Y,N,60,0,0,1,0,1,0,0,0,0,"- ","- ",,,IMPERIAL,BRAWLEY,-115.53511047363281,32.9625244140625
9161206,2020,2020-11-18,1304,2020-09-14,1631,341,EEAST,1,5,4,1304,0,0,0,,0,EAST,"DOGWOOD RD","PLAZA DR",0.00,,Y,A,-,N,,,,,,,,,,N,3,0,1,2,D,-,00,,,N,A,C,A,A,H,-,A,A,0,,,,,Y,,-,"- ",0,1,0,0,0,0,0,0,0,"- ","- ",,,IMPERIAL,"EL CENTRO",-115.53518800000001,32.769084999999997
9316270,2021,2021-09-17,1301,2021-07-07,2119,907,BRAWL,3,5,3,1301,0,0,0,,0,0B1,MAIN,2ND,0.00,,Y,A,-,N,,,,,,,,,,Y,4,0,1,2,A,-,00,21461,,N,D,C,A,A,H,-,C,A,0,,,,,Y,,A,01,0,0,1,0,0,0,0,0,0,"- ","- ",32.978610992431641,-115.53942108154297,IMPERIAL,BRAWLEY,-115.53945159912109,32.978626251220703
9587656,2023,2023-06-07,1304,2023-05-18,"334 ",359,,4,5,4,1304,0,0,0,,0,EAST,"STATE ST","4TH ST",573.00,E,N,A,-,N,,,,,,,,,,Y,3,0,1,2,A,-,01,23152,A,N,F,F,A,A,H,-,D,D,0,,,,,Y,Y,A,01,0,1,0,0,0,0,0,0,0,"- ","- ",,,IMPERIAL,"EL CENTRO",-115.55113983154297,32.791770935058594
90919398,2019,2019-02-05,9625,2019-01-24,0945,017432,,4,1,9,1300,0,1,1,,2,001,"INTERSTATE 8 E/B","MOUNTAIN SPRINGS ROAD",14256.00,E,N,A,-,Y,,,8,,,,,,E,Y,3,0,2,1,A,-,08,22107,,N,F,A,A,A,H,-,A,D,0,,,,,Y,,D,22,0,2,0,0,0,0,0,0,0,"- ","- ",32.689338684082031,-116.06417846679688,IMPERIAL,UNINCORPORATED,-116.06422424316406,32.689365386962891
91238571,2020,2020-05-18,9620,2020-05-14,1544,019582,,4,2,9,1300,0,1,3,,1,063,"SR-78 (BEN HULSE HIGHWAY)","IMPERIAL GABLES RD",10560.00,E,N,A,-,Y,,,78,,,,,,,Y,4,0,1,1,A,-,08,22107,,N,E,I,A,A,H,-,A,D,0,,,,,Y,,D,22,0,0,1,0,0,0,0,0,0,"- ","- ",33.156970977783203,-114.86895751953125,IMPERIAL,UNINCORPORATED,-114.86891174316406,33.156970977783203
91734950,2022,2022-04-11,9625,2022-03-19,"640 ",018978,,6,1,9,1300,0,3,5,,2,050,"KLOKE ROAD","COLE ROAD",3810.00,N,N,A,-,N,,,,,,,,,,Y,3,0,1,1,A,-,08,22107,,N,E,I,A,A,H,-,B,D,0,,,,,Y,,A,01,0,1,0,0,0,0,0,0,0,"- ","- ",32.703998565673828,-115.51570892333984,IMPERIAL,UNINCORPORATED,-115.51673126220703,32.704402923583984
91826185,2022,2022-07-27,9625,2022-07-20,2024,018978,,3,2,9,1300,0,2,4,,2,047,"FORRESTER ROAD","LARSEN ROAD",1276.00,S,N,A,-,N,,,,,,,,,,Y,2,0,1,1,A,-,08,22107,,N,F,A,A,A,H,-,D,D,0,,,,,Y,,A,01,1,0,0,0,0,0,0,0,0,"- ","- ",32.872859954833984,-115.62090301513672,IMPERIAL,UNINCORPORATED,-115.62084197998047,32.872798919677734
91864252,2022,2022-09-14,9625,2022-09-02,1902,018930,,5,2,9,1300,0,1,1,,2,003,"INTERSTATE 8 (E/B)","FORRESTER ROAD",651.00,E,N,A,-,Y,,,8,,,,,,,Y,4,0,1,1,A,-,08,22107,,N,E,I,A,A,H,-,C,D,0,,,,,Y,,D,22,0,0,1,0,0,0,0,0,0,"- ","- ",32.773590087890625,-115.61747741699219,IMPERIAL,UNINCORPORATED,-115.61747741699219,32.773765563964844
91882741,2022,2022-10-05,9625,2022-09-25,1804,021107,,7,2,9,1300,0,1,3,,1,022,"STATE ROUTE 111","RANGE ROAD",948.00,N,N,A,-,Y,,,111,,,,,,,Y,2,0,1,1,A,-,01,23152,A,N,E,I,A,A,H,-,A,D,0,,,,,Y,Y,A,01,1,0,0,0,0,0,0,0,0,"- ","- ",33.369800567626953,-115.77288818359375,IMPERIAL,UNINCORPORATED,-115.77291870117188,33.369766235351562
8554188,2018,2018-07-30,1304,2018-02-02,1225,335,4,5,5,4,1304,0,0,0,,0,EAST,"IMPERIAL AVE","BRADSHAW AVE",0.00,,N,A,-,Y,IMP,11,86,-,-,8.450,H,-,S,Y,4,0,2,3,A,-,03,22350,,N,C,C,A,A,H,-,A,A,0,,,,,Y,,A,01,0,0,2,0,0,0,0,0,0,"- ","- ",32.813201904296875,-115.56999969482422,IMPERIAL,"EL CENTRO",-115.56992340087891,32.813316345214844
8692649,2018,2018-09-27,1301,2018-08-10,1201,916,BRAWL,5,5,3,1301,0,0,0,,0,002,3RD,MAIN,171.00,S,N,A,-,N,,,,,,,,,,N,3,0,1,2,A,-,04,21703,,N,C,C,A,A,H,-,A,D,0,,,,,Y,,A,07,0,1,0,0,0,0,0,0,0,"- ","- ",,,IMPERIAL,BRAWLEY,-115.53721618652344,32.978160858154297
90813714,2018,2018-09-14,9625,2018-09-11,2350,019225,,2,3,9,1300,0,1,1,,2,004,"INTERSTATE 8 (WESTBOUND)","DUNAWAY ROAD",31680.00,W,N,A,-,Y,,,8,,,,,,,Y,4,0,1,1,A,-,08,22107,,N,E,I,A,A,H,-,D,D,0,,,,,Y,,A,07,0,0,1,0,0,0,0,0,0,"- ","- ",32.751380920410156,-115.90231323242188,IMPERIAL,UNINCORPORATED,-115.90231323242188,32.751384735107422
90844556,2018,2018-10-25,9625,2018-10-17,2017,019035,,3,2,9,1300,0,3,5,,2,050,SR-115,"WORTHINGTON ROAD",0.00,,Y,A,-,Y,,,115,,,,,,,Y,3,0,1,2,A,-,12,22450,A,N,D,C,A,A,H,-,D,A,0,,,,Y,Y,,D,22,0,1,0,0,0,0,0,0,0,"- ","- ",32.847400665283203,-115.40609741210938,IMPERIAL,UNINCORPORATED,-115.40618133544922,32.847400665283203
90894336,2018,2018-12-31,9625,2018-12-20,0650,017432,,4,1,9,1300,0,2,4,,2,047,"WORTHINGTON ROAD","FORRESTER ROAD",0.00,,Y,A,-,N,,,,,,,,,,Y,4,0,1,2,A,-,09,21802,A,N,D,C,A,A,H,-,A,A,0,,,,,Y,,A,01,0,0,1,0,0,0,0,0,0,"- ","- ",32.847370147705078,-115.62079620361328,IMPERIAL,UNINCORPORATED,-115.62075805664062,32.847389221191406
91157461,2019,2020-01-02,9625,2019-12-23,0450,020516,,1,3,9,1300,0,1,3,,1,012,"S/B SR-86","BORREGO SALTON SEAWAY",0.00,,Y,B,-,Y,,,86,,,,,,,Y,4,0,1,2,A,-,09,21453,C,N,D,C,A,A,H,-,C,A,0,,,,,Y,,A,01,0,0,1,0,0,0,0,0,0,"- ","- ",33.278938293457031,-115.96444702148438,IMPERIAL,UNINCORPORATED,-115.96434020996094,33.279026031494141