CASE_ID,ACCIDENT_YEAR,PROC_DATE,JURIS,COLLISION_DATE,COLLISION_TIME,OFFICER_ID,REPORTING_DISTRICT,DAY_OF_WEEK,CHP_SHIFT,POPULATION,CNTY_CITY_LOC,SPECIAL_COND,BEAT_TYPE,CHP_BEAT_TYPE,CITY_DIVISION_LAPD,CHP_BEAT_CLASS,BEAT_NUMBER,PRIMARY_RD,SECONDARY_RD,DISTANCE,DIRECTION,INTERSECTION,WEATHER_1,WEATHER_2,STATE_HWY_IND,CALTRANS_COUNTY,CALTRANS_DISTRICT,STATE_ROUTE,ROUTE_SUFFIX,POSTMILE_PREFIX,POSTMILE,LOCATION_TYPE,RAMP_INTERSECTION,SIDE_OF_HWY,TOW_AWAY,COLLISION_SEVERITY,NUMBER_KILLED,NUMBER_INJURED,PARTY_COUNT,PRIMARY_COLL_FACTOR,PCF_CODE_OF_VIOL,PCF_VIOL_CATEGORY,PCF_VIOLATION,PCF_VIOL_SUBSECTION,HIT_AND_RUN,TYPE_OF_COLLISION,MVIW,PED_ACTION,ROAD_SURFACE,ROAD_COND_1,ROAD_COND_2,LIGHTING,CONTROL_DEVICE,CHP_ROAD_TYPE,PEDESTRIAN_ACCIDENT,BICYCLE_ACCIDENT,MOTORCYCLE_ACCIDENT,TRUCK_ACCIDENT,NOT_PRIVATE_PROPERTY,ALCOHOL_INVOLVED,STWD_VEHTYPE_AT_FAULT,CHP_VEHTYPE_AT_FAULT,COUNT_SEVERE_INJ,COUNT_VISIBLE_INJ,COUNT_COMPLAINT_PAIN,COUNT_PED_KILLED,COUNT_PED_INJURED,COUNT_BICYCLIST_KILLED,COUNT_BICYCLIST_INJURED,COUNT_MC_KILLED,COUNT_MC_INJURED,PRIMARY_RAMP,SECONDARY_RAMP,LATITUDE,LONGITUDE,COUNTY,CITY,POINT_X,POINT_Y
91388942,2021,2021-01-18,9625,2021-01-12,1541,019582,,2,2,9,1300,0,1,1,,2,001,"I-8 E/B","MOUNTAIN SPRINGS ROAD",7920.00,E,N,A,-,Y,,,8,,,,,,E,Y,4,0,1,1,A,-,08,22107,,N,E,I,A,A,H,-,A,A,0,,,,Y,Y,,G,25,0,0,1,0,0,0,0,0,0,"- ","- ",32.674221038818359,-116.075439453125,IMPERIAL,UNINCORPORATED,-116.07546234130859,32.674247741699219
92061633,2023,2023-05-04,9625,2023-04-25,"420 ",019667,,2,3,9,1300,0,1,3,,2,024,"STATE ROUTE 78","OSBOURNE PARK ROAD",3052.00,E,N,A,-,Y,,,78,,,,,,,Y,3,0,1,1,A,-,08,22107,,N,E,I,A,A,H,-,D,D,0,,,,,Y,,A,01,0,1,0,0,0,0,0,0,0,"- ","- ",32.987709045410156,-115.12593841552734,IMPERIAL,UNINCORPORATED,-115.12595367431641,32.987785339355469
92145720,2023,2023-08-16,9625,2023-08-06,"24  ",021107,,7,3,9,1300,0,1,3,,1,044,"STATE ROUTE 86 NORTHBOUND","AUSTIN ROAD",1000.00,S,N,A,-,Y,,,86,,,,,,N,Y,2,0,1,1,A,-,08,22107,,N,E,I,A,A,H,-,D,D,0,,,,,Y,Y,A,01,1,0,0,0,0,0,0,0,0,"- ","- ",32.948528289794922,-115.56961822509766,IMPERIAL,UNINCORPORATED,-115.56968688964844,32.948574066162109
8846125,2019,2019-10-10,1301,2019-07-23,1645,917,,2,5,3,1301,0,0,0,,0,,"MALAN ST","18TH ST",69.00,E,N,A,-,N,,,,,,,,,,Y,3,0,1,2,A,-,01,23152,A,N,C,E,A,A,H,-,A,D,0,,,,,Y,Y,A,07,0,1,0,0,0,0,0,0,0,"- ","- ",,,IMPERIAL,BRAWLEY,-115.51441955566406,32.970840454101562
9036881,2020,2020-09-29,1304,2020-01-04,1441,361,ELCE,6,5,4,1304,0,0,0,,0,WEST,IMPERIAL,PICO,253.00,S,N,A,-,Y,IMP,11,86,-,-,7.880,H,-,N,N,3,0,3,3,A,-,03,22350,,N,C,C,A,A,H,-,A,A,0,,,,,Y,,A,01,0,1,2,0,0,0,0,0,0,"- ","- ",,,IMPERIAL,"EL CENTRO",-115.56988525390625,32.804813385009766
90740175,2018,2018-06-04,9625,2018-05-28,2017,019668,,1,2,9,1300,0,3,5,,2,040,"SILSBEE ROAD","ATEN ROAD",0.00,,Y,A,-,N,,,,,,,,,,Y,3,0,1,1,A,-,03,22350,,N,E,I,A,A,H,-,D,D,0,,,,,Y,,A,01,0,1,0,0,0,0,0,0,0,"- ","- ",32.825630187988281,-115.64597320556641,IMPERIAL,UNINCORPORATED,-115.64643096923828,32.825531005859375
90901498,2019,2019-01-10,9625,2019-01-02,1125,018279,,3,1,9,1300,0,3,5,,2,040,"AUSTIN RD","KEYSTONE RD",0.00,,Y,A,-,N,,,,,,,,,,Y,4,0,1,2,A,-,09,21802,A,N,D,C,A,A,H,-,A,A,0,,,,,Y,,A,01,0,0,1,0,0,0,0,0,0,"- ","- ",32.912551879882812,-115.59490203857422,IMPERIAL,UNINCORPORATED,-115.59490966796875,32.912551879882812
90923223,2019,2019-02-11,9625,2019-02-04,1805,019667,,1,2,9,1300,0,2,4,,2,047,"FORRESTER ROAD","WORTHINGTON ROAD",26.00,N,N,B,-,N,,,,,,,,,,Y,3,0,1,2,A,-,09,21802,A,N,C,C,A,A,H,-,C,A,0,,,,Y,Y,,A,01,0,1,0,0,0,0,0,0,0,"- ","- ",32.847709655761719,-115.62068939208984,IMPERIAL,UNINCORPORATED,-115.62075805664062,32.847461700439453
91454669,2021,2021-04-20,9625,2021-04-17,1645,022010,,6,2,9,1300,0,3,5,,2,050,"HEBER ROAD","BOWKER ROAD",106.00,W,N,A,-,N,,,,,,,,,,N,4,0,1,1,A,-,08,22107,,N,F,A,A,A,H,-,A,D,0,,,Y,,Y,,C,02,0,0,1,0,0,0,0,0,1,"- ","- ",32.730308532714844,-115.46573638916016,IMPERIAL,UNINCORPORATED,-115.46539306640625,32.730350494384766
91500719,2021,2021-06-18,9625,2021-06-11,1840,019667,,5,2,9,1300,0,3,5,,2,040,"AUSTIN ROAD","LARSEN ROAD",1309.00,S,N,A,-,N,,,,,,,,,,N,3,0,1,1,A,-,01,23152,A,N,F,A,A,A,H,-,A,D,0,,,,,Y,Y,A,01,0,1,0,0,0,0,0,0,0,"- ","- ",32.869010925292969,-115.59515380859375,IMPERIAL,UNINCORPORATED,-115.59493255615234,32.872753143310547
92064692,2023,2023-05-09,9620,2023-05-04,2014,017837,,4,2,9,1300,0,1,1,,2,082,"E/B I-8 TO SIDEWINDER RD","SIDEWINDER ROAD",0.00,,Y,A,-,Y,,,8,,,,R,,,Y,4,0,1,1,A,-,03,22350,,N,E,8,A,A,H,-,C,A,0,,,,,Y,,A,01,0,0,1,0,0,0,0,0,0,"- ","- ",32.745689392089844,-114.75457763671875,IMPERIAL,UNINCORPORATED,-114.75457763671875,32.745689392089844
8717755,2018,2018-10-17,1301,2018-09-06,1205,913,BRAWL,4,5,3,1301,0,0,0,,0,001,"WESTERN AV","E ST",0.00,,Y,A,-,N,,,,,,,,,,Y,4,0,1,2,A,-,08,22107,,N,A,C,A,A,H,-,A,D,0,,,,,Y,,A,08,0,0,1,0,0,0,0,0,0,"- ","- ",32.979751586914062,-115.54367065429688,IMPERIAL,BRAWLEY,-115.54364776611328,32.979770660400391
8838141,2019,2019-05-31,1304,2019-03-30,0910,354,,6,5,4,1304,0,0,0,,0,,ADAMS,6TH,0.00,,-,A,-,Y,IMP,11,86,-,L,7.860,H,-,S,Y,3,0,1,2,A,-,08,22107,,N,C,E,A,A,H,-,A,D,0,,,,Y,Y,,A,01,0,1,0,0,0,0,0,0,0,"- ","- ",32.796501159667969,-115.55857849121094,IMPERIAL,"EL CENTRO",-115.55865478515625,32.796558380126953
8844576,2019,2019-08-28,1304,2019-04-05,1607,326,EWES,5,5,4,1304,0,0,0,,0,901,ADAMS,12TH,0.00,,Y,A,-,Y,IMP,11,86,-,L,8.286,I,5,N,Y,4,0,2,3,A,-,09,21804,A,N,D,C,A,A,H,-,A,D,0,,,,,Y,,A,01,0,0,2,0,0,0,0,0,0,"- ","- ",,,IMPERIAL,"EL CENTRO",-115.56596374511719,32.796554565429688
8944722,2019,2019-09-25,1304,2019-08-25,2333,331,,7,5,4,1304,0,0,0,,0,WEST,"IMPERIAL AV","STATE ST",0.00,,Y,A,-,N,,,,,,,,,,Y,2,0,1,2,A,-,01,23152,A,N,D,C,A,A,H,-,C,A,0,,,,,Y,Y,-,,1,0,0,0,0,0,0,0,0,"- ","- ",,,IMPERIAL,"EL CENTRO",-115.56987762451172,32.791698455810547
9250746,2021,2021-05-17,1304,2021-04-17,0250,368,E1,6,5,4,1304,0,0,0,,0,EAST,"3RD ST","ROSS AV",0.00,,Y,A,-,N,,,,,,,,,,Y,3,0,2,1,A,-,03,22350,,N,A,I,A,A,H,-,C,A,0,,,,,Y,,-,,0,2,0,0,0,0,0,0,0,"- ","- ",,,IMPERIAL,"EL CENTRO",-115.55030822753906,32.781455993652344
9507411,2022,2022-10-11,1304,2022-09-20,1223,364,ELCE,2,5,4,1304,0,0,0,,0,WEST,"SOUTH 4TH ST","WAKE AV",0.00,,Y,A,-,N,,,,,,,,,,N,4,0,1,3,A,-,03,22350,,N,C,C,A,A,H,-,A,A,0,,,,,Y,,A,01,0,0,1,0,0,0,0,0,0,"- ","- ",32.771411895751953,-115.55217742919922,IMPERIAL,"EL CENTRO",-115.55231475830078,32.771186828613281
92047623,2023,2023-04-18,9625,2023-04-08,2247,021107,,6,3,9,1300,0,1,3,,2,053,"STATE ROUTE 111 S/B","HEBER ROAD",1901.00,N,N,A,-,Y,,,111,,,,,,S,Y,3,0,1,1,A,-,01,23152,A,N,E,I,A,A,H,-,D,D,0,,,,,Y,Y,A,01,0,1,0,0,0,0,0,0,0,"- ","- ",32.735969543457031,-115.50067138671875,IMPERIAL,UNINCORPORATED,-115.50051879882812,32.735973358154297
92271708,2023,2024-01-12,9625,2023-12-20,1720,020996,,3,2,9,1300,0,2,4,,2,046,"DOGWOOD ROAD","MCCABE ROAD",0.00,,Y,A,-,N,,,,,,,,,,Y,4,0,1,2,D,-,00,,,N,A,C,A,A,H,-,C,A,0,,,,,Y,,-,"- ",0,0,1,0,0,0,0,0,0,"- ","- ",35.753231048583984,-115.53478240966797,IMPERIAL,UNINCORPORATED,-115.53492736816406,32.752368927001953
91059056,2019,2019-08-26,9625,2019-08-19,0905,018279,,1,1,9,1300,0,1,3,,1,012,"SR-86, S/B",SR-78,10560.00,N,N,A,-,Y,,,86,,,,,,S,Y,3,0,1,1,A,-,08,22107,,N,E,I,A,A,H,-,A,D,0,,,,,Y,,A,01,0,1,0,0,0,0,0,0,0,"- ","- ",33.158130645751953,-115.86933135986328,IMPERIAL,UNINCORPORATED,-115.86940765380859,33.158096313476562
91122575,2019,2019-11-18,9625,2019-11-10,1510,019225,,7,2,9,1300,0,1,3,,2,052,"STATE ROUTE 98","HOLDRIDGE ROAD",14256.00,E,N,A,-,Y,,,98,,,,,,,Y,3,0,1,1,A,-,08,22107,,N,F,A,A,A,H,-,A,D,0,,,,,Y,,A,01,0,1,0,0,0,0,0,0,0,"- ","- ",32.712501525878906,-115.23236846923828,IMPERIAL,UNINCORPORATED,-115.23236846923828,32.712547302246094
91286208,2020,2020-08-14,9625,2020-08-07,0830,017809,,5,1,9,1300,0,3,5,,2,040,"IMLER ROAD","HUFF ROAD",261.00,E,N,A,-,N,,,,,,,,,,Y,3,0,1,1,A,-,03,22350,,N,F,A,A,A,H,-,A,D,0,,,,,Y,,A,01,0,1,0,0,0,0,0,0,0,"- ","- ",32.9251708984375,-115.69774627685547,IMPERIAL,UNINCORPORATED,-115.71533203125,32.908908843994141
91575980,2021,2021-09-21,9625,2021-09-14,2235,019668,,2,3,9,1300,0,1,3,,1,044,"SR-86 NORTHBOUND","HARRIS ROAD",195.00,S,N,A,-,Y,,,86,,,,,,N,N,4,0,1,2,A,-,03,22350,,N,C,C,A,A,H,-,D,D,0,,,,,Y,,D,22,0,0,1,0,0,0,0,0,0,"- ","- ",32.882270812988281,-115.57013702392578,IMPERIAL,UNINCORPORATED,-115.57022857666016,32.882270812988281
91863145,2022,2022-09-13,9625,2022-07-25,1915,018978,,1,2,9,1300,0,1,1,,2,001,"INTERSTATE 8 (E/B)","IN KO PAH PARK ROAD",5666.00,E,N,B,C,Y,,,8,,,,,,,Y,1,1,1,1,A,-,03,22350,,N,E,8,A,B,H,-,D,D,0,,,,,Y,,A,01,1,0,0,0,0,0,0,0,0,"- ","- ",32.656299591064453,-116.09715270996094,IMPERIAL,UNINCORPORATED,-116.09714508056641,32.656299591064453
91934406,2022,2022-12-05,9625,2022-11-30,1106,018468,,3,1,4,1304,0,1,1,,2,003,"INTERSTATE 8 (E/B) FROM IMPERIAL AVENUE","IMPERIAL AVENUE",113.00,W,N,A,-,Y,,,8,,,,R,,,Y,4,0,1,1,A,-,03,22350,,N,F,A,A,A,H,-,A,D,0,,,,,Y,,D,22,0,0,1,0,0,0,0,0,0,"- ","- ",32.773670196533203,-115.56993865966797,IMPERIAL,"EL CENTRO",-115.56993865966797,32.773670196533203
9533691,2022,2023-01-31,1301,2022-12-13,1108,919,BRAWL,2,5,3,1301,0,0,0,,0,003,"C ST","BEST RD",420.00,W,N,A,-,N,,,,,,,,,,Y,4,0,1,3,A,-,03,22350,,N,B,E,F,A,H,-,A,D,0,Y,,,,Y,,-,"- ",0,0,1,0,1,0,0,0,0,"- ","- ",,,IMPERIAL,BRAWLEY,-115.50933837890625,32.982341766357422
90698912,2018,2018-04-04,9625,2018-04-01,1900,019035,,7,2,9,1300,0,1,3,,1,011,"STATE ROUTE 86 NORTHBOUND","SOUTH MARINA DRIVE",25.00,S,N,A,-,Y,,,,,,,,,,N,3,0,3,2,A,-,03,22350,,N,C,C,A,A,H,-,C,A,0,,,,,Y,,A,01,0,1,2,0,0,0,0,0,0,"- ","- ",,,IMPERIAL,UNINCORPORATED,-115.96408081054688,33.279140472412109
90767810,2018,2018-07-12,9625,2018-07-03,1740,022010,,2,2,9,1300,0,1,3,,2,056,SR-115,"GONDER ROAD",686.00,S,N,A,-,Y,,,115,,,,,,,Y,4,0,1,1,A,-,01,23152,A,N,F,A,A,A,H,-,A,D,0,,,,,Y,Y,A,01,0,0,1,0,0,0,0,0,0,"- ","- ",32.939121246337891,-115.4063720703125,IMPERIAL,UNINCORPORATED,-115.40627288818359,32.939121246337891
90869616,2018,2018-11-28,9625,2018-10-03,0710,017432,,3,1,9,1300,0,2,4,,2,046,"DOGWOOD ROAD",SR-98,0.00,,Y,A,-,Y,,,,,,,,,,Y,2,0,3,2,A,-,12,21453,A,N,D,C,A,A,H,-,A,A,0,,,,,Y,,D,22,1,0,2,0,0,0,0,0,0,"- ","- ",32.679248809814453,-115.53346252441406,IMPERIAL,UNINCORPORATED,-115.533447265625,32.679218292236328
90977045,2019,2019-04-26,9625,2019-04-16,0810,022010,,2,1,9,1300,0,1,1,,2,002,"INTERSTATE 8 E/B",SR-98,7550.00,W,N,B,G,Y,,,8,,,,,,E,Y,4,0,1,1,A,-,08,22107,,N,E,I,A,A,H,-,A,D,0,,,,,Y,,A,01,0,0,1,0,0,0,0,0,0,"- ","- ",32.720329284667969,-116.04634094238281,IMPERIAL,UNINCORPORATED,-116.04635620117188,32.720378875732422
91046631,2019,2019-08-06,9625,2019-07-29,1945,019667,,1,2,9,1300,0,3,5,,2,040,"LA BRUCHERIE ROAD","WAHL ROAD",0.00,,Y,A,-,N,,,,,,,,,,Y,4,0,3,2,A,-,12,22450,A,N,D,C,A,A,H,-,B,A,0,,,,,Y,,A,01,0,0,3,0,0,0,0,0,0,"- ","- ",32.723751068115234,-115.57758331298828,IMPERIAL,UNINCORPORATED,-115.57868957519531,32.820308685302734
8167993,2019,2019-11-23,1302,2019-05-04,1208,CX156,1302,6,5,4,1302,0,0,0,,0,004,"EAST COLE BL","RT 111",127.00,W,N,A,-,N,,,,,,,,,,,4,0,1,2,A,-,21,22106,,N,C,C,A,A,H,-,A,D,0,,,,,Y,,D,22,0,0,1,0,0,0,0,0,0,"- ","- ",,,IMPERIAL,CALEXICO,-115.49916076660156,32.693981170654297
8597483,2018,2018-04-24,1304,2018-03-26,0824,360,4,1,5,4,1304,0,0,0,,0,WEST,WATERMAN,OCOTILLO,0.00,,Y,A,-,N,,,,,,,,,,N,3,0,1,2,A,-,10,21950,A,N,A,B,B,A,H,-,A,A,0,Y,,,,Y,,A,01,0,1,0,0,1,0,0,0,0,"- ","- ",32.777599334716797,-115.57379913330078,IMPERIAL,"EL CENTRO",-115.57382965087891,32.777370452880859
9500155,2022,2022-10-27,1304,2022-10-11,1208,368,E1,2,5,4,1304,0,0,0,,0,EAST,"RT 86",COMMERCIAL,0.00,,Y,A,-,Y,IMP,11,86,-,L,7.453,I,5,N,Y,3,0,2,2,A,-,09,21802,A,N,D,C,A,A,H,-,A,A,0,,,,,Y,,D,22,0,2,0,0,0,0,0,0,0,"- ","- ",,,IMPERIAL,"EL CENTRO",-115.55264282226562,32.795013427734375
9621893,2023,2023-10-18,1304,2023-09-01,1837,331,EPTRL,5,5,4,1304,0,0,0,,0,EAST,4TH,AURORA,0.00,,Y,A,-,N,,,86,,,,,,,Y,2,0,2,2,A,-,03,22350,,N,A,-,A,A,H,-,A,A,0,,,,,Y,,-,,1,0,1,0,0,0,0,0,0,"- ","- ",32.778789520263672,-115.55235290527344,IMPERIAL,"EL CENTRO",-115.5523681640625,32.778789520263672
90668583,2018,2018-02-23,9625,2018-02-14,2305,020516,,3,3,9,1300,0,3,5,,2,040,"LARSEN ROAD","AUSTIN ROAD",4224.00,W,N,B,C,N,,,,,,,,,,Y,4,0,1,1,A,-,08,22107,,N,E,I,A,B,H,-,D,D,0,,,,,Y,,A,01,0,0,1,0,0,0,0,0,0,"- ","- ",32.876228332519531,-115.60793304443359,IMPERIAL,UNINCORPORATED,-115.60861206054688,32.876296997070312
90950232,2019,2019-03-20,9625,2019-03-14,2005,018279,,4,2,9,1300,0,3,5,,2,050,"MCCABE ROAD","BARBARA WORTH ROAD",0.00,,Y,A,-,N,,,,,,,,,,Y,4,0,1,2,A,-,12,22450,A,N,D,C,A,A,H,-,D,A,0,,,,,Y,,A,01,0,0,1,0,0,0,0,0,0,"- ","- ",32.751941680908203,-115.43077087402344,IMPERIAL,UNINCORPORATED,-115.43074035644531,32.751941680908203
91036567,2019,2019-07-24,9625,2019-01-07,2157,018773,,1,2,9,1300,0,1,1,,2,003,"I-8 EASTBOUND","DOGWOOD ROAD",1595.00,W,N,A,-,Y,,,,,,,,,,Y,1,2,0,2,A,-,05,21651,B,N,A,C,A,A,H,-,D,D,0,,,,,Y,,A,08,0,0,0,0,0,0,0,0,0,"- ","- ",32.773681640625,-115.53984069824219,IMPERIAL,UNINCORPORATED,-115.54036712646484,32.773681640625
91103671,2019,2019-10-23,9625,2019-10-15,1442,020054,,2,2,9,1300,0,1,1,,2,003,"I-8 E/B","DUNAWAY ROAD",1320.00,W,N,A,-,Y,,,8,,,,,,E,Y,4,0,1,1,C,-,18,,,N,H,A,A,A,H,-,A,D,0,,,,,Y,,-,"- ",0,0,1,0,0,0,0,0,0,"- ","- ",32.768749237060547,-115.80029296875,IMPERIAL,UNINCORPORATED,-115.80030059814453,32.768787384033203
91333070,2020,2020-10-28,9625,2020-10-19,1030,019668,,1,1,9,1300,0,1,3,,1,044,"SR-86 N/B","WEAVER ROAD",15.00,S,N,A,-,Y,,,86,,,,,,N,Y,3,0,2,2,A,-,01,23152,A,F,B,C,A,A,H,-,A,D,0,,,,,Y,Y,A,01,0,1,1,0,0,0,0,0,0,"- ","- ",32.93701171875,-115.56990814208984,IMPERIAL,UNINCORPORATED,-115.57006072998047,32.937007904052734
91550131,2021,2021-08-20,9625,2021-08-15,1630,019668,,7,2,9,1300,0,2,4,,2,047,"EVAN HEWES HIGHWAY","FORRESTER ROAD",0.00,,Y,A,-,N,,,,,,,,,,Y,3,0,1,2,A,-,01,23152,A,N,D,C,A,A,H,-,A,A,0,,,,,Y,Y,A,01,0,1,0,0,0,0,0,0,0,"- ","- ",32.796581268310547,-115.62081909179688,IMPERIAL,UNINCORPORATED,-115.61180877685547,32.804046630859375
91647469,2021,2021-12-09,9625,2021-11-29,1525,018933,,1,2,9,1300,0,2,4,,2,046,"DOGWOOD ROAD","COLE ROAD",200.00,N,N,A,-,N,,,,,,,,,,Y,2,0,1,2,A,-,09,21801,A,N,D,C,A,A,H,-,A,D,0,,,Y,,Y,,A,07,1,0,0,0,0,0,0,0,1,"- ","- ",32.695228576660156,-115.53399658203125,IMPERIAL,UNINCORPORATED,-115.53400421142578,32.694545745849609
91824536,2022,2022-07-25,9625,2022-07-19,1011,018468,,2,1,9,1300,0,1,1,,2,002,"INTERSTATE 8 (E/B)","MOUNTAIN SPRINGS ROAD",11088.00,E,N,A,-,Y,,,8,,,,,,,Y,3,0,1,1,A,-,08,22107,,N,E,8,A,A,H,-,A,D,0,,,,,Y,,D,22,0,1,0,0,0,0,0,0,0,"- ","- ",32.699871063232422,-116.08065795898438,IMPERIAL,UNINCORPORATED,-116.0806884765625,32.699893951416016
9165648,2020,2020-12-01,1301,2020-08-08,1842,9A2,BRAWL,6,5,3,1301,0,0,0,,0,003,"RT 111","RT 78",0.00,,Y,A,-,Y,IMP,11,78,-,-,15.499,I,5,E,Y,2,0,8,2,A,-,12,21453,A,N,D,C,A,A,H,-,A,A,0,,,,,Y,,A,01,1,6,1,0,0,0,0,0,0,"- ","- ",,,IMPERIAL,BRAWLEY,-115.5013427734375,32.978641510009766
90720597,2018,2018-05-07,9625,2018-04-25,0730,017432,,3,1,9,1300,0,3,5,,2,040,"MCCABE ROAD","FORRESTER ROAD",0.00,,Y,A,-,N,,,,,,,,,,Y,4,0,2,2,A,-,09,21801,A,N,D,C,A,A,H,-,A,D,0,,,,,Y,,A,01,0,0,2,0,0,0,0,0,0,"- ","- ",32.752548217773438,-115.62068939208984,IMPERIAL,UNINCORPORATED,-115.62066650390625,32.752471923828125
90790298,2018,2018-08-14,9625,2018-08-09,1725,019667,,4,2,9,1300,0,1,1,,2,001,"E/B INTERSTATE 8","MOUNTAIN SPRINGS ROAD",6956.00,E,N,C,-,Y,,,8,,,,,,,Y,3,0,1,1,A,-,03,22350,,N,E,I,A,B,H,-,A,D,0,,,,,Y,,A,01,0,1,0,0,0,0,0,0,0,"- ","- ",32.673728942871094,-116.07701873779297,IMPERIAL,UNINCORPORATED,-116.07698822021484,32.673580169677734
90908726,2018,2019-01-22,9625,2018-12-18,1451,017809,,2,2,9,1300,0,3,5,,2,010,"NORTH MARINA DRIVE","SEA WIND PLACE",10.00,W,N,A,-,N,,,,,,,,,,Y,1,1,0,2,A,-,03,22350,,N,C,G,A,A,H,-,A,D,0,,Y,,,Y,,A,01,0,0,0,0,0,1,0,0,0,"- ","- ",33.322799682617188,-115.95829772949219,IMPERIAL,UNINCORPORATED,-115.95821380615234,33.322799682617188
90931478,2019,2019-02-21,9625,2019-02-12,0754,013627,,2,1,9,1300,0,1,3,,2,053,"STATE ROUTE 111 N/B","INTERSTATE 8",432.00,S,N,B,-,Y,,,111,,,,,,N,Y,4,0,1,2,A,-,04,21703,,N,C,C,A,A,H,-,A,D,0,,,,,Y,,A,01,0,0,1,0,0,0,0,0,0,"- ","- ",32.772369384765625,-115.50106811523438,IMPERIAL,UNINCORPORATED,-115.50115966796875,32.772365570068359
91123294,2019,2019-11-19,9625,2019-11-10,1625,017809,,7,2,9,1300,0,3,5,,2,010,"FREDRICKS ROAD","ELDER ROAD",0.00,,Y,A,-,Y,,,,,,,,,,Y,4,0,3,1,A,-,03,22350,,N,E,I,A,A,H,-,A,A,0,,,,,Y,,A,07,0,0,3,0,0,0,0,0,0,"- ","- ",32.999080657958984,-115.58978271484375,IMPERIAL,UNINCORPORATED,-115.58970642089844,32.998950958251953
91966636,2023,2023-01-12,9625,2023-01-02,1056,018368,,1,1,9,1300,0,1,1,,2,005,"INTERSTATE 8 (E/B)","BONDS CORNER ROAD",3951.00,W,N,A,-,Y,,,8,,,,,,,Y,3,0,2,1,A,-,08,22107,,N,F,A,A,A,H,-,A,D,0,,,,,Y,,A,01,0,2,0,0,0,0,0,0,0,"- ","- ",32.773300170898438,-115.35009765625,IMPERIAL,UNINCORPORATED,-115.35009765625,32.773200988769531
92021370,2023,2023-03-17,9625,2023-03-10,1625,019582,,5,2,9,1300,0,1,3,,2,053,"SR-111 S/B",I-8,3965.00,S,N,A,-,N,,,111,,,,,,S,N,4,0,1,2,A,-,03,22350,,N,C,C,A,A,H,-,A,D,0,,,,,Y,,A,01,0,0,1,0,0,0,0,0,0,"- ","- ",32.762699127197266,-115.5009765625,IMPERIAL,UNINCORPORATED,-115.50090026855469,32.762702941894531
92148651,2023,2023-08-21,9625,2023-08-16,1510,017901,,3,2,9,1300,0,3,5,,2,040,"MT. SIGNAL AVENUE","MT. SIGNAL AVENUE AT RIO VISTA STREET",0.00,,Y,A,-,N,,,,,,,,,,N,4,0,1,2,A,-,09,21800,A,N,D,C,A,A,H,-,A,D,0,,,,,Y,,D,22,0,0,1,0,0,0,0,0,0,"- ","- ",32.794460296630859,-115.69486236572266,IMPERIAL,UNINCORPORATED,-115.69490814208984,32.794452667236328
91213157,2020,2020-03-20,9620,2020-03-18,1312,020738,,3,1,9,1300,0,1,1,,2,081,"I-8 EASTBOUND","GRAYS WELLS RD",2640.00,W,N,B,C,Y,,,8,,,,,,E,Y,3,0,1,1,A,-,03,22350,,N,E,I,A,B,H,-,A,D,0,,,,,Y,,A,01,0,1,0,0,0,0,0,0,0,"- ","- ",32.737430572509766,-114.88896179199219,IMPERIAL,UNINCORPORATED,-114.88894653320312,32.737396240234375
91336997,2020,2020-11-02,9620,2020-10-23,1838,018464,,5,2,9,1300,0,1,1,,2,081,"I-8 (E/B)","SAND HILLS OVERCROSS",5000.00,W,N,A,-,Y,,,8,,,,,,,Y,3,0,2,1,A,-,08,22107,,N,F,A,A,A,H,-,D,D,0,,,,,Y,,D,22,0,2,0,0,0,0,0,0,0,"- ","- ",32.734100341796875,-114.89747619628906,IMPERIAL,UNINCORPORATED,-114.89752197265625,32.73419189453125
91488843,2021,2021-06-03,9625,2021-05-27,2015,019225,,4,2,9,1300,0,1,3,,2,053,"SR-111 S/B","HEBER ROAD",900.00,N,N,A,-,Y,,,111,,,,,,S,N,4,0,1,2,A,-,03,22350,,F,C,C,A,A,H,-,D,D,0,,,,,Y,,A,01,0,0,1,0,0,0,0,0,0,"- ","- ",32.733238220214844,-115.50051879882812,IMPERIAL,UNINCORPORATED,-115.50046539306641,32.733242034912109
91582998,2021,2021-09-29,9625,2021-09-27,0240,020111,,1,3,9,1300,0,1,1,,2,003,"INTERSTATE 8 E/B","IMPERIAL HIGHWAY",20750.00,E,N,A,-,Y,,,8,,,,,,E,Y,4,0,1,1,A,-,08,22107,,N,F,A,A,A,H,-,D,D,0,,,,,Y,,A,01,0,0,1,0,0,0,0,0,0,"- ","- ",32.747470855712891,-115.92884826660156,IMPERIAL,UNINCORPORATED,-115.92884826660156,32.747428894042969