CASE_ID,ACCIDENT_YEAR,PROC_DATE,JURIS,COLLISION_DATE,COLLISION_TIME,OFFICER_ID,REPORTING_DISTRICT,DAY_OF_WEEK,CHP_SHIFT,POPULATION,CNTY_CITY_LOC,SPECIAL_COND,BEAT_TYPE,CHP_BEAT_TYPE,CITY_DIVISION_LAPD,CHP_BEAT_CLASS,BEAT_NUMBER,PRIMARY_RD,SECONDARY_RD,DISTANCE,DIRECTION,INTERSECTION,WEATHER_1,WEATHER_2,STATE_HWY_IND,CALTRANS_COUNTY,CALTRANS_DISTRICT,STATE_ROUTE,ROUTE_SUFFIX,POSTMILE_PREFIX,POSTMILE,LOCATION_TYPE,RAMP_INTERSECTION,SIDE_OF_HWY,TOW_AWAY,COLLISION_SEVERITY,NUMBER_KILLED,NUMBER_INJURED,PARTY_COUNT,PRIMARY_COLL_FACTOR,PCF_CODE_OF_VIOL,PCF_VIOL_CATEGORY,PCF_VIOLATION,PCF_VIOL_SUBSECTION,HIT_AND_RUN,TYPE_OF_COLLISION,MVIW,PED_ACTION,ROAD_SURFACE,ROAD_COND_1,ROAD_COND_2,LIGHTING,CONTROL_DEVICE,CHP_ROAD_TYPE,PEDESTRIAN_ACCIDENT,BICYCLE_ACCIDENT,MOTORCYCLE_ACCIDENT,TRUCK_ACCIDENT,NOT_PRIVATE_PROPERTY,ALCOHOL_INVOLVED,STWD_VEHTYPE_AT_FAULT,CHP_VEHTYPE_AT_FAULT,COUNT_SEVERE_INJ,COUNT_VISIBLE_INJ,COUNT_COMPLAINT_PAIN,COUNT_PED_KILLED,COUNT_PED_INJURED,COUNT_BICYCLIST_KILLED,COUNT_BICYCLIST_INJURED,COUNT_MC_KILLED,COUNT_MC_INJURED,PRIMARY_RAMP,SECONDARY_RAMP,LATITUDE,LONGITUDE,COUNTY,CITY,POINT_X,POINT_Y
91633246,2021,2021-11-23,9625,2021-11-15,0805,016248,,1,1,9,1300,0,1,3,,1,051,"SR-7 N/B FROM NINA LEE ROAD","NINA LEE ROAD",274.00,S,N,A,-,Y,,,7,,,,R,,N,Y,3,0,1,1,A,-,16,24002,A,N,F,A,A,A,H,-,A,D,0,,,,Y,Y,,F,27,0,1,0,0,0,0,0,0,0,"- ","- ",32.682521820068359,-115.38610076904297,IMPERIAL,UNINCORPORATED,-115.38610076904297,32.682521820068359
91741631,2022,2022-04-05,9625,2022-03-26,1015,020996,,6,1,9,1300,0,3,5,,2,040,"IMPERIAL HIGHWAY","IMPERIAL PLACE",12.00,S,N,A,-,N,,,,,,,,,,N,2,0,1,1,A,-,03,22350,,N,F,A,A,A,H,-,A,D,0,,,Y,,Y,,C,02,1,0,0,0,0,0,0,0,1,"- ","- ",32.747028350830078,-115.99463653564453,IMPERIAL,UNINCORPORATED,-115.99497985839844,32.747150421142578
8925283,2018,2019-08-29,1302,2018-07-06,1655,CX172,1302,5,5,4,1302,0,0,0,,0,CX4,"W COLE RD","ENTERPRISE BL",0.00,,Y,A,-,N,,,,,,,,,,N,4,0,1,2,A,-,03,22350,,N,C,C,A,A,H,-,A,A,0,,,,,Y,,A,01,0,0,1,0,0,0,0,0,0,"- ","- ",,,IMPERIAL,CALEXICO,-115.50612640380859,32.693981170654297
9339619,2021,2021-10-20,1304,2021-09-26,1922,358,,7,5,4,1304,0,0,0,,0,WEST,"IMPERIAL AV",ADAMS,0.00,,Y,A,-,Y,IMP,11,86,-,L,8.525,I,5,N,Y,4,0,3,2,A,-,12,21453,A,N,A,C,A,A,H,-,C,A,0,,,,,Y,,A,01,0,0,3,0,0,0,0,0,0,"- ","- ",,,IMPERIAL,"EL CENTRO",-115.56998443603516,32.796550750732422
91223463,2020,2020-04-09,9625,2020-04-04,2224,019035,,6,3,9,1300,0,1,3,,1,044,"SR-86 S/B","SCHARTZ ROAD",400.00,S,N,A,-,Y,,,86,,,,,,S,N,4,0,1,2,A,-,11,21956,,N,G,B,E,A,H,-,D,D,0,Y,,,,Y,,N,60,0,0,1,0,1,0,0,0,0,"- ","- ",32.940498352050781,-115.57019805908203,IMPERIAL,UNINCORPORATED,-115.57009124755859,32.940502166748047
91530649,2021,2021-07-28,9625,2021-07-16,2230,020738,,5,3,9,1300,0,1,3,,1,022,SR-111,"AVENUE A",1478.00,S,N,A,G,Y,,,111,,,,,,,Y,3,0,1,1,A,-,08,22107,,N,F,A,A,A,H,-,D,D,0,,,,,Y,Y,D,22,0,1,0,0,0,0,0,0,0,"- ","- ",33.360118865966797,-115.72886657714844,IMPERIAL,UNINCORPORATED,-115.72906494140625,33.360408782958984
91553252,2021,2021-08-24,9625,2021-03-15,1613,013727,,1,2,9,1300,0,1,3,,1,012,"STATE ROUTE 86 N/B","N. MARINA DRIVE",2030.00,N,N,F,G,Y,,,86,,,,,,N,Y,3,0,3,3,A,-,03,22350,,N,C,C,A,A,H,-,A,D,0,,,,,Y,,D,22,0,2,1,0,0,0,0,0,0,"- ","- ",33.30767822265625,-115.98531341552734,IMPERIAL,UNINCORPORATED,-115.98528289794922,33.307701110839844
91765641,2022,2022-05-20,9620,2022-04-28,1845,017837,QUECH,4,2,9,1300,0,1,3,,1,062,SR-186,"QUECHAN RESORT AND CASINO PRIVATE ENTRANCE",0.00,,Y,A,-,Y,,,186,,,,,,,Y,3,0,3,2,A,-,09,21804,A,N,D,C,A,A,H,-,A,A,0,,,,,Y,Y,D,22,0,2,1,0,0,0,0,0,0,"- ","- ",32.740619659423828,-114.72006225585938,IMPERIAL,UNINCORPORATED,-114.72006225585938,32.740619659423828
91795056,2022,2022-06-14,9625,2022-05-08,"520 ",022010,,7,3,9,1300,0,1,3,,2,053,"SR-111 (N/B)","HEBER ROAD",3168.00,S,N,A,-,Y,,,111,,,,,,,Y,1,1,2,3,A,-,05,21651,B,N,A,C,A,A,H,-,D,D,0,,,,,Y,,A,01,2,0,0,0,0,0,0,0,0,"- ","- ",32.721500396728516,-115.50012969970703,IMPERIAL,UNINCORPORATED,-115.50023651123047,32.72149658203125
92111714,2023,2023-07-07,9625,2023-07-03,1445,019668,,1,2,9,1300,0,3,5,,2,050,"MCCONNELL ROAD","RALPH ROAD",12.00,S,N,A,-,N,,,,,,,,,,Y,4,0,1,2,A,-,21,22106,,N,H,C,A,A,A,-,A,D,0,,,,Y,Y,,M,46,0,0,1,0,0,0,0,0,0,"- ","- ",32.869178771972656,-115.48381805419922,IMPERIAL,UNINCORPORATED,-115.48381805419922,32.869136810302734
8718845,2018,2018-12-11,1301,2018-08-23,1620,9A8,BRAWL,4,5,3,1301,0,0,0,,0,,"RT 111","RT 78",0.00,,Y,A,-,Y,IMP,11,78,-,-,15.499,I,5,E,Y,3,0,3,2,D,-,00,,,N,D,C,A,A,H,-,A,A,0,,,,,Y,,-,"- ",0,1,2,0,0,0,0,0,0,"- ","- ",,,IMPERIAL,BRAWLEY,-115.5013427734375,32.978641510009766
9071379,2020,2020-10-16,1304,2020-02-21,1444,359,,5,5,4,1304,0,0,0,,0,EAST,"4TH ST","BROADWAY AV",0.00,,Y,A,-,Y,IMP,11,86,-,L,7.380,I,5,S,Y,4,0,1,2,A,-,09,21801,A,N,D,C,A,A,H,-,A,A,0,,,,,Y,,A,01,0,0,1,0,0,0,0,0,0,"- ","- ",,,IMPERIAL,"EL CENTRO",-115.55252838134766,32.793880462646484
9234372,2021,2021-04-15,1304,2021-03-24,1704,358,,3,5,4,1304,0,0,0,,0,EAST,"8TH ST","PARK AV",0.00,,Y,A,-,N,,,,,,,,,,Y,3,0,1,2,A,-,09,21801,A,N,D,C,A,A,H,-,-,-,0,,,,,Y,,-,,0,1,0,0,0,0,0,0,0,"- ","- ",32.795879364013672,-115.56134033203125,IMPERIAL,"EL CENTRO",-115.56147003173828,32.795783996582031
9279270,2021,2021-06-21,1304,2021-05-09,0430,368,E1,7,5,4,1304,0,0,0,,0,EAST,HOPE,ROSS,0.00,,Y,A,-,N,,,,,,,,,,N,3,0,1,1,A,-,01,23152,A,N,A,I,A,A,H,-,C,A,0,,,,,Y,Y,A,01,0,1,0,0,0,0,0,0,0,"- ","- ",,,IMPERIAL,"EL CENTRO",-115.53958892822266,32.781490325927734
9489140,2022,2022-08-25,1304,2022-07-28,1251,363,EPTRL,4,5,4,1304,0,0,0,,0,EAST,ADAMS,"6TH ST",244.00,W,N,A,-,N,,,,,,,,,,Y,3,0,1,2,A,-,08,22107,,F,B,E,A,A,H,-,A,A,0,,,,,Y,Y,-,"- ",0,1,0,0,0,0,0,0,0,"- ","- ",,,IMPERIAL,"EL CENTRO",-115.55786895751953,32.796539306640625
91386801,2021,2021-01-13,9625,2021-01-12,0835,016248,,2,1,9,1300,0,1,3,,1,051,"SR-7 N/B","HEBER ROAD",0.00,,Y,A,-,Y,,,7,,,,,,N,N,4,0,1,2,A,-,09,21802,A,N,D,C,A,A,H,-,A,A,0,,,,Y,Y,,F,27,0,0,1,0,0,0,0,0,0,"- ","- ",32.730861663818359,-115.38198852539062,IMPERIAL,UNINCORPORATED,-115.38204956054688,32.730857849121094
91520797,2021,2021-07-15,9625,2021-06-30,2257,020111,,3,3,9,1300,0,1,3,,2,043,"MCCABE ROAD",SR-86,0.00,,Y,A,-,Y,,,,,,,,,,Y,3,0,2,2,A,-,17,21451,A,N,D,C,A,A,H,-,C,A,0,,,,,Y,,A,01,0,2,0,0,0,0,0,0,0,"- ","- ",32.752330780029297,-115.55181121826172,IMPERIAL,UNINCORPORATED,-115.55182647705078,32.752368927001953
91766364,2022,2022-05-06,9625,2022-04-30,2205,020996,,6,3,9,1300,0,1,3,,1,012,"SR-86 (S/B)","NORTH MARINA DRIVE",0.00,,Y,A,-,Y,,,,,,,,,,Y,2,0,8,2,A,-,12,22450,A,N,D,C,A,A,H,-,D,A,0,,,,,Y,,A,01,2,3,3,0,0,0,0,0,0,"- ","- ",33.302841186523438,-115.92803955078125,IMPERIAL,UNINCORPORATED,-115.98171997070312,33.302890777587891
8564341,2018,2018-03-12,1304,2018-02-17,0558,361,E1,6,5,4,1304,0,0,0,,0,EAST,"300 WEST ORANGE","WEST ORANGE",0.00,,Y,A,-,N,,,,,,,,,,N,3,0,1,2,A,-,08,22107,,F,C,G,A,A,H,-,C,A,0,,Y,,,Y,,-,,0,1,0,0,0,0,1,0,0,"- ","- ",32.788700103759766,-115.55110168457031,IMPERIAL,"EL CENTRO",-115.55109299999999,32.788763000000003
8991845,2019,2020-01-09,1304,2019-10-31,1237,361,ELCE,4,5,4,1304,0,0,0,,0,WEST,IMPERIAL,EUCLID,45.00,S,N,A,-,N,,,,,,,,,,Y,4,0,1,4,A,-,03,22350,,N,C,C,A,A,H,-,A,A,0,,,,,Y,,D,22,0,0,1,0,0,0,0,0,0,"- ","- ",,,IMPERIAL,"EL CENTRO",-115.56997680664062,32.798252105712891
9509123,2022,2022-12-15,1304,2022-11-04,1337,358,,5,5,4,1304,0,0,0,,0,EAST,DOGWOOD,MACY,0.00,,Y,A,-,N,,,,,,,,,,Y,4,0,4,2,A,-,12,21453,A,N,D,C,A,A,H,-,A,A,0,,,,,Y,,A,01,0,0,4,0,0,0,0,0,0,"- ","- ",,,IMPERIAL,"EL CENTRO",,
90761291,2018,2018-07-02,9625,2018-06-22,0730,018279,,5,1,9,1300,0,1,1,,2,003,"I-8 E/B","IMPERIAL HIGHWAY",3168.00,E,N,A,-,Y,,,8,,,,,,E,Y,3,0,1,1,A,-,08,22107,,N,F,A,A,A,H,-,A,D,0,,,,,Y,,D,22,0,1,0,0,0,0,0,0,0,"- ","- ",32.737281799316406,-115.98049926757812,IMPERIAL,UNINCORPORATED,-115.98048400878906,32.737205505371094
90950205,2019,2019-03-20,9625,2019-03-08,0644,013627,,5,1,9,1300,0,1,3,,2,056,SR-115,"NORRISH ROAD",6.00,N,N,B,-,Y,,,115,,,,,,,Y,2,0,1,2,A,-,05,21752,D,N,F,C,A,A,H,-,B,D,0,,,Y,Y,Y,,C,02,1,0,0,0,0,0,0,0,1,"- ","- ",32.832920074462891,-115.4061279296875,IMPERIAL,UNINCORPORATED,-115.40616607666016,32.832920074462891
91466511,2021,2021-05-05,9625,2021-03-25,0105,019225,,4,3,9,1300,0,1,3,,2,052,SR-98,"VENCILL ROAD",2175.00,E,N,A,-,Y,,,98,,,,,,,Y,1,1,0,2,A,-,03,22350,,N,C,C,A,A,H,-,D,D,0,,,,,Y,,A,01,0,0,0,0,0,0,0,0,0,"- ","- ",32.693740844726562,-115.34750366210938,IMPERIAL,UNINCORPORATED,-115.34749603271484,32.693805694580078
91859270,2022,2022-09-07,9625,2022-08-25,1415,018792,,4,2,9,1300,0,3,5,,2,010,"WIEMAN ROAD","MONTE ROAD",0.00,,Y,A,-,N,,,,,,,,,,Y,3,0,2,2,A,-,05,21752,D,N,D,C,A,A,H,-,A,D,0,,,,,Y,,A,01,0,2,0,0,0,0,0,0,0,"- ","- ",32.999160766601562,-115.65873718261719,IMPERIAL,UNINCORPORATED,-115.65876007080078,32.999202728271484
92037075,2023,2023-04-04,9625,2023-03-23,1610,019225,,4,2,9,1300,0,3,5,,2,050,"BOWKER ROAD","MCCABE ROAD",0.00,,Y,A,-,N,,,,,,,,,,Y,4,0,1,2,A,-,12,22450,A,N,D,C,A,A,H,-,A,A,0,,,,,Y,,D,22,0,0,1,0,0,0,0,0,0,"- ","- ",32.752090454101562,-115.46498870849609,IMPERIAL,UNINCORPORATED,-115.46501922607422,32.752105712890625
8896666,2019,2020-01-21,1304,2019-07-11,1607,354,,4,5,4,1304,0,0,0,,0,,4TH,ROSS,0.00,,Y,A,-,Y,IMP,11,86,-,-,6.525,I,5,S,N,3,0,1,2,A,-,03,22350,,N,C,C,A,A,H,-,A,A,0,,,,,Y,,A,07,0,1,0,0,0,0,0,0,0,"- ","- ",,,IMPERIAL,"EL CENTRO",-115.55242156982422,32.781448364257812
8961369,2019,2019-11-04,1304,2019-09-11,0607,369,EWEST,3,5,4,1304,0,0,0,,0,WEST,BRADSHAW,"BRADSHAW 1500",0.00,,Y,A,-,N,,,,,,,,,,N,4,0,1,2,A,-,09,21804,A,N,D,C,A,A,H,-,A,D,0,,,,,Y,,A,07,0,0,1,0,0,0,0,0,0,"- ","- ",32.811000823974609,-115.57144165039062,IMPERIAL,"EL CENTRO",-115.57085600000001,32.811072000000003
90641567,2018,2018-01-17,9625,2018-01-07,0505,013627,,7,3,9,1300,0,1,3,,2,052,"STATE ROUTE 98","BONDS CORNER ROAD",4488.00,E,N,B,-,Y,,,98,,,,,,,Y,3,0,1,1,A,-,08,22107,,N,F,A,A,A,H,-,D,D,0,,,,,Y,,D,22,0,1,0,0,0,0,0,0,0,"- ","- ",32.693828582763672,-115.32235717773438,IMPERIAL,UNINCORPORATED,-115.32236480712891,32.693889617919922
90818112,2018,2018-09-20,9625,2018-09-11,1150,017727,,2,1,9,1300,0,1,3,,2,024,SR-78,"GECKO PARK ROAD",12672.00,W,N,A,-,Y,,,78,,,,,,,Y,3,0,1,1,A,-,08,22107,,N,F,A,A,A,H,-,A,D,0,,,,,Y,,A,07,0,1,0,0,0,0,0,0,0,"- ","- ",32.970699310302734,-115.21369934082031,IMPERIAL,UNINCORPORATED,-115.21369934082031,32.970478057861328
90828409,2018,2018-10-04,9625,2018-09-25,0655,017432,,2,1,9,1300,0,3,5,,2,020,"SCHARTZ ROAD","DOGWOOD ROAD",3062.00,E,N,A,-,N,,,,,,,,,,Y,4,0,1,1,A,-,08,22107,,N,F,A,A,A,H,-,A,D,0,,,,,Y,,A,07,0,0,1,0,0,0,0,0,0,"- ","- ",32.941780090332031,-115.52561950683594,IMPERIAL,UNINCORPORATED,-115.52561187744141,32.941780090332031
90889500,2018,2018-12-24,9625,2018-12-18,1540,020516,,2,2,9,1300,0,1,3,,2,053,"N/B SR111","HEBER ROAD",3920.00,N,N,A,-,Y,,,,,,,,,,Y,4,0,1,2,A,-,03,22350,,N,C,C,A,A,H,-,A,D,0,,,,,Y,,A,01,0,0,1,0,0,0,0,0,0,"- ","- ",32.741390228271484,-115.50054168701172,IMPERIAL,UNINCORPORATED,,
90952326,2019,2019-03-25,9625,2019-03-15,0850,016248,,5,1,9,1300,0,3,5,,2,040,"DREW ROAD","GRAHAM ROAD",937.00,S,N,A,-,N,,,,,,,,,,Y,2,0,1,1,A,-,08,22107,,N,F,A,A,A,H,-,A,D,0,,,,,Y,,D,22,1,0,0,0,0,0,0,0,0,"- ","- ",32.735748291015625,-115.68953704833984,IMPERIAL,UNINCORPORATED,-115.68990325927734,32.735485076904297
91041028,2019,2019-07-29,9625,2019-07-22,0612,018464,,1,1,9,1300,0,3,5,,2,050,"MELOLAND ROAD","CHICK ROAD",710.00,S,N,A,-,N,,,,,,,,,,N,4,0,1,2,A,-,08,22107,,N,B,C,A,A,H,-,A,D,0,,,,,Y,,M,46,0,0,1,0,0,0,0,0,0,"- ","- ",32.765140533447266,-115.44802093505859,IMPERIAL,UNINCORPORATED,-115.44804382324219,32.765190124511719
91394656,2021,2021-01-26,9625,2021-01-20,1246,017075,,3,1,9,1300,0,3,5,,2,050,"ATEN ROAD","COOLEY ROAD",1056.00,W,N,C,-,N,,,,,,,,,,Y,4,0,1,1,A,-,03,22350,,N,E,I,A,B,H,-,A,D,0,,,,,Y,,A,01,0,0,1,0,0,0,0,0,0,"- ","- ",32.825580596923828,-115.52394104003906,IMPERIAL,UNINCORPORATED,-115.52195739746094,32.825534820556641
91458081,2021,2021-04-26,9625,2021-04-18,1500,020111,,7,2,9,1300,0,1,3,,1,054,"SR-111 S/B","ROSS ROAD",86.00,N,N,A,-,Y,,,111,,,,,,S,Y,3,0,3,3,A,-,03,22350,,N,C,C,A,A,H,-,A,A,0,,,,,Y,,D,22,0,3,0,0,0,0,0,0,0,"- ","- ",32.781608581542969,-115.50154113769531,IMPERIAL,UNINCORPORATED,-115.50151062011719,32.781612396240234
91596204,2021,2021-10-14,9625,2021-10-03,1538,021232,,7,2,9,1300,0,3,5,,2,020,"WEIST ROAD","NOFFSINGER ROAD",210.00,N,N,A,-,N,,,,,,,,,,Y,2,0,1,2,A,-,02,22526,C,N,H,F,A,A,H,-,A,A,0,,,,,Y,,A,01,1,0,0,0,0,0,0,0,0,"- ","- ",33.216148376464844,-115.45249176025391,IMPERIAL,UNINCORPORATED,-115.45288848876953,33.216648101806641
8924063,2018,2019-09-13,1302,2018-05-09,0729,565,1302,3,5,4,1302,0,0,0,,0,002,"RT 98","ENCINAS AV",0.00,,Y,A,-,Y,IMP,11,98,-,-,32.920,I,5,W,Y,4,0,1,3,A,-,12,21453,A,N,C,C,A,A,H,-,A,A,0,,,,,Y,,A,01,0,0,1,0,0,0,0,0,0,"- ","- ",,,IMPERIAL,CALEXICO,-115.48831176757812,32.679271697998047
9125465,2020,2020-09-17,1304,2020-07-04,1900,344,EEAST,6,5,4,1304,0,0,0,,0,EAST,HOLT,"SECOND ST",145.00,E,N,A,-,N,,,,,,,,,,N,3,0,3,4,A,-,03,22350,,N,B,B,E,A,H,-,A,D,0,Y,,,,Y,,-,,0,2,1,0,3,0,0,0,0,"- ","- ",,,IMPERIAL,"EL CENTRO",-115.54566955566406,32.787750244140625
9161479,2020,2021-01-16,1304,2020-09-02,0428,325,ELCE,3,5,4,1304,0,0,0,,0,EAST,"S 6TH ST",BRIGHTON,0.00,,Y,A,-,N,,,,,,,,,,Y,3,0,1,4,A,-,08,22107,,N,C,E,A,A,H,-,C,D,0,,,,,Y,Y,-,,0,1,0,0,0,0,0,0,0,"- ","- ",,,IMPERIAL,"EL CENTRO",-115.55693817138672,32.789760589599609
9303753,2021,2021-08-20,1301,2021-05-04,1640,9A6,,2,5,3,1301,0,0,0,,0,002,MALAN,GRAPEFRUIT,19.00,W,N,A,-,N,,,,,,,,,,N,4,0,1,2,A,-,03,22350,,N,C,C,A,A,H,-,A,D,0,,,,,Y,,A,01,0,0,1,0,0,0,0,0,0,"- ","- ",,,IMPERIAL,BRAWLEY,-115.53408813476562,32.970771789550781
90682146,2018,2018-03-14,9625,2018-03-03,1335,019886,,6,1,9,1300,0,1,3,,1,051,"STATE ROUTE 7 NORTHBOUND","HEBER ROAD",0.00,,Y,A,G,Y,,,7,,,,,,N,Y,4,0,1,2,A,-,09,21802,A,N,D,C,A,A,H,-,A,A,0,,,,,Y,,A,01,0,0,1,0,0,0,0,0,0,"- ","- ",32.730880737304688,-115.38198852539062,IMPERIAL,UNINCORPORATED,-115.38204956054688,32.730876922607422
90946072,2019,2019-03-14,9625,2019-03-04,0754,013627,,1,1,9,1300,0,3,5,,2,050,"OLD HIGHWAY 111","IVC NORTH PARKING LOT ENTRANCE",0.00,,Y,B,-,N,,,,,,,,,,Y,2,0,2,2,A,-,09,21802,A,N,D,C,A,A,H,-,A,A,0,,,,,Y,,A,01,1,1,0,0,0,0,0,0,0,"- ","- ",32.831409454345703,-115.50126647949219,IMPERIAL,UNINCORPORATED,,
91753515,2022,2022-04-21,9625,2022-03-07,1018,017727,,1,1,9,1300,0,1,3,,1,022,SR-111,"SARGO DR.",5423.00,S,N,A,-,Y,,,111,,,,,,,Y,1,2,0,1,A,-,08,22107,,N,F,A,A,A,H,-,A,D,0,,,,,Y,,D,22,0,0,0,0,0,0,0,0,0,"- ","- ",33.410800933837891,-115.81620025634766,IMPERIAL,UNINCORPORATED,-115.81618499755859,33.410820007324219
92087365,2023,2023-06-06,9625,2023-05-27,1805,019225,,6,2,9,1300,0,1,3,,1,054,"SR-111 (SOUTHBOUND)","ROSS ROAD",2610.00,N,N,A,-,Y,,,111,,,,,,,Y,3,0,1,1,A,-,08,22107,,N,F,A,A,A,H,-,A,D,0,,,,,Y,,A,01,0,1,0,0,0,0,0,0,0,"- ","- ",32.788978576660156,-115.50079345703125,IMPERIAL,UNINCORPORATED,-115.50071716308594,32.788978576660156
92207666,2023,2023-10-24,9625,2023-10-17,1730,020111,,2,2,9,1300,1,3,5,,2,010,"BORREGO SALTON SEA WAY","ALTADENA AVE",0.00,,Y,A,-,N,,,,,,,,,,Y,3,0,2,2,A,-,09,21801,A,N,D,C,A,A,H,-,B,D,0,,,,,Y,,A,01,0,2,0,0,0,0,0,0,0,"- ","- ",33.27362060546875,-115.97557830810547,IMPERIAL,UNINCORPORATED,-115.97557830810547,33.273628234863281
91331577,2020,2020-10-26,9625,2020-09-06,1340,018368,,7,1,9,1300,0,1,1,,2,004,"I-8 W/B","FORRESTER ROAD",2537.00,E,N,A,-,Y,,,8,,,,,,W,Y,1,2,2,2,A,-,08,22107,,N,A,C,A,A,H,-,A,D,0,,,,,Y,,A,01,2,0,0,0,0,0,0,0,0,"- ","- ",32.773990631103516,-115.61228942871094,IMPERIAL,UNINCORPORATED,-115.61228942871094,32.774036407470703
91388971,2021,2021-01-18,9625,2021-01-16,0945,016248,,6,1,9,1300,0,1,3,,2,053,"SR-111 S/B","JASPER ROAD",2218.00,N,N,A,-,Y,,,111,,,,,,S,N,4,0,1,2,A,-,03,22350,,N,C,C,A,A,H,-,A,D,0,,,,,Y,,D,22,0,0,1,0,0,0,0,0,0,"- ","- ",32.714809417724609,-115.49970245361328,IMPERIAL,UNINCORPORATED,-115.49947357177734,32.714813232421875
91414468,2021,2021-02-24,9625,2021-02-21,1655,019668,,7,2,9,1300,0,3,5,,2,020,"BRANDT ROAD","EDDINS ROAD",0.00,,Y,A,-,N,,,,,,,,,,Y,4,0,2,2,A,-,12,22450,A,N,D,C,A,A,H,-,A,A,0,,,,,Y,,A,07,0,0,2,0,0,0,0,0,0,"- ","- ",33.125740051269531,-115.56260681152344,IMPERIAL,UNINCORPORATED,-115.56259155273438,33.125751495361328
91552699,2021,2021-08-24,9625,2021-08-17,1920,018792,,2,2,9,1300,0,1,3,,1,054,"SR-111 S/B","EVAN HEWES HIGHWAY",206.00,N,N,A,-,Y,,,111,,,,,,S,Y,3,0,3,2,A,-,03,22350,,N,C,C,A,A,H,-,B,A,0,,,,,Y,,A,01,0,2,1,0,0,0,0,0,0,"- ","- ",32.800319671630859,-115.50067138671875,IMPERIAL,UNINCORPORATED,-115.50054931640625,32.800315856933594
91559520,2021,2021-08-31,9625,2021-08-25,1950,019668,,3,2,9,1300,0,2,4,,2,057,"EVAN HEWES HIGHWAY W/B","MELOLAND ROAD",1220.00,E,N,A,-,N,,,,,,,,,,Y,3,0,1,2,A,-,03,22350,,F,C,C,A,A,H,-,D,D,0,,,,,Y,,A,01,0,1,0,0,0,0,0,0,0,"- ","- ",32.803421020507812,-115.44412231445312,IMPERIAL,UNINCORPORATED,-115.44404602050781,32.803321838378906
91740244,2022,2022-04-04,9625,2022-03-25,2240,019667,,5,3,9,1300,0,1,1,,2,006,"INTERSTATE 8 W/B",SR-98,31574.00,W,N,A,-,Y,,,8,,,,,,W,N,4,0,2,2,A,-,08,22107,,N,B,C,A,A,H,-,D,D,0,,,,,Y,,A,01,0,0,2,0,0,0,0,0,0,"- ","- ",32.741119384765625,-115.18556213378906,IMPERIAL,UNINCORPORATED,-115.18556976318359,32.741081237792969
8861364,2019,2019-06-06,1304,2019-05-03,1539,327,EWEST,5,5,4,1304,0,0,0,,0,WEST,"1000 W. STATE","12TH ST",124.00,E,-,A,-,N,,,,,,,,,,Y,3,0,3,2,A,-,03,22350,,N,C,C,A,A,H,-,A,D,0,,,,,Y,,A,01,0,1,2,0,0,0,0,0,0,"- ","- ",,,IMPERIAL,"EL CENTRO",-115.56511688232422,32.791744232177734
8921284,2018,2019-09-10,1302,2018-12-07,0759,564,1302,5,5,4,1302,0,0,0,,0,002,"ROCKWOOD AV","7TH ST",0.00,,Y,A,-,N,,,,,,,,,,N,4,0,1,2,A,-,11,21950,B,N,G,B,B,B,H,-,A,A,0,Y,,,,Y,,N,60,0,0,1,0,1,0,0,0,0,"- ","- ",,,IMPERIAL,CALEXICO,-115.49629211425781,32.671920776367188
8934729,2018,2019-09-10,1302,2018-04-19,0801,561,1302,4,5,4,1302,0,0,0,,0,003,"VEHICLE INSPECTION LANE #4","1ST ST",200.00,E,N,A,-,N,,,,,,,,,,N,3,0,1,2,A,-,08,22107,,N,B,C,A,A,H,-,A,D,0,,,Y,,Y,,C,02,0,1,0,0,0,0,0,0,1,"- ","- ",,,IMPERIAL,CALEXICO,,
9440499,2022,2022-05-05,1304,2022-04-18,1450,368,E1,1,5,4,1304,0,0,0,,0,WEST,8TH,HEIL,0.00,,Y,A,-,N,,,,,,,,,,Y,3,0,1,2,A,-,09,21802,A,N,-,C,A,A,H,-,A,A,0,,,,,Y,,-,,0,1,0,0,0,0,0,0,0,"- ","- ",,,IMPERIAL,"EL CENTRO",-115.56134796142578,32.786800384521484
9571285,2023,2023-04-29,1304,2023-03-26,2134,325,ELCE,7,5,4,1304,0,0,0,,0,EAST,"8TH ST","ADAMS AV",0.00,,Y,A,-,N,,,,,,,,,,Y,3,0,1,2,A,-,12,21453,A,N,D,C,A,A,H,-,C,A,0,,,,,Y,,-,,0,1,0,0,0,0,0,0,0,"- ","- ",,,IMPERIAL,"EL CENTRO",-115.56147766113281,32.796550750732422
9616211,2023,2023-10-19,1301,2023-08-20,"128 ",913,BRAWL,7,5,3,1301,0,0,0,,0,003,"N 13TH ST","D ST",540.00,N,N,C,-,N,,,,,,,,,,Y,3,0,1,3,A,-,00,27107,,N,A,E,A,B,H,-,C,A,0,,,,,Y,,A,07,0,1,0,0,0,0,0,0,0,"- ","- ",32.982311248779297,-115.52047729492188,IMPERIAL,BRAWLEY,-115.52043914794922,32.982330322265625
91308177,2020,2020-09-21,9625,2020-09-19,1230,018368,,6,1,9,1300,0,3,5,,2,040,"CLARK ROAD","HEBER ROAD",1700.00,N,N,A,-,N,,,,,,,,,,Y,4,0,1,1,A,-,08,22107,,N,E,I,A,A,H,-,A,D,0,,,,,Y,,A,01,0,0,1,0,0,0,0,0,0,"- ","- ",32.735141754150391,-115.56038665771484,IMPERIAL,UNINCORPORATED,-115.56031799316406,32.730640411376953