CASE_ID,ACCIDENT_YEAR,PROC_DATE,JURIS,COLLISION_DATE,COLLISION_TIME,OFFICER_ID,REPORTING_DISTRICT,DAY_OF_WEEK,CHP_SHIFT,POPULATION,CNTY_CITY_LOC,SPECIAL_COND,BEAT_TYPE,CHP_BEAT_TYPE,CITY_DIVISION_LAPD,CHP_BEAT_CLASS,BEAT_NUMBER,PRIMARY_RD,SECONDARY_RD,DISTANCE,DIRECTION,INTERSECTION,WEATHER_1,WEATHER_2,STATE_HWY_IND,CALTRANS_COUNTY,CALTRANS_DISTRICT,STATE_ROUTE,ROUTE_SUFFIX,POSTMILE_PREFIX,POSTMILE,LOCATION_TYPE,RAMP_INTERSECTION,SIDE_OF_HWY,TOW_AWAY,COLLISION_SEVERITY,NUMBER_KILLED,NUMBER_INJURED,PARTY_COUNT,PRIMARY_COLL_FACTOR,PCF_CODE_OF_VIOL,PCF_VIOL_CATEGORY,PCF_VIOLATION,PCF_VIOL_SUBSECTION,HIT_AND_RUN,TYPE_OF_COLLISION,MVIW,PED_ACTION,ROAD_SURFACE,ROAD_COND_1,ROAD_COND_2,LIGHTING,CONTROL_DEVICE,CHP_ROAD_TYPE,PEDESTRIAN_ACCIDENT,BICYCLE_ACCIDENT,MOTORCYCLE_ACCIDENT,TRUCK_ACCIDENT,NOT_PRIVATE_PROPERTY,ALCOHOL_INVOLVED,STWD_VEHTYPE_AT_FAULT,CHP_VEHTYPE_AT_FAULT,COUNT_SEVERE_INJ,COUNT_VISIBLE_INJ,COUNT_COMPLAINT_PAIN,COUNT_PED_KILLED,COUNT_PED_INJURED,COUNT_BICYCLIST_KILLED,COUNT_BICYCLIST_INJURED,COUNT_MC_KILLED,COUNT_MC_INJURED,PRIMARY_RAMP,SECONDARY_RAMP,LATITUDE,LONGITUDE,COUNTY,CITY,POINT_X,POINT_Y
91418078,2021,2021-03-01,9625,2021-02-24,1232,018468,,3,1,9,1300,0,1,3,,2,055,"STATE ROUTE 115","EVAN HEWES HIGHWAY",118.00,N,N,A,-,Y,,,115,,,,,,,N,4,0,1,1,A,-,03,22350,,N,E,I,A,A,H,-,A,D,0,,,,,Y,,A,08,0,0,1,0,0,0,0,0,0,"- ","- ",32.775688171386719,-115.28601837158203,IMPERIAL,UNINCORPORATED,-115.28608703613281,32.775638580322266
91648190,2021,2021-12-09,9625,2021-12-03,1525,019668,,5,2,9,1300,0,1,3,,2,053,"SR-111 S/B","CHICK ROAD",2008.00,S,N,A,-,Y,,,111,,,,,,S,Y,3,0,1,2,A,-,03,22350,,N,C,C,A,A,H,-,A,D,0,,,,,Y,,A,01,0,1,0,0,0,0,0,0,0,"- ","- ",32.761310577392578,-115.50093841552734,IMPERIAL,UNINCORPORATED,-115.50087738037109,32.761310577392578
91870008,2022,2022-09-21,9625,2022-09-09,1315,019667,,5,1,9,1300,0,1,1,,2,002,"INTERSTATE 8 (W/B)","MOUNTAIN SPRINGS ROAD",5200.00,W,N,B,C,Y,,,8,,,,,,,N,3,0,2,1,C,-,18,,,N,H,C,A,B,H,-,A,D,0,,,,,Y,,-,"- ",0,2,0,0,0,0,0,0,0,"- ","- ",32.689979553222656,-116.09085083007812,IMPERIAL,UNINCORPORATED,-116.09085083007812,32.689979553222656
91959913,2022,2023-01-04,9625,2022-12-23,2200,020996,,5,3,9,1300,0,1,3,,2,023,SR-115,"TITSWORTH ROAD",220.00,S,N,A,-,Y,,,115,,,,,,,Y,3,0,1,1,A,-,08,22107,,N,E,I,A,A,H,-,D,D,0,,,,,Y,,A,01,0,1,0,0,0,0,0,0,0,"- ","- ",33.074108123779297,-115.44893646240234,IMPERIAL,UNINCORPORATED,-115.44889831542969,33.074123382568359
92009083,2023,2023-03-03,9625,2023-02-20,1213,018978,,1,1,9,1300,0,3,5,,2,020,"EDDINS ROAD","ENGLISH ROAD",1680.00,W,N,A,-,N,,,,,,,,,,Y,3,0,1,1,A,-,08,22107,,N,E,J,A,A,H,-,A,D,0,,,,,Y,,A,01,0,1,0,0,0,0,0,0,0,"- ","- ",33.125808715820312,-115.55081176757812,IMPERIAL,UNINCORPORATED,-115.55043792724609,33.125743865966797
90768197,2018,2018-07-12,9625,2018-06-29,0600,017055,,5,1,9,1300,0,1,3,,2,052,SR-98,"HIGHLINE CANAL",2112.00,W,N,A,-,Y,,,98,,,,,,,Y,3,0,1,1,A,-,08,22107,,N,F,A,A,A,H,-,A,D,0,,,,,Y,,A,07,0,1,0,0,0,0,0,0,0,"- ","- ",32.694679260253906,-115.28933715820312,IMPERIAL,UNINCORPORATED,-115.28933715820312,32.694664001464844
90819708,2018,2018-09-24,9625,2018-09-17,1827,018792,,1,2,9,1300,0,3,5,,2,040,"HEBER ROAD","CLARK ROAD",0.00,,Y,A,-,N,,,,,,,,,,N,3,0,2,3,A,-,09,21802,A,N,D,C,A,A,H,-,B,A,0,,,,,Y,,A,07,0,1,1,0,0,0,0,0,0,"- ","- ",32.73065185546875,-115.56021881103516,IMPERIAL,UNINCORPORATED,-115.56031799316406,32.730640411376953
90901451,2018,2019-01-10,9625,2018-12-31,1628,018792,,1,2,9,1300,0,1,1,,2,005,"I-8 E/B","RT 7",102.00,W,N,A,-,Y,,,8,,,,,,E,Y,3,0,1,2,A,-,03,22350,,N,F,A,A,A,H,-,B,A,0,,,,Y,Y,,G,25,0,1,0,0,0,0,0,0,0,"- ","- ",32.773139953613281,-115.38411712646484,IMPERIAL,UNINCORPORATED,-115.38411712646484,32.773189544677734
91078913,2019,2019-09-19,9625,2019-09-10,1540,018773,,2,2,9,1300,0,3,5,,2,040,"CLARK ROAD","MCCABE ROAD",0.00,,Y,A,-,N,,,,,,,,,,Y,4,0,1,2,A,-,09,21802,A,N,D,C,A,A,H,-,A,A,0,,,,,Y,,A,01,0,0,1,0,0,0,0,0,0,"- ","- ",32.752391815185547,-115.56046295166016,IMPERIAL,UNINCORPORATED,-115.56049346923828,32.75244140625
91157265,2019,2020-01-02,9625,2019-12-20,0300,020111,,5,3,9,1300,0,3,5,,2,040,"CLARK ROAD","CRUICKSHANK DRIVE",1685.00,N,N,A,-,N,,,,,,,,,,Y,3,0,1,1,A,-,08,22107,,M,F,A,A,A,H,-,E,D,0,,,,,Y,,A,01,0,1,0,0,0,0,0,0,0,"- ","- ",32.818851470947266,-115.56153106689453,IMPERIAL,UNINCORPORATED,-115.56151580810547,32.818851470947266
91186176,2020,2020-02-13,9625,2020-02-06,1855,017809,,4,2,9,1300,0,3,5,,2,020,"KERSHAW ROAD","YOCUM ROAD",0.00,,Y,A,-,N,,,,,,,,,,Y,4,0,1,1,A,-,03,22350,,N,E,I,A,A,H,-,D,A,0,,,,,Y,,A,01,0,0,1,0,0,0,0,0,0,"- ","- ",33.111198425292969,-115.50853729248047,IMPERIAL,UNINCORPORATED,-115.50849914550781,33.111198425292969
8167151,2018,2018-06-01,1301,2018-01-17,1924,906,BRAWL,3,5,3,1301,0,0,0,,0,002,"RT 86","LAS FLORES",21.00,N,N,A,-,Y,,,,,,,,,,N,1,1,0,2,A,-,11,21954,A,N,G,B,D,A,H,-,C,D,0,Y,,,,Y,Y,N,60,0,0,0,1,0,0,0,0,0,"- ","- ",,,IMPERIAL,BRAWLEY,,
8590752,2018,2018-07-30,1304,2018-03-15,1739,335,EAST,4,5,4,1304,0,0,0,,0,EAST,ADAMS,5TH,0.00,,Y,A,-,Y,IMP,11,86,-,L,7.640,I,5,S,Y,4,0,2,3,A,-,09,21802,A,N,D,C,A,A,H,-,A,A,0,,,,,Y,,D,22,0,0,2,0,0,0,0,0,0,"- ","- ",,,IMPERIAL,"EL CENTRO",-115.55495452880859,32.796554565429688
8934757,2018,2019-09-10,1302,2018-12-03,1709,561,1302,1,5,4,1302,0,0,0,,0,CX2,"ROCKWOOD AV","ROCKWOOD AV 900",0.00,,Y,A,-,N,,,,,,,,,,Y,4,0,1,2,A,-,03,22350,,N,C,C,A,A,H,-,C,D,0,,,,,Y,,A,01,0,0,1,0,0,0,0,0,0,"- ","- ",,,IMPERIAL,CALEXICO,-115.496298,32.675020000000004
9414176,2021,2022-03-16,1301,2021-12-11,1924,910,BRAWL,6,5,3,1301,0,0,0,,0,0B2,"RT 78","HOVLEY RD",0.00,E,-,A,-,Y,IMP,11,78,-,R,12.150,H,-,E,Y,4,0,1,1,A,-,08,22107,,N,E,I,A,A,H,-,D,D,0,,,,,Y,,A,01,0,0,1,0,0,0,0,0,0,"- ","- ",33.002708435058594,-115.53890228271484,IMPERIAL,BRAWLEY,-115.53881072998047,33.002780914306641
9432711,2022,2022-08-29,1301,2022-07-27,"511 ",914,BRAWL,3,5,3,1301,0,0,0,,0,002,"RT 86","WILDCAT DR",0.00,,Y,A,-,Y,IMP,11,86,-,-,19.460,H,-,N,Y,4,0,1,2,A,-,04,21703,,N,C,C,A,A,H,-,B,A,0,,,,,Y,,A,01,0,0,1,0,0,0,0,0,0,"- ","- ",,,IMPERIAL,BRAWLEY,-115.54854583740234,32.963478088378906
9664742,2023,2024-03-04,1304,2023-12-22,1649,343,ELCE,5,5,4,1304,0,0,0,,0,WEST,"8TH ST","EL CENTRO",0.00,,Y,A,-,N,,,,,,,,,,N,4,0,1,2,A,-,09,21804,A,N,D,G,A,A,H,-,B,D,0,,Y,,,Y,,L,04,0,0,1,0,0,0,1,0,0,"- ","- ",32.797351837158203,-115.56150054931641,IMPERIAL,"EL CENTRO",-115.56147003173828,32.797458648681641
91685537,2022,2022-01-26,9625,2022-01-21,"923 ",018468,,5,1,9,1300,0,1,3,,1,011,"SR-86 S/B","STATE ROUTE 78",0.00,,Y,A,-,Y,,,,,,,,,,Y,3,0,2,2,A,-,09,21801,A,N,D,C,A,A,H,-,A,B,0,,,,,Y,,A,01,0,2,0,0,0,0,0,0,0,"- ","- ",,,IMPERIAL,UNINCORPORATED,-115.61533355712891,33.037055969238281
91753496,2022,2022-04-21,9625,2022-04-11,1415,020125,,1,2,9,1300,0,2,4,,2,046,"DOGWOOD RD","HARRIS ROAD",0.00,,Y,A,-,N,,,,,,,,,,Y,3,0,3,2,A,-,03,22350,,N,C,C,A,A,H,-,A,D,0,,,,,Y,,A,07,0,2,1,0,0,0,0,0,0,"- ","- ",32.883659362792969,-115.53550720214844,IMPERIAL,UNINCORPORATED,-115.53549957275391,32.883651733398438
91778896,2022,2022-05-24,9625,2022-05-15,1132,018773,,7,1,9,1300,0,3,5,,2,050,"BARBARA WORTH ROAD","MCCABE ROAD",0.00,,Y,A,-,N,,,,,,,,,,Y,3,0,1,2,A,-,12,22450,A,N,D,C,A,A,H,-,A,A,0,,,,,Y,,A,01,0,1,0,0,0,0,0,0,0,"- ","- ",32.751949310302734,-115.43077087402344,IMPERIAL,UNINCORPORATED,-115.43074035644531,32.751937866210938
91050058,2019,2019-08-12,9625,2019-08-06,0105,020111,,2,3,9,1300,0,1,3,,1,054,"SR-111 S/B","HARRIS ROAD",6019.00,N,N,A,-,Y,,,111,,,,,,S,Y,4,0,1,2,A,-,01,23152,A,N,C,I,A,A,H,-,D,D,0,,,,,Y,Y,A,01,0,0,1,0,0,0,0,0,0,"- ","- ",32.895111083984375,-115.50949859619141,IMPERIAL,UNINCORPORATED,-115.50914001464844,32.895111083984375
91067167,2019,2019-09-04,9625,2019-08-25,1300,017727,,7,1,9,1300,0,1,3,,1,011,"SR-86 (N/B)",SR-78,2275.00,S,N,A,-,Y,,,86,,,,,,,N,4,0,2,2,A,-,03,22350,,N,C,C,A,A,H,-,A,D,0,,,,,Y,,D,22,0,0,2,0,0,0,0,0,0,"- ","- ",33.120201110839844,-115.85160064697266,IMPERIAL,UNINCORPORATED,-115.85157775878906,33.120216369628906
91069168,2019,2019-09-06,9625,2019-08-28,1535,019667,,3,2,9,1300,0,1,3,,1,044,"SR-86 SOUTHBOUND","KEYSTONE ROAD",30.00,N,N,A,-,Y,,,86,,,,,,S,Y,4,0,2,3,A,-,08,22107,,N,C,C,A,A,H,-,A,A,0,,,,,Y,,A,07,0,0,2,0,0,0,0,0,0,"- ","- ",32.912689208984375,-115.57012176513672,IMPERIAL,UNINCORPORATED,-115.57006072998047,32.912689208984375
91551482,2021,2021-08-23,9625,2021-08-12,1730,018792,,4,2,9,1300,0,1,3,,1,012,"SR-86 N/B","SUNRISE DR.",0.00,,Y,A,-,Y,,,86,,,,,,N,Y,3,0,2,2,A,-,09,21803,A,N,D,C,A,A,H,-,A,A,0,,,,,Y,,A,01,0,2,0,0,0,0,0,0,0,"- ","- ",33.289360046386719,-115.97164916992188,IMPERIAL,UNINCORPORATED,-115.97167205810547,33.289344787597656
91592786,2021,2021-10-11,9625,2021-10-06,0545,022010,,3,3,9,1300,0,3,5,,2,040,"DREW ROAD",SR-98,2640.00,N,N,A,-,N,,,,,,,,,,Y,4,0,1,2,A,-,09,21801,A,N,D,C,A,A,H,-,B,D,0,,,,,Y,,A,01,0,0,1,0,0,0,0,0,0,"- ","- ",32.684589385986328,-115.67424011230469,IMPERIAL,UNINCORPORATED,-115.67424774169922,32.684158325195312
91628232,2021,2021-11-18,9625,2021-11-12,1300,019225,,5,1,9,1300,0,1,3,,1,054,"SR-111 N/B","HEBER ROAD",2640.00,N,N,A,-,Y,,,111,,,,,,N,N,4,0,1,2,A,-,03,22350,,N,C,C,A,A,H,-,A,D,0,,,,,Y,,A,07,0,0,1,0,0,0,0,0,0,"- ","- ",32.737720489501953,-115.50044250488281,IMPERIAL,UNINCORPORATED,-115.50054931640625,32.737716674804688
8921328,2018,2019-09-06,1302,2018-09-26,1527,561,1302,3,5,4,1302,0,0,0,,0,CX1,"GRANT ST","PIERRE AV",0.00,,Y,A,-,N,,,,,,,,,,N,4,0,1,2,A,-,10,21950,A,N,G,B,B,A,H,-,A,A,0,Y,,,,Y,,A,01,0,0,1,0,1,0,0,0,0,"- ","- ",,,IMPERIAL,CALEXICO,-115.50520324707031,32.674030303955078
91022191,2019,2019-08-26,9620,2019-06-18,1915,016222,,2,2,9,1300,0,1,1,,2,082,"INTERSTATE 8 E/B","WINTERHAVEN DR / 4TH AVE",2179.00,E,N,A,-,Y,,,,,,,,,,Y,2,0,4,4,A,-,08,22107,,M,B,C,A,A,H,-,A,D,0,,,Y,,Y,,C,02,3,1,0,0,0,0,0,0,4,"- ","- ",,,IMPERIAL,UNINCORPORATED,,
91178515,2020,2020-02-03,9625,2020-01-22,0750,017432,,3,1,9,1300,0,1,3,,1,054,"STATE ROUTE 111 (N/B)","EVAN HEWES HIGHWAY",1056.00,S,N,A,-,Y,,,111,,,,,,,Y,4,0,2,2,A,-,03,22350,,N,C,C,A,A,H,-,A,A,0,,,,,Y,,A,07,0,0,2,0,0,0,0,0,0,"- ","- ",32.796890258789062,-115.50048065185547,IMPERIAL,UNINCORPORATED,-115.50062561035156,32.796890258789062
91363781,2020,2020-12-10,9625,2020-12-08,0435,021107,,2,3,9,1300,0,3,5,,2,050,"BARBARA WORTH ROAD","EVAN HEWES HIGHWAY",2636.00,S,N,A,-,N,,,,,,,,,,Y,3,0,1,1,A,-,08,22107,,N,F,A,A,A,H,-,D,D,0,,,,,Y,,A,01,0,1,0,0,0,0,0,0,0,"- ","- ",32.796279907226562,-115.43073272705078,IMPERIAL,UNINCORPORATED,-115.43064880371094,32.796558380126953
91458030,2021,2021-04-26,9625,2021-04-18,1415,018792,,7,2,9,1300,0,1,1,,2,005,"I-8 E/B",SR-115,6864.00,E,N,A,-,Y,,,8,,,,,,E,Y,3,0,2,2,A,-,08,22107,,N,C,C,A,A,H,-,A,D,0,,,,,Y,,A,01,0,1,1,0,0,0,0,0,0,"- ","- ",32.763900756835938,-115.26640319824219,IMPERIAL,UNINCORPORATED,-115.26640319824219,32.763885498046875
91705714,2021,2022-02-22,9625,2021-12-09,0501,021107,,4,3,9,1300,0,1,1,,2,003,"INTERSTATE 8 E/B","4TH STREET",572.00,W,N,A,-,Y,,,,,,,,,,Y,1,1,0,1,A,-,08,22107,,N,E,8,A,A,H,-,D,D,0,,,,,Y,,D,22,0,0,0,0,0,0,0,0,0,"- ","- ",32.773651123046875,-115.55429077148438,IMPERIAL,UNINCORPORATED,-115.55397796630859,32.773712158203125
91915252,2022,2022-11-10,9625,2022-10-31,2210,018930,,1,3,9,1300,0,3,5,,2,040,"SILSBEE ROAD","HACKLEMAN ROAD",0.00,,Y,A,-,N,,,,,,,,,,Y,3,0,1,2,A,-,03,22350,,N,D,C,A,A,H,-,D,B,0,,,,Y,Y,,A,01,0,1,0,0,0,0,0,0,0,"- ","- ",32.811111450195312,-115.64630889892578,IMPERIAL,UNINCORPORATED,-115.64629364013672,32.811065673828125
91937447,2022,2022-12-08,9625,2022-11-28,1645,018930,,1,2,9,1300,0,3,5,,2,050,"VERDE SCHOOL ROAD","BONDS CORNER ROAD",0.00,,Y,A,-,N,,,,,,,,,,Y,4,0,3,3,A,-,12,22450,A,N,D,C,A,A,H,-,B,A,0,,,,,Y,,A,07,0,0,3,0,0,0,0,0,0,"- ","- ",32.722789764404297,-115.33702087402344,IMPERIAL,UNINCORPORATED,-115.33701324462891,32.722820281982422
8924047,2018,2019-09-13,1302,2018-01-25,1730,561,1302,4,5,4,1302,0,0,0,,0,004,"IMPERIAL W AVE","LIGHT POLE 1191611C",82.00,N,N,A,-,Y,IMP,11,98,-,-,32.240,H,-,W,N,4,0,1,2,A,-,08,22107,,N,D,C,A,A,H,-,C,A,0,,,Y,,Y,,A,01,0,0,1,0,0,0,0,0,1,"- ","- ",,,IMPERIAL,CALEXICO,-115.50002288818359,32.679111480712891
90728258,2018,2018-05-17,9625,2018-05-10,2110,018279,,4,2,9,1300,0,1,3,,2,053,"SR-111 N/B","HEBER RD",800.00,S,N,A,-,Y,,,111,,,,,,N,Y,4,0,2,2,A,-,03,22350,,N,C,C,A,A,H,-,A,A,0,,,,,Y,,A,01,0,0,2,0,0,0,0,0,0,"- ","- ",32.728401184082031,-115.50016021728516,IMPERIAL,UNINCORPORATED,-115.50037384033203,32.728397369384766
90771622,2018,2018-07-18,9625,2018-07-12,1619,017809,,4,2,9,1300,0,1,3,,1,012,"STATE ROUTE 86 S/B","HARVARD AVENUE",500.00,N,N,C,G,Y,,,86,,,,,,S,Y,3,0,1,1,C,-,18,,,N,F,A,A,B,G,-,A,D,0,,,,Y,Y,,-,"- ",0,1,0,0,0,0,0,0,0,"- ","- ",33.269508361816406,-115.95717620849609,IMPERIAL,UNINCORPORATED,-115.95723724365234,33.269466400146484
91033958,2019,2019-07-19,9625,2019-07-11,1455,017809,,4,2,9,1300,0,3,5,,2,010,"S-22 (BORREGO SALTON SEA WAY)","HOLLY ROAD",3484.00,W,N,A,-,N,,,,,,,,,,Y,2,0,4,1,A,-,08,22107,,N,F,A,A,A,H,-,A,D,0,,,,,Y,,A,07,4,0,0,0,0,0,0,0,0,"- ","- ",33.264949798583984,-116.01779174804688,IMPERIAL,UNINCORPORATED,-116.01759338378906,33.265041351318359
91280161,2020,2020-08-04,9620,2020-07-24,1849,021051,Quech,5,2,9,1300,0,2,4,,1,072,"WINTERHAVEN DR","PICACHO RD",10.00,N,N,A,-,N,,,,,,,,,,Y,4,0,1,1,A,-,01,23152,F,N,E,I,A,A,H,-,A,A,0,,,,,Y,,A,08,0,0,1,0,0,0,0,0,0,"- ","- ",32.736560821533203,-114.62687683105469,IMPERIAL,UNINCORPORATED,-114.626673,32.736457000000001
91698107,2022,2022-02-10,9625,2022-02-02,1123,016248,,3,1,9,1300,0,1,3,,1,051,"SR-7 N/B",SR-98,187.00,N,N,A,G,Y,,,7,,,,,,N,Y,3,0,2,2,A,-,03,22350,,N,C,C,A,A,H,-,A,D,0,,,,,Y,,-,"- ",0,1,1,0,0,0,0,0,0,"- ","- ",32.694328308105469,-115.37888336181641,IMPERIAL,UNINCORPORATED,-115.37889099121094,32.694328308105469
92036659,2023,2023-04-04,9625,2023-03-22,"330 ",020771,,3,3,9,1300,0,1,1,,2,002,"I-8 W/B",SR-98,18480.00,W,N,C,G,Y,,,8,,,,,,W,Y,3,0,1,1,A,-,08,22107,,N,E,I,A,B,H,-,D,D,0,,,,,Y,,A,07,0,1,0,0,0,0,0,0,0,"- ","- ",32.716480255126953,-116.06887817382812,IMPERIAL,UNINCORPORATED,-116.06893920898438,32.716449737548828
92040822,2023,2023-04-10,9625,2023-04-02,"400 ",021107,,7,3,9,1300,0,2,4,,2,046,"DOGWOOD ROAD","HARRIS ROAD",910.00,S,N,A,-,N,,,,,,,,,,Y,3,0,1,1,A,-,08,22107,,N,E,I,A,A,H,-,D,D,0,,,,,Y,,A,01,0,1,0,0,0,0,0,0,0,"- ","- ",32.881088256835938,-115.53549957275391,IMPERIAL,UNINCORPORATED,-115.53553009033203,32.88116455078125
8167973,2018,2019-11-23,1302,2018-02-21,1433,CX118,1302,3,5,4,1302,0,0,0,,0,002,"6TH ST","PAULIN AV",66.00,E,N,A,-,N,,,,,,,,,,N,4,0,2,2,A,-,08,22107,,N,B,C,A,A,H,-,A,A,0,,,,Y,Y,,F,21,0,0,2,0,0,0,0,0,0,"- ","- ",,,IMPERIAL,CALEXICO,-115.49728393554688,32.670890808105469
8167977,2018,2019-11-23,1302,2018-03-29,0738,561,1302,4,5,4,1302,0,0,0,,0,CX2,"V V WILLIAMS AV","J M OSTREY ST",0.00,,Y,A,-,N,,,,,,,,,,Y,3,0,1,2,A,-,08,22107,,N,C,C,A,A,H,-,A,D,0,,,,,Y,,D,22,0,1,0,0,0,0,0,0,0,"- ","- ",,,IMPERIAL,CALEXICO,-115.50762176513672,32.683010101318359
8404949,2018,2020-05-26,1301,2018-04-03,1812,9A12,BRAWL,2,5,3,1301,0,0,0,,0,004,"MAIN ST","WILDCAT RD",283.00,S,N,A,-,Y,IMP,11,86,-,-,19.430,H,-,N,Y,1,1,2,4,A,-,01,23152,A,N,A,C,A,A,H,-,B,A,0,,,,,Y,Y,A,01,0,0,2,0,0,0,0,0,0,"- ","- ",,,IMPERIAL,BRAWLEY,-115.54877471923828,32.963085174560547
8542285,2018,2018-02-01,1304,2018-01-13,1033,351,4,6,5,4,1304,0,0,0,,0,,"IMPERIAL AV","BARBARA WORTH",0.00,,Y,A,-,N,,,,,,,,,,N,3,0,1,2,A,-,10,21950,A,N,G,B,B,A,H,-,A,A,0,Y,,,,Y,,A,01,0,1,0,0,1,0,0,0,0,"- ","- ",,,IMPERIAL,"EL CENTRO",-115.5699462890625,32.794628143310547
8543597,2018,2018-08-09,1301,2018-01-13,1300,905,BRAWL,6,5,3,1301,0,0,0,,0,004,"RT 111","RT 78",0.00,,Y,A,-,Y,IMP,11,78,-,-,15.499,I,5,E,Y,2,0,4,2,A,-,08,22100,A,N,D,C,A,A,H,-,A,A,0,,,,,Y,,A,01,1,1,2,0,0,0,0,0,0,"- ","- ",,,IMPERIAL,BRAWLEY,-115.5013427734375,32.978641510009766
8554200,2018,2018-06-28,1304,2018-01-22,1417,337,EWES,1,5,4,1304,0,0,0,,0,WEST,"IMPERIAL AV","ADAMS AV",0.00,,Y,A,-,N,,,,,,,,,,N,4,0,2,3,A,-,07,21658,A,N,C,C,A,A,H,-,A,A,0,,,,,Y,Y,A,01,0,0,2,0,0,0,0,0,0,"- ","- ",32.796699523925781,-115.57019805908203,IMPERIAL,"EL CENTRO",-115.56997680664062,32.796478271484375
8554228,2018,2018-08-09,1301,2018-01-01,1523,904,BRAWL,1,5,3,1301,0,0,0,,0,003,"RT 78","RT 111",0.00,,N,A,-,Y,IMP,11,78,-,R,14.740,H,-,W,Y,3,0,3,2,A,-,08,22107,,N,B,C,A,A,H,-,A,D,0,,,,,Y,,A,01,0,2,1,0,0,0,0,0,0,"- ","- ",32.990200042724609,-115.20120239257812,IMPERIAL,BRAWLEY,-115.50128173828125,32.990425109863281
8557174,2018,2018-03-12,1304,2018-02-14,0804,340,E1,3,5,4,1304,0,0,0,,0,WEST,"12TH ST",HEIL,0.00,,Y,A,-,N,,,,,,,,,,Y,4,0,2,2,A,-,09,21802,A,N,D,C,A,A,H,-,A,A,0,,,,,Y,,A,01,0,0,2,0,0,0,0,0,0,"- ","- ",32.786701202392578,-115.56549835205078,IMPERIAL,"EL CENTRO",-115.56546020507812,32.786750793457031
8564333,2018,2018-03-12,1304,2018-02-07,0723,359,6,3,5,4,1304,0,0,0,,0,EAST,8TH,"DANEN BERG",0.00,,Y,A,-,N,,,,,,,,,,N,3,0,1,2,A,-,07,21658,A,N,D,G,A,A,H,-,A,D,0,,Y,,,Y,,L,04,0,1,0,0,0,0,1,0,0,"- ","- ",,,IMPERIAL,"EL CENTRO",-115.56099,32.767119999999998
8564337,2018,2018-03-12,1304,2018-02-03,1405,335,6,6,5,4,1304,0,0,0,,0,EAST,6TH,HOLT,0.00,,Y,A,-,N,,,,,,,,,,N,4,0,1,2,A,-,09,21804,A,N,D,G,A,A,H,-,A,A,0,,Y,,,Y,,L,04,0,0,1,0,0,0,1,0,0,"- ","- ",,,IMPERIAL,"EL CENTRO",-115.55692291259766,32.78778076171875
8564345,2018,2018-03-12,1304,2018-02-18,1945,343,ELCE,7,5,4,1304,0,0,0,,0,WEST,"NORTH WATERMAN",WATERMAN,0.00,,Y,A,-,N,,,,,,,,,,N,3,0,1,2,A,-,10,21950,A,N,G,B,D,A,H,-,C,D,0,Y,,,,Y,,A,01,0,1,0,0,1,0,0,0,0,"- ","- ",32.800701141357422,-115.57399749755859,IMPERIAL,"EL CENTRO",-115.57084655761719,32.814708709716797
8564593,2018,2018-02-28,1304,2018-01-31,1854,354,,3,5,4,1304,0,0,0,,0,WEST,WAKE,6TH,580.00,E,N,A,-,N,,,,,,,,,,Y,4,0,2,2,A,-,09,21804,A,N,D,C,A,A,H,-,A,D,0,,,,,Y,,D,22,0,0,2,0,0,0,0,0,0,"- ","- ",,,IMPERIAL,"EL CENTRO",-115.55463409423828,32.771202087402344
8564597,2018,2018-07-06,1304,2018-01-18,1447,344,EAST,4,5,4,1304,0,0,0,,0,EAST,"8TH ST","RT 8",0.00,,Y,A,-,N,,,,,,,,,,Y,3,0,1,2,A,-,03,22350,,N,C,C,A,A,H,-,A,D,0,,,,,Y,,-,,0,1,0,0,0,0,0,0,0,"- ","- ",32.773998260498047,-115.56109619140625,IMPERIAL,"EL CENTRO",-115.56111145019531,32.773761749267578
8564601,2018,2018-02-28,1304,2018-01-19,0213,345,6,5,5,4,1304,0,0,0,,0,EAST,2ND,HOLT,27.00,S,N,A,-,N,,,,,,,,,,N,3,0,1,2,A,-,03,22350,,N,A,B,C,A,H,-,C,D,0,Y,,,,Y,,A,01,0,1,0,0,1,0,0,0,0,"- ","- ",,,IMPERIAL,"EL CENTRO",-115.54613494873047,32.787677764892578
8564605,2018,2018-02-28,1304,2018-01-28,1402,335,EAST,7,5,4,1304,0,0,0,,0,EAST,"6TH ST",ORANGE,0.00,,Y,A,-,N,,,,,,,,,,N,4,0,1,2,A,-,12,22450,A,N,D,G,A,A,H,-,A,A,0,,Y,,,Y,,L,04,0,0,1,0,0,0,1,0,0,"- ","- ",,,IMPERIAL,"EL CENTRO",-115.55693054199219,32.788791656494141
8564609,2018,2018-02-28,1304,2018-01-29,1653,E0208,EWES,1,5,4,1304,0,0,0,,0,WEST,"HOPE AV","ROSS AV",0.00,,Y,A,-,N,,,,,,,,,,Y,3,0,4,1,A,-,03,22350,,N,E,I,A,A,H,-,B,D,0,,,,,Y,Y,A,01,0,1,3,0,0,0,0,0,0,"- ","- ",32.797821044921875,-115.53971862792969,IMPERIAL,"EL CENTRO",-115.53958892822266,32.781490325927734
8564666,2018,2018-02-28,1304,2018-02-05,0553,344,6,1,5,4,1304,0,0,0,,0,EAST,STATE,"5TH ST",289.00,W,N,A,-,N,,,,,,,,,,N,3,0,1,2,A,-,10,21950,A,N,G,B,C,A,H,-,B,D,0,Y,,,,Y,,A,01,0,1,0,0,1,0,0,0,0,"- ","- ",,,IMPERIAL,"EL CENTRO",-115.55565643310547,32.791778564453125