CASE_ID,ACCIDENT_YEAR,PROC_DATE,JURIS,COLLISION_DATE,COLLISION_TIME,OFFICER_ID,REPORTING_DISTRICT,DAY_OF_WEEK,CHP_SHIFT,POPULATION,CNTY_CITY_LOC,SPECIAL_COND,BEAT_TYPE,CHP_BEAT_TYPE,CITY_DIVISION_LAPD,CHP_BEAT_CLASS,BEAT_NUMBER,PRIMARY_RD,SECONDARY_RD,DISTANCE,DIRECTION,INTERSECTION,WEATHER_1,WEATHER_2,STATE_HWY_IND,CALTRANS_COUNTY,CALTRANS_DISTRICT,STATE_ROUTE,ROUTE_SUFFIX,POSTMILE_PREFIX,POSTMILE,LOCATION_TYPE,RAMP_INTERSECTION,SIDE_OF_HWY,TOW_AWAY,COLLISION_SEVERITY,NUMBER_KILLED,NUMBER_INJURED,PARTY_COUNT,PRIMARY_COLL_FACTOR,PCF_CODE_OF_VIOL,PCF_VIOL_CATEGORY,PCF_VIOLATION,PCF_VIOL_SUBSECTION,HIT_AND_RUN,TYPE_OF_COLLISION,MVIW,PED_ACTION,ROAD_SURFACE,ROAD_COND_1,ROAD_COND_2,LIGHTING,CONTROL_DEVICE,CHP_ROAD_TYPE,PEDESTRIAN_ACCIDENT,BICYCLE_ACCIDENT,MOTORCYCLE_ACCIDENT,TRUCK_ACCIDENT,NOT_PRIVATE_PROPERTY,ALCOHOL_INVOLVED,STWD_VEHTYPE_AT_FAULT,CHP_VEHTYPE_AT_FAULT,COUNT_SEVERE_INJ,COUNT_VISIBLE_INJ,COUNT_COMPLAINT_PAIN,COUNT_PED_KILLED,COUNT_PED_INJURED,COUNT_BICYCLIST_KILLED,COUNT_BICYCLIST_INJURED,COUNT_MC_KILLED,COUNT_MC_INJURED,PRIMARY_RAMP,SECONDARY_RAMP,LATITUDE,LONGITUDE,COUNTY,CITY,POINT_X,POINT_Y
8570727,2018,2018-07-30,1304,2018-02-14,1750,359,4,3,5,4,1304,0,0,0,,0,WEST,IMPERIAL,SCOTT,0.00,S,N,C,-,Y,IMP,11,8,-,-,7.580,H,-,E,N,4,0,1,2,A,-,04,21703,,N,C,C,A,B,H,-,C,A,0,,,,,Y,,A,01,0,0,1,0,0,0,0,0,0,"- ","- ",,,IMPERIAL,"EL CENTRO",-116.05405426025391,32.709739685058594
8587140,2018,2018-03-30,1304,2018-02-23,1301,359,4,5,5,4,1304,0,0,0,,0,WEST,BROADWAY,14TH,55.00,E,N,A,-,N,,,,,,,,,,Y,4,0,1,1,A,-,08,22107,,N,-,I,A,A,H,-,A,A,0,,,,,Y,,A,01,0,0,1,0,0,0,0,0,0,"- ","- ",,,IMPERIAL,"EL CENTRO",-115.56779479980469,32.793804168701172
8588255,2018,2018-04-03,1304,2018-03-07,1428,351,E1,3,5,4,1304,0,0,0,,0,WEST,OCOTILLO,COTTONWOOD,0.00,,Y,A,-,N,,,,,,,,,,N,4,0,1,2,A,-,09,21801,A,N,D,C,A,A,H,-,A,D,0,,,,,Y,Y,D,22,0,0,1,0,0,0,0,0,0,"- ","- ",32.777099609375,-115.57099914550781,IMPERIAL,"EL CENTRO",-115.57099151611328,32.777179718017578
8588388,2018,2018-03-30,1304,2018-03-16,1610,351,EWES,5,5,4,1304,0,0,0,,0,WEST,OCOTILLO,IMPERIAL,0.00,,Y,A,-,N,,,,,,,,,,N,4,0,1,2,A,-,03,22350,,N,C,C,A,A,H,-,A,A,0,,,,,Y,,A,01,0,0,1,0,0,0,0,0,0,"- ","- ",,,IMPERIAL,"EL CENTRO",-115.56957244873047,32.777179718017578
8588392,2018,2018-03-30,1304,2018-03-13,1643,332,EAST,2,5,4,1304,0,0,0,,0,EAST,4TH,SMOKETREE,0.00,,Y,A,-,N,,,86,,,,,,,Y,4,0,3,2,A,-,09,21803,A,N,A,C,A,A,H,-,A,D,0,,,,,Y,,A,01,0,0,3,0,0,0,0,0,0,"- ","- ",32.77532958984375,-115.55236053466797,IMPERIAL,"EL CENTRO",-115.55227661132812,32.775333404541016
8593310,2018,2018-08-09,1301,2018-02-14,1851,902,BRAWL,3,5,3,1301,0,0,0,,0,0B2,"RT 86","EL CERRITO DR",0.00,,Y,C,-,Y,IMP,11,86,-,-,20.913,I,5,S,N,3,0,1,2,A,-,10,21950,A,N,G,B,D,B,H,-,D,D,0,Y,,,,Y,,D,22,0,1,0,0,1,0,0,0,0,"- ","- ",,,IMPERIAL,BRAWLEY,-115.54649353027344,32.978656768798828
8597369,2018,2018-04-25,1304,2018-03-22,1249,340,,4,5,4,1304,0,0,0,,0,ECSC,AURORA,CYPRESS,0.00,,Y,A,-,N,,,,,,,,,,Y,4,0,1,2,A,-,03,22350,,N,C,C,A,A,H,-,A,A,0,,,,Y,Y,,A,01,0,0,1,0,0,0,0,0,0,"- ","- ",32.778400421142578,-115.56449890136719,IMPERIAL,"EL CENTRO",-115.56478118896484,32.778388977050781
8597495,2018,2018-04-24,1304,2018-03-30,0802,329,,5,5,4,1304,0,0,0,,0,WEST,"8TH ST","PICO AV",27.00,S,N,A,-,N,,,,,,,,,,Y,4,0,1,2,A,-,09,21802,A,N,D,C,A,A,H,-,A,A,0,,,,,Y,,D,22,0,0,1,0,0,0,0,0,0,"- ","- ",,,IMPERIAL,"EL CENTRO",-115.56140899658203,32.805576324462891
8597677,2018,2018-04-26,1304,2018-04-02,1416,320,E1,1,5,4,1304,0,0,0,,0,WEST,8TH,FIELDVIEW,0.00,,Y,A,-,N,,,,,,,,,,N,3,0,2,2,A,-,09,21802,A,N,D,C,A,A,H,-,A,A,0,,,,,Y,,A,01,0,1,1,0,0,0,0,0,0,"- ","- ",,,IMPERIAL,"EL CENTRO",-115.560862,32.761330000000001
8606009,2018,2018-05-11,1304,2018-04-27,1750,361,E1,5,5,4,1304,0,0,0,,0,EAST,WAKE,THOMAS,161.00,W,N,A,-,N,,,,,,,,,,Y,3,0,2,1,A,-,07,21658,A,N,E,I,A,A,H,-,-,D,0,,,,,Y,,A,07,0,1,1,0,0,0,0,0,0,"- ","- ",,,IMPERIAL,"EL CENTRO",-115.55811309814453,32.770698547363281
8606013,2018,2018-05-11,1304,2018-04-26,1229,337,ELCE,4,5,4,1304,0,0,0,,0,EAST,WAKE,4TH,202.00,W,N,A,-,N,,,,,,,,,,N,4,0,1,2,A,-,09,21801,A,N,D,C,A,A,H,-,A,D,0,,,,,Y,,-,,0,0,1,0,0,0,0,0,0,"- ","- ",,,IMPERIAL,"EL CENTRO",-115.55297088623047,32.771194458007812
8609805,2018,2018-05-04,1301,2018-03-13,2121,904,1301,2,5,3,1301,0,0,0,,0,002,"LEGION RD","WILLARD AV",0.00,,Y,A,-,N,,,,,,,,,,N,4,0,1,2,A,-,08,22107,,N,D,C,A,A,H,-,C,D,0,,,Y,,Y,,A,01,0,0,1,0,0,0,0,0,1,"- ","- ",,,IMPERIAL,BRAWLEY,-115.55284118652344,32.959941864013672
8614722,2018,2018-05-01,1304,2018-04-05,0658,329,E4,4,5,4,1304,0,0,0,,0,WEST,MAIN,23RD,0.00,,Y,A,-,N,,,,,,,,,,Y,4,0,1,2,A,-,09,21801,A,N,D,C,A,A,H,-,A,D,0,,,,,Y,,-,,0,0,1,0,0,0,0,0,0,"- ","- ",,,IMPERIAL,"EL CENTRO",-115.58242797851562,32.792831420898438
8614793,2018,2018-05-01,1304,2018-04-06,1511,352,EAST,5,5,4,1304,0,0,0,,0,EAST,DOGWOOD,COMMERCIAL,0.00,,Y,B,-,N,,,,,,,,,,N,4,0,1,2,A,-,08,22107,,N,D,C,A,A,H,-,A,D,0,,,,,Y,,A,01,0,0,1,0,0,0,0,0,0,"- ","- ",,,IMPERIAL,"EL CENTRO",-115.53565216064453,32.794879913330078
8623682,2018,2018-05-29,1307,2018-05-11,1821,856,WESTM,5,5,1,1307,0,0,0,,0,,"6TH ST","G ST",32.00,E,N,A,-,N,,,,,,,,,,Y,4,0,1,1,A,-,03,22350,,M,E,I,A,A,H,-,B,A,0,,,,,Y,,A,01,0,0,1,0,0,0,0,0,0,"- ","- ",,,IMPERIAL,WESTMORLAND,-115.62443542480469,33.039928436279297
8625852,2018,2018-05-31,1304,2018-05-15,1711,30145,ESCO,2,5,4,1304,0,0,0,,0,WEST,CRUICKSHANK,"IMPERIAL AV",360.00,E,N,A,-,N,,,,,,,,,,Y,3,0,1,2,A,-,09,21801,A,N,D,C,A,A,H,-,A,D,0,,,,,Y,,-,,0,1,0,0,0,0,0,0,0,"- ","- ",,,IMPERIAL,"EL CENTRO",-115.56870269775391,32.814720153808594
8625860,2018,2018-05-31,1304,2018-05-07,1417,E0145,EWEST,1,5,4,1304,0,0,0,,0,WEST,LINCOLN,WATERMAN,0.00,,Y,A,-,N,,,,,,,,,,Y,4,0,1,3,A,-,09,21804,A,N,D,C,A,A,H,-,A,A,0,,,,,Y,,-,,0,0,1,0,0,0,0,0,0,"- ","- ",,,IMPERIAL,"EL CENTRO",-115.57399749755859,32.807388305664062
8629643,2018,2018-08-17,1304,2018-05-02,1729,354,,3,5,4,1304,0,0,0,,0,,"4TH ST",DANENBERG,0.00,,N,A,-,Y,IMP,11,86,-,-,5.560,H,-,S,Y,4,0,3,4,A,-,03,22350,,F,C,C,A,A,H,-,A,D,0,,,,,Y,,D,22,0,0,3,0,0,0,0,0,0,"- ","- ",,,IMPERIAL,"EL CENTRO",-115.55213928222656,32.767303466796875
8631718,2018,2018-06-07,1304,2018-05-16,1505,359,,3,5,4,1304,0,0,0,,0,WEST,"LA BRUCHERIE",ELM,114.00,N,N,A,-,N,,,,,,,,,,Y,4,0,3,3,A,-,04,21703,,N,C,C,A,A,H,-,A,A,0,,,,,Y,,A,01,0,0,3,0,0,0,0,0,0,"- ","- ",,,IMPERIAL,"EL CENTRO",-115.57858276367188,32.786640167236328
8631722,2018,2018-06-07,1304,2018-05-17,0634,354,,4,5,4,1304,0,0,0,,0,,DOGWOOD,VILLA,0.00,,Y,A,-,N,,,,,,,,,,Y,4,0,2,2,A,-,12,22450,,N,A,C,A,A,H,-,A,A,0,,,,,Y,,-,,0,0,2,0,0,0,0,0,0,"- ","- ",,,IMPERIAL,"EL CENTRO",-115.53569,32.803789999999999
8631726,2018,2018-06-07,1304,2018-05-15,0841,337,ESCO,2,5,4,1304,0,0,0,,0,WEST,BROADWAY,10TH,50.00,E,N,A,-,N,,,,,,,,,,Y,4,0,1,2,A,-,04,21703,,N,C,C,A,A,H,-,A,D,0,,,,,Y,Y,-,,0,0,1,0,0,0,0,0,0,"- ","- ",,,IMPERIAL,"EL CENTRO",-115.56341552734375,32.793861389160156
8643400,2018,2018-06-26,1304,2018-05-11,1519,354,,5,5,4,1304,0,0,0,,0,,MAIN,"IMPERIAL IRRIGATION POLE #200672",31.00,W,N,G,-,N,,,,,,,,,,Y,4,0,1,3,A,-,01,23152,B,F,C,C,A,A,H,-,A,D,0,,,,,Y,Y,-,,0,0,1,0,0,0,0,0,0,"- ","- ",,,IMPERIAL,"EL CENTRO",,
8646324,2018,2018-07-03,1304,2018-05-24,1520,354,,4,5,4,1304,0,0,0,,0,,ORANGE,"LA BRUCHERIE",0.00,,-,A,-,N,,,,,,,,,,N,4,0,1,2,A,-,03,22350,,N,C,C,A,A,H,-,A,A,0,,,,,Y,,-,,0,0,1,0,0,0,0,0,0,"- ","- ",,,IMPERIAL,"EL CENTRO",-115.57858276367188,32.788768768310547
8646379,2018,2018-07-03,1304,2018-05-31,2246,361,E1,4,5,4,1304,0,0,0,,0,EAST,MAIN,2ND,0.00,,Y,A,-,N,,,,,,,,,,Y,4,0,1,2,A,-,09,21801,A,N,-,C,A,A,H,-,C,A,0,,,,,Y,,A,01,0,0,1,0,0,0,0,0,0,"- ","- ",,,IMPERIAL,"EL CENTRO",-115.54647827148438,32.792831420898438
8646399,2018,2018-07-03,1304,2018-05-30,1152,354,,3,5,4,1304,0,0,0,,0,,8TH,BROADWAY,0.00,,Y,A,-,N,,,,,,,,,,Y,3,0,1,2,A,-,12,21453,A,N,D,C,A,A,H,-,A,A,0,,,,,Y,,D,22,0,1,0,0,0,0,0,0,0,"- ","- ",,,IMPERIAL,"EL CENTRO",-115.56144714355469,32.793861389160156
8646543,2018,2018-07-05,1304,2018-04-22,2155,335,4,7,5,4,1304,0,0,0,,0,EAST,STATE,7TH,0.00,,Y,A,-,N,,,,,,,,,,Y,4,0,1,1,A,-,01,23152,A,N,E,I,A,A,H,-,C,A,0,,,,,Y,Y,A,01,0,0,1,0,0,0,0,0,0,"- ","- ",,,IMPERIAL,"EL CENTRO",-115.55912017822266,32.791778564453125
8648012,2018,2018-07-23,1301,2018-06-05,1608,901,BRAW,2,5,3,1301,0,0,0,,0,003,"RT 111","RT 78",0.00,,Y,A,-,Y,IMP,11,78,-,-,15.499,I,5,W,Y,1,2,0,2,A,-,12,21453,A,N,D,C,A,A,H,-,A,A,0,,,,Y,Y,,G,25,0,0,0,0,0,0,0,0,0,"- ","- ",,,IMPERIAL,BRAWLEY,-115.5013427734375,32.978641510009766
8648729,2018,2018-08-17,1304,2018-05-24,1034,354,,4,5,4,1304,0,0,0,,0,,IMPERIAL,WOODWARD,47.00,N,N,A,-,Y,IMP,11,86,-,-,7.510,H,-,N,Y,4,0,2,4,A,-,03,22350,,N,C,C,A,A,H,-,A,D,0,,,,,Y,,A,01,0,0,2,0,0,0,0,0,0,"- ","- ",,,IMPERIAL,"EL CENTRO",-115.56995391845703,32.799564361572266
8648796,2018,2018-08-13,1304,2018-05-31,0700,354,,4,5,4,1304,0,0,0,,0,,4TH,COMMERCIAL,0.00,,Y,A,-,Y,IMP,11,86,-,L,7.453,I,5,S,N,4,0,1,2,A,-,09,21802,A,N,D,C,A,A,H,-,A,A,0,,,,,Y,,-,,0,0,1,0,0,0,0,0,0,"- ","- ",,,IMPERIAL,"EL CENTRO",-115.55264282226562,32.795013427734375
8656391,2018,2018-08-29,1301,2018-06-02,1614,917,BRAWL,6,5,3,1301,0,0,0,,0,0B1,WESTERN,A,0.00,,Y,A,-,N,,,,,,,,,,Y,4,0,1,3,A,-,12,22450,A,N,A,C,A,A,H,-,A,A,0,,,,,Y,,A,01,0,0,1,0,0,0,0,0,0,"- ","- ",,,IMPERIAL,BRAWLEY,-115.54364013671875,32.984149932861328
8661688,2018,2018-09-27,1304,2018-07-24,2018,326,EWES,2,5,4,1304,0,0,0,,0,WEST,LINCOLN,"18TH ST",0.00,,Y,A,-,N,,,,,,,,,,Y,4,0,1,2,A,-,08,22107,,N,-,E,A,A,H,-,C,D,0,,,,,Y,,A,07,0,0,1,0,0,0,0,0,0,"- ","- ",,,IMPERIAL,"EL CENTRO",-115.57611083984375,32.807380676269531
8661692,2018,2018-09-27,1304,2018-07-24,2239,E0187,EAST,2,5,4,1304,0,0,0,,0,EAST,4TH,WAKE,150.00,N,N,A,-,N,,,86,,,,,,,N,3,0,1,1,A,-,00,23103,,N,A,I,A,A,H,-,C,D,0,,,,,Y,,-,,0,1,0,0,0,0,0,0,0,"- ","- ",32.772251129150391,-115.55223846435547,IMPERIAL,"EL CENTRO",-115.55223846435547,32.772251129150391
8661986,2018,2018-08-17,1304,2018-07-25,1753,352,EWES,3,5,4,1304,0,0,0,,0,WEST,EUCLID,ADAMS,0.00,,-,A,-,N,,,,,,,,,,Y,4,0,1,3,A,-,09,21804,A,N,D,C,A,A,H,-,A,D,0,,,,,Y,,A,01,0,0,1,0,0,0,0,0,0,"- ","- ",32.798301696777344,-115.57569885253906,IMPERIAL,"EL CENTRO",-115.577198,32.796577999999997
8661994,2018,2018-08-17,1304,2018-07-03,1415,325,,2,5,4,1304,0,0,0,,0,WEST,BRADSHAW,8TH,18.00,W,N,A,-,N,,,,,,,,,,N,4,0,1,2,A,-,03,22350,,N,C,C,A,A,H,-,A,A,0,,,,,Y,,A,07,0,0,1,0,0,0,0,0,0,"- ","- ",,,IMPERIAL,"EL CENTRO",-115.56143188476562,32.8111572265625
8663447,2018,2018-07-20,1301,2018-06-11,0727,902,BRAWL,1,5,3,1301,0,0,0,,0,0B4,"BEST RD","MALAN ST",0.00,,Y,A,-,N,,,,,,,,,,Y,3,0,4,2,A,-,09,21802,A,N,D,C,A,A,H,-,A,A,0,,,,,Y,,A,07,0,2,2,0,0,0,0,0,0,"- ","- ",,,IMPERIAL,BRAWLEY,,
8663449,2018,2018-07-19,1301,2018-05-29,1513,901,BRAWL,2,5,3,1301,0,0,0,,0,001,"NORTH IMPERIAL AV","C ST",7.00,N,N,A,-,N,,,,,,,,,,N,3,0,1,2,A,-,10,21950,A,N,G,B,B,A,H,-,A,A,0,Y,,,,Y,,A,01,0,1,0,0,1,0,0,0,0,"- ","- ",,,IMPERIAL,BRAWLEY,-115.53498077392578,32.981967926025391
8668105,2018,2018-07-31,1304,2018-06-09,1214,329,,6,5,4,1304,0,0,0,,0,,IMPERIAL,MAIN,0.00,,Y,A,-,N,,,,,,,,,,Y,4,0,1,2,A,-,01,23152,A,N,A,C,A,A,H,-,A,A,0,,,,,Y,Y,-,,0,0,1,0,0,0,0,0,0,"- ","- ",,,IMPERIAL,"EL CENTRO",-115.56990051269531,32.792800903320312
8668125,2018,2018-07-31,1304,2018-06-15,1710,354,,5,5,4,1304,0,0,0,,0,,2ND,MAIN,0.00,,Y,A,-,N,,,,,,,,,,Y,4,0,1,2,A,-,09,21804,A,N,D,C,A,A,H,-,A,A,0,,,,,Y,,-,,0,0,1,0,0,0,0,0,0,"- ","- ",,,IMPERIAL,"EL CENTRO",-115.54647827148438,32.792831420898438
8668137,2018,2018-07-31,1304,2018-06-21,1055,354,,4,5,4,1304,0,0,0,,0,,IMPERIAL,BROADWAY,0.00,,Y,A,-,N,,,,,,,,,,N,4,0,1,2,A,-,09,21802,A,N,-,C,A,A,H,-,A,A,0,,,,,Y,,-,,0,0,1,0,0,0,0,0,0,"- ","- ",,,IMPERIAL,"EL CENTRO",-115.56992340087891,32.793800354003906
8672764,2018,2018-08-09,1301,2018-07-07,1158,915,BRAWL,6,5,3,1301,0,0,0,,0,0B1,"N 1ST ST","B ST",0.00,N,N,A,-,N,,,,,,,,,,Y,3,0,1,1,A,-,08,22107,,N,A,I,A,A,H,-,A,D,0,,,,,Y,,A,07,0,1,0,0,0,0,0,0,0,"- ","- ",,,IMPERIAL,BRAWLEY,-115.54164886474609,32.983070373535156
8672768,2018,2018-08-09,1301,2018-07-03,0651,916,BRAWL,2,5,3,1301,0,0,0,,0,002,"LEGION RD","WILLARD AV",60.00,E,N,A,-,N,,,,,,,,,,Y,4,0,1,2,A,-,04,21703,,N,C,C,A,A,H,-,A,D,0,,,,,Y,,A,01,0,0,1,0,0,0,0,0,0,"- ","- ",,,IMPERIAL,BRAWLEY,-115.55264282226562,32.959938049316406
8676256,2018,2018-10-24,1304,2018-07-05,0927,354,,4,5,4,1304,0,0,0,,0,,FOURTH,"FOURTH 2100 BLK",0.00,,-,A,-,Y,IMP,11,86,-,-,6.040,H,-,S,N,4,0,2,3,A,-,03,22350,,F,C,C,A,A,H,-,A,D,0,,,,,Y,,A,07,0,0,2,0,0,0,0,0,0,"- ","- ",,,IMPERIAL,"EL CENTRO",-115.55224609375,32.774276733398438
8676336,2018,2018-10-23,1304,2018-06-21,1835,351,EAST,4,5,4,1304,0,0,0,,0,EAST,"RT 8",SOUTHWIND,50.00,S,N,A,-,Y,IMP,11,86,-,-,6.040,H,-,S,N,4,0,1,3,A,-,08,22107,,N,B,C,A,A,H,-,A,A,0,,,,,Y,,A,01,0,0,1,0,0,0,0,0,0,"- ","- ",,,IMPERIAL,"EL CENTRO",-115.55224609375,32.774276733398438
8679341,2018,2018-10-01,1301,2018-05-06,0217,902,,7,5,3,1301,0,0,0,,0,,"OLD HWY 111",ADLER,1400.00,N,N,A,-,N,,,,,,,,,,Y,3,0,1,1,A,-,01,23152,A,N,F,A,A,A,H,-,C,D,0,,,,,Y,Y,A,07,0,1,0,0,0,0,0,0,0,"- ","- ",,,IMPERIAL,BRAWLEY,-115.52700042724609,32.989303588867188
8683310,2018,2018-10-08,1304,2018-08-08,1410,325,E1,3,5,4,1304,0,0,0,,0,WEST,"LA BRUCHERIE",LINCOLN,0.00,,Y,A,-,N,,,,,,,,,,N,4,0,1,2,A,-,03,22350,,N,C,C,A,A,H,-,A,A,0,,,,,Y,,A,01,0,0,1,0,0,0,0,0,0,"- ","- ",,,IMPERIAL,"EL CENTRO",-115.57865905761719,32.807369232177734
8683314,2018,2018-10-08,1304,2018-08-01,1524,329,,3,5,4,1304,0,0,0,,0,WEST,"LA BRUCHERIE",OCOTILLO,0.00,,Y,A,-,N,,,,,,,,,,Y,4,0,4,2,A,-,03,22350,,N,-,C,A,A,H,-,A,A,0,,,,,Y,,-,,0,0,4,0,0,0,0,0,0,"- ","- ",,,IMPERIAL,"EL CENTRO",-115.57837677001953,32.777381896972656
8685484,2018,2018-08-29,1304,2018-07-28,0634,336,,6,5,4,1304,0,0,0,,0,,"8TH ST","EL DORADO",42.00,N,N,A,-,N,,,,,,,,,,N,3,0,1,2,A,-,08,22107,,N,C,G,A,A,H,-,A,D,0,,Y,,,Y,Y,L,04,0,1,0,0,0,0,1,0,0,"- ","- ",,,IMPERIAL,"EL CENTRO",-115.56140899658203,32.809356689453125
8687554,2018,2018-08-29,1304,2018-06-11,2034,355,ELCE,1,5,4,1304,0,0,0,,0,WEST,IMPERIAL,"BARBARA WORTH",45.00,S,N,A,-,N,,,,,,,,,,N,3,0,1,2,A,-,11,21954,A,N,G,B,D,A,H,-,E,D,0,Y,,,,Y,,N,60,0,1,0,0,1,0,0,0,0,"- ","- ",,,IMPERIAL,"EL CENTRO",-115.5699462890625,32.794506072998047
8687960,2018,2018-08-29,1304,2018-07-25,0750,340,E1,3,5,4,1304,0,0,0,,0,WEST,"LA BRUCHERIE",WAKE,0.00,,Y,A,-,N,,,,,,,,,,Y,4,0,1,1,A,-,08,22107,,N,E,I,A,A,D,-,A,A,0,,,,,Y,,A,01,0,0,1,0,0,0,0,0,0,"- ","- ",32.770198822021484,-115.57820129394531,IMPERIAL,"EL CENTRO",-115.57817840576172,32.7706298828125
8688784,2018,2018-10-23,1304,2018-07-02,0015,333,E1,1,5,4,1304,0,0,0,,0,EAST,"4TH ST",AURORA,0.00,,Y,A,-,Y,IMP,11,86,-,-,6.324,I,6,S,Y,4,0,1,1,A,-,01,23152,A,M,E,I,A,A,H,-,C,A,0,,,,,Y,Y,A,01,0,0,1,0,0,0,0,0,0,"- ","- ",,,IMPERIAL,"EL CENTRO",-115.55236053466797,32.778446197509766
8691241,2018,2018-09-18,1304,2018-08-04,1657,325,E1,6,5,4,1304,0,0,0,,0,WEST,WATERMAN,BRADSHAW,0.00,,Y,A,-,N,,,,,,,,,,Y,3,0,5,2,A,-,12,21453,A,N,D,C,A,A,H,-,A,A,0,,,,,Y,,A,01,0,2,3,0,0,0,0,0,0,"- ","- ",32.811000823974609,-115.57430267333984,IMPERIAL,"EL CENTRO",-115.57086181640625,32.811080932617188
8695434,2018,2018-09-21,1301,2018-08-21,1149,916,BRAWL,2,5,3,1301,0,0,0,,0,004,PALM,MAIN,35.00,S,N,A,-,N,,,,,,,,,,Y,4,0,1,3,A,-,01,23152,,F,C,C,A,A,H,-,A,A,0,,,,Y,Y,Y,F,21,0,0,1,0,0,0,0,0,0,"- ","- ",,,IMPERIAL,BRAWLEY,-115.52204895019531,32.978546142578125
8696245,2018,2018-10-24,1304,2018-08-17,0724,335,EEAST,5,5,4,1304,0,0,0,,0,EAST,"4TH ST","BRIGHTON AV",0.00,,Y,A,-,Y,IMP,11,86,-,-,7.098,I,5,S,N,4,0,1,2,A,-,09,21802,A,N,D,G,A,A,H,-,A,A,0,,Y,,,Y,,A,07,0,0,1,0,0,0,1,0,0,"- ","- ",,,IMPERIAL,"EL CENTRO",-115.55252075195312,32.789772033691406
8698912,2018,2018-09-27,1304,2018-08-25,2200,354,,6,5,4,1304,0,0,0,,0,,BRIGHTON,14TH,103.00,E,N,A,-,N,,,,,,,,,,Y,3,0,1,2,A,-,01,23152,A,N,D,E,A,A,H,-,C,D,0,,,,,Y,Y,-,,0,1,0,0,0,0,0,0,0,"- ","- ",,,IMPERIAL,"EL CENTRO",-115.56732940673828,32.789741516113281
8703806,2018,2018-10-03,1304,2018-09-07,1401,335,EWEST,5,5,4,1304,0,0,0,,0,WEST,IMPERIAL,BROADWAY,0.00,,Y,A,-,N,,,,,,,,,,Y,4,0,1,3,A,-,03,22350,,N,C,C,A,A,H,-,A,A,0,,,,,Y,,A,01,0,0,1,0,0,0,0,0,0,"- ","- ",,,IMPERIAL,"EL CENTRO",-115.56992340087891,32.793800354003906
8707853,2018,2019-01-07,1304,2018-09-04,0658,345,EWES,2,5,4,1304,0,0,0,,0,WEST,"ADAMS AV","12TH ST",0.00,,-,A,-,Y,IMP,11,86,-,L,8.266,I,5,S,Y,4,0,2,2,A,-,09,21802,A,N,D,C,A,A,H,-,A,A,0,,,,,Y,,A,01,0,0,2,0,0,0,0,0,0,"- ","- ",32.796398162841797,-115.56559753417969,IMPERIAL,"EL CENTRO",-115.56560516357422,32.796554565429688
8707857,2018,2019-01-07,1304,2018-09-07,1159,329,,5,5,4,1304,0,0,0,,0,,"IMPERIAL AV","IMPERIAL AV 700",0.00,,-,A,-,Y,IMP,11,86,-,-,7.054,H,-,S,N,4,0,1,3,A,-,03,22350,,N,C,C,A,A,H,-,A,D,0,,,,,Y,,-,,0,0,1,0,0,0,0,0,0,"- ","- ",,,IMPERIAL,"EL CENTRO",-115.55252838134766,32.789131164550781
8707986,2018,2018-10-22,1301,2018-08-14,1612,913,BRAWL,2,5,3,1301,0,0,0,,0,002,"RT 86","MALAN ST",532.00,S,N,A,-,Y,IMP,11,86,-,-,20.030,H,-,N,Y,3,0,1,2,A,-,08,22107,,N,F,C,A,A,H,-,A,D,0,,,Y,,Y,,A,01,0,1,0,0,0,0,0,0,1,"- ","- ",32.969871520996094,-115.54477691650391,IMPERIAL,BRAWLEY,-115.54412078857422,32.970874786376953
8711567,2018,2018-11-15,1304,2018-10-11,0641,352,EAST,4,5,4,1304,0,0,0,,0,EAST,"INDUSTRY WY",HEIL,1104.00,S,N,A,-,N,,,,,,,,,,N,2,0,1,2,A,-,03,22350,,N,D,C,A,A,H,-,A,-,0,,,Y,Y,Y,,C,02,1,0,0,0,0,0,0,0,1,"- ","- ",,,IMPERIAL,"EL CENTRO",-115.52779388427734,32.783943176269531
8713017,2018,2019-01-30,1304,2018-10-04,1011,329,,4,5,4,1304,0,0,0,,0,WEST,"NORTH IMPERIAL",ADAMS,0.00,,Y,A,-,N,,,,,,,,,,Y,4,0,2,3,A,-,03,22350,,N,C,C,A,A,H,-,A,A,0,,,,,Y,,-,,0,0,2,0,0,0,0,0,0,"- ","- ",,,IMPERIAL,"EL CENTRO",-115.56997680664062,32.796478271484375
8713817,2018,2018-11-06,1304,2018-09-30,0917,E0025,ECSO,7,5,4,1304,0,0,0,,0,"WEST P",ORANGE,LOTUS,0.00,,Y,A,-,N,,,,,,,,,,N,3,0,1,2,A,-,03,22350,,N,G,B,B,A,H,-,A,A,0,Y,,,,Y,,A,01,0,1,0,0,1,0,0,0,0,"- ","- ",,,IMPERIAL,"EL CENTRO",-115.58470916748047,32.788761138916016
8713821,2018,2018-11-06,1304,2018-09-28,2110,326,EWES,5,5,4,1304,0,0,0,,0,WEST,EUCLID,"EUCLID 1690  ( ADAMS FIRE HYRANT)",22.00,N,N,A,-,N,,,,,,,,,,N,3,0,1,3,A,-,09,21804,A,N,D,C,A,A,H,-,C,D,0,,,Y,,Y,,A,01,0,1,0,0,0,0,0,0,1,"- ","- ",,,IMPERIAL,"EL CENTRO",-115.57450103759766,32.796607971191406
8714240,2018,2018-10-22,1304,2018-07-11,1540,337,ELCE,3,5,4,1304,0,0,0,,0,WEST,8TH,PICO,0.00,,Y,A,-,N,,,,,,,,,,Y,4,0,1,2,A,-,09,21800,A,N,D,C,A,A,H,-,A,A,0,,,,,Y,,D,22,0,0,1,0,0,0,0,0,0,"- ","- ",,,IMPERIAL,"EL CENTRO",-115.56140899658203,32.805648803710938
8714953,2018,2018-11-06,1304,2018-10-15,1944,325,ECSO,1,5,4,1304,0,0,0,,0,WEST,PICO,IMPERIAL,0.00,,Y,A,-,N,,,,,,,,,,N,3,0,1,2,B,-,22,,,N,B,G,A,A,H,-,A,D,0,,Y,,,Y,,A,01,0,1,0,0,0,0,1,0,0,"- ","- ",32.805500030517578,-115.57019805908203,IMPERIAL,"EL CENTRO",-115.5701904296875,32.805641174316406
8718491,2018,2019-01-07,1304,2018-09-22,0940,E0031,E1,6,5,4,1304,0,0,0,,0,EAST,4TH,COMMERCIAL,0.00,,Y,A,-,Y,IMP,11,86,-,L,7.453,I,5,N,Y,4,0,1,3,A,-,09,21802,A,N,D,C,A,A,H,-,A,A,0,,,,,Y,,A,01,0,0,1,0,0,0,0,0,0,"- ","- ",,,IMPERIAL,"EL CENTRO",-115.55264282226562,32.795013427734375