CASE_ID,ACCIDENT_YEAR,PROC_DATE,JURIS,COLLISION_DATE,COLLISION_TIME,OFFICER_ID,REPORTING_DISTRICT,DAY_OF_WEEK,CHP_SHIFT,POPULATION,CNTY_CITY_LOC,SPECIAL_COND,BEAT_TYPE,CHP_BEAT_TYPE,CITY_DIVISION_LAPD,CHP_BEAT_CLASS,BEAT_NUMBER,PRIMARY_RD,SECONDARY_RD,DISTANCE,DIRECTION,INTERSECTION,WEATHER_1,WEATHER_2,STATE_HWY_IND,CALTRANS_COUNTY,CALTRANS_DISTRICT,STATE_ROUTE,ROUTE_SUFFIX,POSTMILE_PREFIX,POSTMILE,LOCATION_TYPE,RAMP_INTERSECTION,SIDE_OF_HWY,TOW_AWAY,COLLISION_SEVERITY,NUMBER_KILLED,NUMBER_INJURED,PARTY_COUNT,PRIMARY_COLL_FACTOR,PCF_CODE_OF_VIOL,PCF_VIOL_CATEGORY,PCF_VIOLATION,PCF_VIOL_SUBSECTION,HIT_AND_RUN,TYPE_OF_COLLISION,MVIW,PED_ACTION,ROAD_SURFACE,ROAD_COND_1,ROAD_COND_2,LIGHTING,CONTROL_DEVICE,CHP_ROAD_TYPE,PEDESTRIAN_ACCIDENT,BICYCLE_ACCIDENT,MOTORCYCLE_ACCIDENT,TRUCK_ACCIDENT,NOT_PRIVATE_PROPERTY,ALCOHOL_INVOLVED,STWD_VEHTYPE_AT_FAULT,CHP_VEHTYPE_AT_FAULT,COUNT_SEVERE_INJ,COUNT_VISIBLE_INJ,COUNT_COMPLAINT_PAIN,COUNT_PED_KILLED,COUNT_PED_INJURED,COUNT_BICYCLIST_KILLED,COUNT_BICYCLIST_INJURED,COUNT_MC_KILLED,COUNT_MC_INJURED,PRIMARY_RAMP,SECONDARY_RAMP,LATITUDE,LONGITUDE,COUNTY,CITY,POINT_X,POINT_Y
8732961,2018,2019-01-15,1304,2018-10-13,1054,335,EEAST,6,5,4,1304,0,0,0,,0,EAST,4TH,AURORA,0.00,,Y,A,-,Y,IMP,11,86,-,-,6.324,I,5,N,Y,4,0,2,2,D,-,00,,,N,D,C,A,A,H,-,A,A,0,,,,,Y,,-,"- ",0,0,2,0,0,0,0,0,0,"- ","- ",,,IMPERIAL,"EL CENTRO",-115.55236053466797,32.778446197509766
8744726,2018,2018-12-07,1301,2018-09-24,1116,905,CRAWL,1,5,3,1301,0,0,0,,0,001,"WEST PLZ","MAIN ST",0.00,,Y,A,-,N,,,,,,,,,,N,4,0,1,2,A,-,05,21651,B,N,A,G,A,A,H,-,A,A,0,,Y,,,Y,,A,01,0,0,1,0,0,0,1,0,0,"- ","- ",,,IMPERIAL,BRAWLEY,-115.53616333007812,32.978630065917969
8748855,2018,2019-01-25,1304,2018-11-15,1419,335,EEAST,4,5,4,1304,0,0,0,,0,EAST,MAIN,"2ND ST",0.00,,Y,A,-,N,,,,,,,,,,N,4,0,1,2,A,-,17,22517,,N,B,C,A,A,H,-,A,D,0,,,,,Y,,A,01,0,0,1,0,0,0,0,0,0,"- ","- ",,,IMPERIAL,"EL CENTRO",-115.54647827148438,32.792831420898438
8748872,2018,2019-01-24,1304,2018-11-08,0801,340,E1,4,5,4,1304,0,0,0,,0,WEST,"LA BRUCHERIE",HAMILTON,0.00,,Y,B,-,N,,,,,,,,,,Y,4,0,2,2,A,-,03,22350,,N,C,C,A,A,D,-,A,D,0,,,,,Y,,A,01,0,0,2,0,0,0,0,0,0,"- ","- ",32.785598754882812,-115.57839965820312,IMPERIAL,"EL CENTRO",-115.57856750488281,32.785671234130859
8748876,2018,2019-01-24,1304,2018-11-07,0634,335,ELCE,3,5,4,1304,0,0,0,,0,EAST,"6TH ST",COMMERCIAL,0.00,,Y,A,-,N,,,,,,,,,,N,4,0,1,2,A,-,09,21802,A,N,D,G,A,A,H,-,C,A,0,,Y,,,Y,,L,04,0,0,1,0,0,0,1,0,0,"- ","- ",,,IMPERIAL,"EL CENTRO",-115.55695343017578,32.794879913330078
8748897,2018,2019-01-24,1304,2018-11-19,1433,325,EWEST,1,5,4,1304,0,0,0,,0,WEST,"S 4TH ST","SMOKETREE DR",0.00,,Y,A,-,N,,,,,,,,,,N,4,0,2,2,A,-,03,22350,,N,C,C,A,A,H,-,A,A,0,,,,,Y,,A,01,0,0,2,0,0,0,0,0,0,"- ","- ",32.774791717529297,-115.55258178710938,IMPERIAL,"EL CENTRO",-115.55226135253906,32.775348663330078
8748901,2018,2019-02-14,1304,2018-11-04,2208,E0194,ECSO,7,5,4,1304,0,0,0,,0,WEST,"JACARANDA DR",CYPRESS,418.00,E,N,A,-,N,,,,,,,,,,Y,3,0,1,3,A,-,07,21658,A,N,C,E,A,A,H,-,C,D,0,,,,,Y,,A,01,0,1,0,0,0,0,0,0,0,"- ","- ",,,IMPERIAL,"EL CENTRO",-115.56369018554688,32.767929077148438
8749319,2018,2018-12-18,1304,2018-09-18,0924,E0075,EWES,2,5,4,1304,0,0,0,,0,WEST,"8TH ST","ADAMS AV",0.00,,Y,A,-,N,,,,,,,,,,N,3,0,1,2,A,-,12,21453,A,N,-,G,A,A,H,-,A,A,0,,Y,,,Y,,L,04,0,1,0,0,0,0,1,0,0,"- ","- ",,,IMPERIAL,"EL CENTRO",-115.56147766113281,32.796550750732422
8757514,2018,2019-01-30,1304,2018-12-01,1732,337,ELCE,6,5,4,1304,0,0,0,,0,EAST,DOGWOOD,ROSS,251.00,S,N,A,-,N,,,,,,,,,,Y,4,0,2,3,A,-,03,22350,,N,C,C,A,A,H,-,B,A,0,,,,,Y,Y,A,01,0,0,2,0,0,0,0,0,0,"- ","- ",32.780170440673828,-115.53527069091797,IMPERIAL,"EL CENTRO",-115.53536224365234,32.780803680419922
8760063,2018,2019-01-14,1304,2018-11-09,1854,359,EAST,5,5,4,1304,0,0,0,,0,EAST,"4TH ST","HORNE RD",0.00,,Y,A,-,Y,IMP,11,86,-,-,5.412,I,5,S,Y,4,0,2,2,A,-,09,21802,A,N,D,C,A,A,H,-,D,A,0,,,,,Y,,A,01,0,0,2,0,0,0,0,0,0,"- ","- ",32.765239715576172,-115.55211639404297,IMPERIAL,"EL CENTRO",-115.55209350585938,32.765182495117188
8771368,2018,2019-02-04,1304,2018-12-06,0806,335,EAST,4,5,4,1304,0,0,0,,0,EAST,6TH,ADAMS,0.00,,Y,B,-,Y,IMP,11,86,-,L,7.770,I,5,N,N,4,0,1,2,D,-,00,,,N,D,C,A,B,H,-,A,A,0,,,,,Y,,-,"- ",0,0,1,0,0,0,0,0,0,"- ","- ",,,IMPERIAL,"EL CENTRO",-115.55709838867188,32.796558380126953
8773314,2018,2019-01-07,1304,2018-12-06,1728,351,EAST,4,5,4,1304,0,0,0,,0,EAST,"S 4TH ST","SMOKETREE DR",58.00,S,N,C,-,N,,,,,,,,,,N,4,0,1,2,A,-,09,21804,A,N,D,C,A,B,H,-,C,D,0,,,,,Y,,A,01,0,0,1,0,0,0,0,0,0,"- ","- ",,,IMPERIAL,"EL CENTRO",-115.55230712890625,32.775196075439453
8774973,2018,2019-01-10,1304,2018-11-30,0820,330,E1,5,5,4,1304,0,0,0,,0,WEST,LOTUS,MAIN,0.00,,N,A,-,N,,,,,,,,,,N,4,0,2,2,A,-,09,21804,A,M,B,C,A,A,H,-,A,D,0,,,,,Y,,A,01,0,0,2,0,0,0,0,0,0,"- ","- ",32.793899536132812,-115.58470153808594,IMPERIAL,"EL CENTRO",-115.58474731445312,32.792819976806641
8776976,2018,2019-01-24,1304,2018-12-23,1322,337,EEAST,7,5,4,1304,0,0,0,,0,EAST,8TH,EUCLID,0.00,,Y,A,-,N,,,,,,,,,,Y,2,0,2,2,A,-,09,21802,A,N,D,C,A,A,H,-,A,A,0,,,,,Y,Y,-,,1,0,1,0,0,0,0,0,0,"- ","- ",32.798000335693359,-115.56099700927734,IMPERIAL,"EL CENTRO",-115.56146240234375,32.798381805419922
8783938,2018,2019-01-29,1304,2018-12-15,1724,337,EEAST,6,5,4,1304,0,0,0,,0,EAST,5TH,ORANGE,0.00,,Y,A,-,N,,,,,,,,,,N,4,0,1,2,A,-,12,22450,A,N,D,G,A,A,H,-,C,A,0,,Y,,,Y,Y,L,04,0,0,1,0,0,0,1,0,0,"- ","- ",32.788749694824219,-115.55471801757812,IMPERIAL,"EL CENTRO",-115.55471801757812,32.788791656494141
8785337,2018,2019-02-15,1301,2018-12-16,1005,905,BRAWL,7,5,3,1301,0,0,0,,0,002,"LEGION RD","RT 86",107.00,W,N,A,-,Y,IMP,11,86,-,-,19.190,I,6,N,N,4,0,2,2,A,-,04,21703,,N,C,C,A,A,H,-,A,A,0,,,,,Y,,A,01,0,0,2,0,0,0,0,0,0,"- ","- ",,,IMPERIAL,BRAWLEY,-115.55059051513672,32.959941864013672
8789603,2019,2019-03-08,1304,2019-01-24,1449,354,EAST,4,5,4,1304,0,0,0,,0,,"4TH ST","SMOKETREE DR",0.00,,-,A,-,Y,IMP,11,86,-,-,6.130,H,-,S,Y,3,0,1,3,A,-,03,22350,,N,-,C,A,A,H,-,A,A,0,,,,,Y,,-,,0,1,0,0,0,0,0,0,0,"- ","- ",,,IMPERIAL,"EL CENTRO",-115.55228424072266,32.775608062744141
8794668,2018,2019-03-27,1301,2018-12-10,1902,906,BRAWL,1,5,3,1301,0,0,0,,0,002,"RT 86","WILDCAT RD",0.00,,Y,A,-,Y,IMP,11,86,-,-,19.490,H,-,S,N,3,0,1,2,A,-,11,21456,B,N,H,G,A,A,H,-,C,A,0,,Y,,,Y,,L,04,0,1,0,0,0,0,1,0,0,"- ","- ",,,IMPERIAL,BRAWLEY,-115.54831695556641,32.963871002197266
8801499,2019,2019-03-04,1304,2019-02-06,1238,354,EAST,3,5,4,1304,0,0,0,,0,,IMPERIAL,MAIN,210.00,N,N,A,-,N,,,,,,,,,,Y,4,0,1,2,A,-,09,21801,A,N,D,C,A,A,H,-,A,A,0,,,,,Y,,A,01,0,0,1,0,0,0,0,0,0,"- ","- ",,,IMPERIAL,"EL CENTRO",-115.56990814208984,32.793373107910156
8802645,2018,2019-02-26,1301,2018-12-08,0844,915,BRAWL,6,5,3,1301,0,0,0,,0,0B4,MAIN,9TH,128.00,E,N,A,-,N,,,,,,,,,,Y,3,0,3,7,A,-,03,22350,,N,D,C,A,A,H,-,A,D,0,,,,,Y,,A,01,0,1,2,0,0,0,0,0,0,"- ","- ",,,IMPERIAL,BRAWLEY,-115.52823638916016,32.978641510009766
8803060,2019,2019-02-21,1304,2019-02-04,1437,343,ELCE,1,5,4,1304,0,0,0,,0,WEST,"W MAIN","23RD ST",40.00,W,N,B,-,N,,,,,,,,,,N,3,0,1,2,A,-,11,21954,A,N,G,B,D,A,H,-,A,D,0,Y,,,,Y,,N,60,0,1,0,0,1,0,0,0,0,"- ","- ",,,IMPERIAL,"EL CENTRO",-115.58255767822266,32.792827606201172
8803591,2018,2019-02-28,1301,2018-12-19,1554,912,BRAWL,3,5,3,1301,0,0,0,,0,004,"K ST","VINE AV",0.00,,Y,A,-,N,,,,,,,,,,Y,4,0,1,2,A,-,09,21801,A,N,-,C,A,A,H,-,-,A,0,,,,Y,Y,,F,26,0,0,1,0,0,0,0,0,0,"- ","- ",,,IMPERIAL,BRAWLEY,-115.52767944335938,32.973098754882812
8804165,2018,2019-03-01,1301,2018-12-04,1536,912,BRAWL,2,5,3,1301,0,0,0,,0,001,MAIN,2ND,293.00,E,N,A,-,N,,,,,,,,,,Y,4,0,2,2,A,-,09,21804,,N,D,C,A,A,H,-,B,A,0,,,,,Y,,-,"- ",0,0,2,0,0,0,0,0,0,"- ","- ",,,IMPERIAL,BRAWLEY,-115.53849792480469,32.978630065917969
8808069,2019,2021-05-25,1304,2019-02-28,0028,351,EAST,4,5,4,1304,0,0,0,,0,EAST,4TH,"DESERT GARDENS",301.00,S,N,A,-,Y,IMP,11,86,-,-,6.440,H,-,N,N,1,1,0,2,A,-,11,21954,A,N,G,B,D,A,H,-,C,D,0,Y,,,,Y,Y,N,60,0,0,0,1,0,0,0,0,0,"- ","- ",,,IMPERIAL,"EL CENTRO",-115.55240631103516,32.780105590820312
8808533,2018,2019-11-23,1302,2018-12-27,0516,CX118,1302,4,5,4,1302,0,0,0,,0,002,"E 5TH ST","HEBER AV",0.00,,Y,A,-,N,,,,,,,,,,N,4,0,1,2,A,-,12,22450,A,N,D,C,A,A,H,-,C,A,0,,,,,Y,,A,01,0,0,1,0,0,0,0,0,0,"- ","- ",,,IMPERIAL,CALEXICO,-115.49350738525391,32.669830322265625
8808537,2018,2019-11-23,1302,2018-12-06,2337,CX118,1302,4,5,4,1302,0,0,0,,0,001,"W 2ND ST","CESAR CHAVEZ BL",0.00,,Y,A,-,N,,,,,,,,,,Y,4,0,1,2,A,-,12,21453,A,N,D,C,A,B,H,-,C,A,0,,,,,Y,,A,01,0,0,1,0,0,0,0,0,0,"- ","- ",,,IMPERIAL,CALEXICO,-115.50086212158203,32.666690826416016
8808673,2018,2020-02-28,1302,2018-04-25,1851,565,1302,3,5,4,1302,0,0,0,,0,002,"RT 98","HEBER AV",26.00,E,N,A,-,Y,IMP,11,98,-,-,32.614,I,5,E,Y,4,0,1,2,A,-,09,21804,A,N,D,C,A,A,H,-,B,A,0,,,,,Y,,A,01,0,0,1,0,0,0,0,0,0,"- ","- ",,,IMPERIAL,CALEXICO,-115.49354553222656,32.679180145263672
8808752,2019,2019-10-21,1304,2019-09-07,1229,E0029,EWEST,6,5,4,1304,0,0,0,,0,WEST,"ADAMS AV","8TH ST",0.00,,-,A,-,N,,,,,,,,,,Y,3,0,3,3,-,-,"- ",,,N,C,E,A,A,H,-,A,D,0,,,,,Y,,-,"- ",0,1,2,0,0,0,0,0,0,"- ","- ",32.796638488769531,-115.56239318847656,IMPERIAL,"EL CENTRO",-115.56147766113281,32.796550750732422
8808878,2019,2020-01-21,1301,2019-08-07,1946,903,BRAWL,3,5,3,1301,0,0,0,,0,001,"MAIN ST","WESTERN AV",0.00,,Y,A,-,Y,IMP,11,86,-,-,20.749,I,5,N,Y,4,0,2,2,A,-,12,21453,A,N,D,C,A,A,H,-,B,A,0,,,,,Y,,A,01,0,0,2,0,0,0,0,0,0,"- ","- ",,,IMPERIAL,BRAWLEY,-115.54365539550781,32.978656768798828
8809147,2019,2019-05-16,1304,2019-01-24,1435,344,ELCE,4,5,4,1304,0,0,0,,0,WEST,"FIELDVIEW AV","12TH ST",0.00,,N,A,-,N,,,,,,,,,,N,3,0,1,2,A,-,05,21650,1,N,D,G,A,A,H,-,A,D,0,,Y,,,Y,,L,04,0,1,0,0,0,0,1,0,0,"- ","- ",32.761310577392578,-115.56381225585938,IMPERIAL,"EL CENTRO",,
8816420,2018,2019-03-06,1301,2018-12-13,0758,912,BRAWL,4,5,3,1301,0,0,0,,0,001,MAIN,3RD,0.00,,Y,A,-,N,,,,,,,,,,N,4,0,1,2,A,-,09,21804,,N,G,B,B,A,H,-,A,A,0,Y,,,,Y,,-,"- ",0,0,1,0,1,0,0,0,0,"- ","- ",,,IMPERIAL,BRAWLEY,-115.53722381591797,32.978630065917969
8819244,2019,2019-05-23,1304,2019-02-10,1416,345,,7,5,4,1304,0,0,0,,0,EAST,"4TH ST",DANENBERG,0.00,,Y,A,-,Y,IMP,11,86,-,-,5.550,H,-,S,Y,4,0,1,2,A,-,01,23152,A,N,C,C,A,A,H,-,A,A,0,,,,,Y,Y,A,01,0,0,1,0,0,0,0,0,0,"- ","- ",32.767169952392578,-115.55214691162109,IMPERIAL,"EL CENTRO",-115.55213165283203,32.767158508300781
8820568,2019,2019-03-18,1304,2019-02-23,0426,361,EWEST,6,5,4,1304,0,0,0,,0,WEST,ADAMS,"ADAMS  1600",0.00,,Y,A,-,N,,,,,,,,,,Y,3,0,1,3,A,-,01,23152,A,N,B,E,A,A,A,-,C,D,0,,,,,Y,Y,A,01,0,1,0,0,0,0,0,0,0,"- ","- ",32.796440124511719,-115.57379150390625,IMPERIAL,"EL CENTRO",-115.572157,32.796478999999998
8834210,2019,2019-04-11,1304,2019-03-14,1707,354,,4,5,4,1304,0,0,0,,0,,IMPERIAL,BRIGHTON,0.00,,Y,A,-,N,,,,,,,,,,Y,3,0,1,2,D,-,00,,,N,A,C,A,A,H,-,A,A,0,,,,,Y,,-,"- ",0,1,0,0,0,0,0,0,0,"- ","- ",,,IMPERIAL,"EL CENTRO",-115.56983947753906,32.789699554443359
8838129,2019,2019-05-31,1304,2019-03-17,1057,343,ELCE,7,5,4,1304,0,0,0,,0,EAST,4TH,SANDALWOOD,23.00,S,N,A,-,Y,IMP,11,86,-,-,6.560,H,-,S,Y,4,0,1,3,A,-,03,22350,,N,C,C,A,A,H,-,A,A,0,,,,,Y,,D,22,0,0,1,0,0,0,0,0,0,"- ","- ",,,IMPERIAL,"EL CENTRO",-115.55244445800781,32.781951904296875
8838133,2019,2019-06-11,1304,2019-03-05,1838,362,E1,2,5,4,1304,0,0,0,,0,EAST,4TH,VINE,0.00,,Y,B,C,Y,IMP,11,86,-,-,6.773,I,5,S,Y,3,0,3,2,A,-,09,21802,A,N,D,C,A,B,H,-,C,A,0,,,,,Y,,A,01,0,3,0,0,0,0,0,0,0,"- ","- ",,,IMPERIAL,"EL CENTRO",-115.55249786376953,32.784961700439453
8838137,2019,2019-05-09,1304,2019-03-15,0244,341,EAST,5,5,4,1304,0,0,0,,0,EAST,"E MAIN ST",COOLEY,1056.00,W,N,A,-,N,,,,,,,,,,Y,4,0,1,1,A,-,08,22107,,N,E,I,A,A,H,-,C,D,0,,,,,Y,,A,01,0,0,1,0,0,0,0,0,0,"- ","- ",,,IMPERIAL,"EL CENTRO",-115.52169036865234,32.794570922851562
8842602,2019,2019-05-29,1301,2019-03-20,2159,902,BRAWL,3,5,3,1301,0,0,0,,0,0B4,"RT 111","RT 78",0.00,,Y,A,-,Y,IMP,11,111,-,-,23.787,I,5,S,Y,4,0,1,2,D,-,00,,,N,D,C,A,A,H,-,C,A,0,,,,Y,Y,,-,"- ",0,0,1,0,0,0,0,0,0,"- ","- ",,,IMPERIAL,BRAWLEY,-115.52647399902344,33.002422332763672
8842606,2019,2019-05-29,1301,2019-03-14,1248,906,BRAWL,4,5,3,1301,0,0,0,,0,003,"SHANK DR","RT 111",0.00,,Y,A,-,Y,IMP,11,111,-,-,23.538,I,5,S,Y,4,0,1,2,A,-,09,21800,A,N,B,C,A,A,H,-,A,A,0,,,,,Y,,D,22,0,0,1,0,0,0,0,0,0,"- ","- ",,,IMPERIAL,BRAWLEY,-115.52642059326172,32.998832702636719
8842871,2019,2019-04-25,1304,2019-04-10,0839,324,,3,5,4,1304,0,0,0,,0,EAST,"E GILLETTE RD","COOLEY RD",0.00,W,N,A,-,N,,,,,,,,,,Y,4,0,1,1,A,-,17,21658,B,N,A,I,A,A,H,-,A,D,0,,,,,Y,,A,01,0,0,1,0,0,0,0,0,0,"- ","- ",32.792728424072266,-115.52387237548828,IMPERIAL,"EL CENTRO",-115.51840972900391,32.792800903320312
8853895,2019,2019-05-08,1304,2019-04-21,0024,329,,7,5,4,1304,0,0,0,,0,PATROL,IMPERIAL,ROSS,0.00,,Y,A,-,N,,,,,,,,,,Y,3,0,3,2,A,-,12,21453,A,N,D,C,A,A,H,-,C,A,0,,,,,Y,,A,01,0,3,0,0,0,0,0,0,0,"- ","- ",,,IMPERIAL,"EL CENTRO",-115.56968688964844,32.781478881835938
8867803,2019,2019-05-28,1304,2019-05-07,2016,E0031,E1,2,5,4,1304,0,0,0,,0,EAST,"S 7TH ST",WENSLEY,0.00,,Y,A,-,N,,,,,,,,,,N,3,0,1,2,A,-,10,21950,A,N,G,B,B,A,H,-,C,A,0,Y,,,,Y,,-,,0,1,0,0,1,0,0,0,0,"- ","- ",,,IMPERIAL,"EL CENTRO",-115.55905914306641,32.784030914306641
8867807,2019,2019-05-29,1304,2019-05-08,0737,359,,3,5,4,1304,0,0,0,,0,EAST,"8TH ST","WAKE AV",0.00,,Y,A,-,N,,,,,,,,,,Y,3,0,4,4,A,-,03,22350,,N,C,C,A,A,H,-,A,A,0,,,,,Y,,A,01,0,4,0,0,0,0,0,0,0,"- ","- ",,,IMPERIAL,"EL CENTRO",-115.56105804443359,32.770641326904297
8873440,2019,2019-06-06,1304,2019-05-01,1747,326,EEAS,3,5,4,1304,0,0,0,,0,901,2ND,BRIGHTON,135.00,S,N,A,-,N,,,,,,,,,,N,2,0,1,2,A,-,06,21760,C,N,B,G,A,A,H,-,A,D,0,,Y,,,Y,,A,01,1,0,0,0,0,0,1,0,0,"- ","- ",,,IMPERIAL,"EL CENTRO",-115.54647064208984,32.789402008056641
8874638,2019,2019-06-20,1304,2019-05-17,1353,326,EWES,5,5,4,1304,0,0,0,,0,901,ROSS,"MONTENEGO AV",0.00,,Y,A,-,N,,,,,,,,,,Y,3,0,2,2,A,-,09,21804,A,N,-,C,A,A,H,-,A,D,0,,,,,Y,,A,01,0,1,1,0,0,0,0,0,0,"- ","- ",,,IMPERIAL,"EL CENTRO",-115.5322,32.781500000000001
8875817,2019,2019-07-08,1304,2019-06-01,0817,E0194,ELCE,6,5,4,1304,0,0,0,,0,EAST,ROSS,"1ST ST",53.00,,N,A,-,N,,,,,,,,,,Y,4,0,2,2,A,-,06,21750,,N,D,C,A,A,H,-,A,D,0,,,,,Y,,A,07,0,0,2,0,0,0,0,0,0,"- ","- ",,,IMPERIAL,"EL CENTRO",-115.54387664794922,32.781501770019531
8879244,2019,2019-06-21,1301,2019-04-06,1306,913,BRAWL,6,5,3,1301,0,0,0,,0,002,K,"S 3RD",0.00,,Y,A,-,N,,,,,,,,,,Y,4,0,1,2,A,-,09,21800,A,N,D,C,A,A,H,-,A,A,0,,,,,Y,,A,01,0,0,1,0,0,0,0,0,0,"- ","- ",,,IMPERIAL,BRAWLEY,-115.53720855712891,32.973110198974609
8884921,2019,2019-07-02,1304,2019-06-01,2148,335,EWEST,6,5,4,1304,0,0,0,,0,WEST,"LA BRUCHERIE",MAIN,0.00,,Y,A,-,N,,,,,,,,,,Y,4,0,2,2,A,-,01,23152,A,N,C,C,A,A,H,-,C,A,0,,,,,Y,Y,A,01,0,0,2,0,0,0,0,0,0,"- ","- ",,,IMPERIAL,"EL CENTRO",-115.57862854003906,32.792861938476562
8884925,2019,2019-07-02,1304,2019-06-08,2211,333,E1,6,5,4,1304,0,0,0,,0,WEST,"LOTUS AV","MAIN ST",0.00,,Y,A,-,N,,,,,,,,,,Y,4,0,1,2,A,-,09,21800,A,N,D,C,A,A,H,-,C,A,0,,,,,Y,,A,01,0,0,1,0,0,0,0,0,0,"- ","- ",,,IMPERIAL,"EL CENTRO",-115.58474731445312,32.792819976806641
8887811,2019,2019-07-22,1304,2019-06-05,1814,332,EAST,3,5,4,1304,0,0,0,,0,EAST,8TH,"RAIL ROAD",500.00,S,N,A,-,N,,,,,,,,,,Y,4,0,4,3,A,-,03,22350,,N,B,C,A,A,H,-,A,D,0,,,,,Y,,-,,0,0,4,0,0,0,0,0,0,"- ","- ",,,IMPERIAL,"EL CENTRO",-115.56153106689453,32.817466735839844
8900106,2019,2019-07-30,1304,2019-07-03,0125,E0031,ELCE,3,5,4,1304,0,0,0,,0,EAST,3RD,MAGNOLIA,0.00,N,N,A,-,N,,,,,,,,,,Y,3,0,1,3,A,-,01,23152,A,N,B,E,A,A,H,-,C,D,0,,,,,Y,Y,-,,0,1,0,0,0,0,0,0,0,"- ","- ",,,IMPERIAL,"EL CENTRO",-115.54881286621094,32.801418304443359
8900150,2019,2019-07-30,1304,2019-07-11,1415,327,EWEST,4,5,4,1304,0,0,0,,0,WEST,"S IMPERIAL",PEPPER,82.00,N,N,A,-,N,,,,,,,,,,N,3,0,3,2,A,-,09,21804,A,N,D,C,A,A,H,-,A,D,0,,,,,Y,,A,01,0,1,2,0,0,0,0,0,0,"- ","- ",,,IMPERIAL,"EL CENTRO",-115.56970977783203,32.779632568359375
8900311,2019,2019-07-29,1304,2019-06-10,0954,331,,1,5,4,1304,0,0,0,,0,WEST,"MAIN ST","11TH ST",0.00,,Y,A,-,N,,,,,,,,,,Y,3,0,2,2,A,-,09,21802,A,N,D,C,A,A,H,-,A,A,0,,,,,Y,,A,01,0,2,0,0,0,0,0,0,0,"- ","- ",,,IMPERIAL,"EL CENTRO",-115.56443023681641,32.792831420898438
8905405,2018,2019-09-09,1302,2018-12-06,1803,562,1302,4,5,4,1302,0,0,0,,0,002,"EAST 5TH ST","HEFFERNAN AV",42.00,W,N,C,-,N,,,,,,,,,,N,4,0,1,2,A,-,11,21950,B,N,G,B,D,B,H,-,C,A,0,Y,,,,Y,,N,60,0,0,1,0,1,0,0,0,0,"- ","- ",,,IMPERIAL,CALEXICO,-115.49502563476562,32.669830322265625
8905418,2019,2020-05-20,1302,2019-07-10,1146,I0024,ECSC,3,5,4,1302,0,0,0,,0,004,"BOWKER RD","RT 98",0.00,,Y,A,-,Y,IMP,11,98,-,-,34.460,I,6,W,N,4,0,3,2,A,-,04,21703,,N,C,C,A,A,H,-,A,A,0,,,,,Y,,A,01,0,0,3,0,0,0,0,0,0,"- ","- ",,,IMPERIAL,CALEXICO,-115.46537017822266,32.686405181884766
8905422,2019,2020-05-28,1302,2019-05-04,1501,562,1302,6,5,4,1302,0,0,0,,0,002,"IMPERIAL AV","10TH ST",8.00,N,N,A,-,Y,IMP,11,111,-,-,1.076,I,5,N,N,4,0,1,2,A,-,11,21950,B,N,D,G,A,A,H,-,A,A,0,,Y,,,Y,,L,04,0,0,1,0,0,0,1,0,0,"- ","- ",,,IMPERIAL,CALEXICO,-115.49868011474609,32.677524566650391
8906218,2019,2019-07-30,1301,2019-05-10,1636,917,BRAWL,5,5,3,1301,0,0,0,,0,0B4,"J ST","S 13TH ST",137.00,E,N,A,-,N,,,,,,,,,,N,3,0,1,1,A,-,03,22350,,N,E,H,A,A,H,-,A,D,0,,,Y,,Y,,C,02,0,1,0,0,0,0,0,0,1,"- ","- ",,,IMPERIAL,BRAWLEY,-115.51938629150391,32.974201202392578
8910434,2019,2019-12-17,1307,2019-08-01,1921,858,WESTM,4,5,1,1307,0,0,0,,0,,"RT 86","F ST",180.00,E,N,A,-,Y,IMP,11,86,-,-,27.570,H,-,S,N,4,0,5,2,A,-,09,21804,A,N,D,C,A,A,H,-,A,A,0,,,,,Y,,A,07,0,0,5,0,0,0,0,0,0,"- ","- ",,,IMPERIAL,WESTMORLAND,-115.62264251708984,33.037364959716797
8911464,2020,2020-08-25,1301,2020-07-02,2126,908,BRAWL,4,5,3,1301,0,0,0,,0,0B2,DOGWOOD,"MEAD RD",0.00,,-,A,-,N,,,,,,,,,,Y,1,1,1,1,A,-,03,22350,,N,E,I,A,A,H,-,D,D,0,,,,,Y,,A,01,0,1,0,0,0,0,0,0,0,"- ","- ",32.955760955810547,-115.93563842773438,IMPERIAL,BRAWLEY,-115.53523254394531,32.956329345703125
8911547,2019,2021-06-02,1302,2019-12-10,0528,CX186,1302,2,5,4,1302,0,0,0,,0,CX4,"RT 111","JASPER RD",0.00,S,N,A,-,Y,IMP,11,111,-,R,3.200,H,-,S,N,1,1,0,2,A,-,05,21650,,N,C,G,A,A,H,-,D,A,0,,Y,,,Y,,L,04,0,0,0,0,0,1,0,0,0,"- ","- ",,,IMPERIAL,CALEXICO,-115.49942016601562,32.708454132080078
8912770,2019,2019-09-10,1304,2019-07-26,0832,360,EAST,5,5,4,1304,0,0,0,,0,EAST,MAIN,3RD,0.00,,Y,A,-,N,,,,,,,,,,N,3,0,2,3,A,-,09,21802,A,N,D,C,A,A,H,-,A,A,0,,,,,Y,,A,01,0,2,0,0,0,0,0,0,0,"- ","- ",32.792858123779297,-115.54875946044922,IMPERIAL,"EL CENTRO",-115.54879760742188,32.792839050292969
8912882,2019,2019-09-03,1304,2019-08-10,2032,337,ELCE,6,5,4,1304,0,0,0,,0,WEST,OCOTILLO,COTTONWOOD,0.00,,Y,A,-,N,,,,,,,,,,N,3,0,1,2,D,-,00,,,N,G,B,E,A,H,-,C,D,0,Y,,,,Y,,-,"- ",0,1,0,0,1,0,0,0,0,"- ","- ",32.777141571044922,-115.57093048095703,IMPERIAL,"EL CENTRO",-115.57099151611328,32.777179718017578
8912954,2019,2021-06-03,1304,2019-07-28,2031,369,E1,7,5,4,1304,0,0,0,,0,ECWEST,IMPERIAL,"BARBARA WORTH",0.00,,Y,A,-,N,,,,,,,,,,N,3,0,1,2,A,-,11,21954,A,N,G,B,D,A,H,-,C,D,0,Y,,,,Y,Y,N,60,0,1,0,0,1,0,0,0,0,"- ","- ",,,IMPERIAL,"EL CENTRO",-115.5699462890625,32.794628143310547
8921139,2018,2019-09-10,1302,2018-10-06,1103,CX088,1302,6,5,4,1302,0,0,0,,0,002,"GRANT ST","EMERSON AV",0.00,,Y,A,-,N,,,,,,,,,,N,4,0,1,2,A,-,06,21750,,N,B,C,A,A,H,-,A,D,0,,,,Y,Y,,A,01,0,0,1,0,0,0,0,0,0,"- ","- ",,,IMPERIAL,CALEXICO,-115.49992370605469,32.674030303955078