CASE_ID,ACCIDENT_YEAR,PROC_DATE,JURIS,COLLISION_DATE,COLLISION_TIME,OFFICER_ID,REPORTING_DISTRICT,DAY_OF_WEEK,CHP_SHIFT,POPULATION,CNTY_CITY_LOC,SPECIAL_COND,BEAT_TYPE,CHP_BEAT_TYPE,CITY_DIVISION_LAPD,CHP_BEAT_CLASS,BEAT_NUMBER,PRIMARY_RD,SECONDARY_RD,DISTANCE,DIRECTION,INTERSECTION,WEATHER_1,WEATHER_2,STATE_HWY_IND,CALTRANS_COUNTY,CALTRANS_DISTRICT,STATE_ROUTE,ROUTE_SUFFIX,POSTMILE_PREFIX,POSTMILE,LOCATION_TYPE,RAMP_INTERSECTION,SIDE_OF_HWY,TOW_AWAY,COLLISION_SEVERITY,NUMBER_KILLED,NUMBER_INJURED,PARTY_COUNT,PRIMARY_COLL_FACTOR,PCF_CODE_OF_VIOL,PCF_VIOL_CATEGORY,PCF_VIOLATION,PCF_VIOL_SUBSECTION,HIT_AND_RUN,TYPE_OF_COLLISION,MVIW,PED_ACTION,ROAD_SURFACE,ROAD_COND_1,ROAD_COND_2,LIGHTING,CONTROL_DEVICE,CHP_ROAD_TYPE,PEDESTRIAN_ACCIDENT,BICYCLE_ACCIDENT,MOTORCYCLE_ACCIDENT,TRUCK_ACCIDENT,NOT_PRIVATE_PROPERTY,ALCOHOL_INVOLVED,STWD_VEHTYPE_AT_FAULT,CHP_VEHTYPE_AT_FAULT,COUNT_SEVERE_INJ,COUNT_VISIBLE_INJ,COUNT_COMPLAINT_PAIN,COUNT_PED_KILLED,COUNT_PED_INJURED,COUNT_BICYCLIST_KILLED,COUNT_BICYCLIST_INJURED,COUNT_MC_KILLED,COUNT_MC_INJURED,PRIMARY_RAMP,SECONDARY_RAMP,LATITUDE,LONGITUDE,COUNTY,CITY,POINT_X,POINT_Y
8921151,2018,2019-09-04,1302,2018-03-23,1956,565,1302,5,5,4,1302,0,0,0,,0,002,"EMERSON AV","MCKINLEY ST",0.00,,Y,-,-,N,,,,,,,,,,Y,4,0,2,2,A,-,09,21802,A,N,D,C,A,A,H,-,C,A,0,,,,Y,Y,,A,01,0,0,2,0,0,0,0,0,0,"- ","- ",,,IMPERIAL,CALEXICO,-115.49992370605469,32.676109313964844
8921292,2018,2019-09-10,1302,2018-11-30,1546,562,1302,5,5,4,1302,0,0,0,,0,004,"ANDRADE AV","ROSAS ST",0.00,,Y,A,-,N,,,,,,,,,,Y,4,0,1,2,A,-,09,21804,A,N,D,D,A,A,H,-,A,A,0,,,,,Y,,A,01,0,0,1,0,0,0,0,0,0,"- ","- ",,,IMPERIAL,CALEXICO,-115.48255920410156,32.680461883544922
8921296,2018,2019-09-10,1302,2018-11-09,0832,562,1302,5,5,4,1302,0,0,0,,0,004,"ANDRADE AV","ZAPPONE ST",37.00,N,N,A,-,N,,,,,,,,,,Y,4,0,1,2,A,-,03,22350,,N,C,C,A,A,H,-,A,A,0,,,,,Y,,A,01,0,0,1,0,0,0,0,0,0,"- ","- ",,,IMPERIAL,CALEXICO,-115.48253631591797,32.688613891601562
8921300,2018,2019-09-10,1302,2018-11-08,1120,535,1302,4,5,4,1302,0,0,0,,0,004,"COLE BL","ROCKWOOD AV",0.00,W,N,A,-,N,,,,,,,,,,Y,4,0,1,2,A,-,03,22350,,N,C,C,A,A,H,-,A,A,0,,,,,Y,,A,01,0,0,1,0,0,0,0,0,0,"- ","- ",,,IMPERIAL,CALEXICO,-115.49627685546875,32.693958282470703
8921332,2018,2019-09-06,1302,2018-03-07,1829,I0005,1302,3,5,4,1302,0,0,0,,0,,"2ND ST","MARY AV",100.00,E,N,A,-,N,,,,,,,,,,N,3,0,1,2,A,-,11,21954,A,N,D,B,D,A,H,-,C,D,0,Y,,,,Y,,N,60,0,1,0,0,1,0,0,0,0,"- ","- ",,,IMPERIAL,CALEXICO,-115.49176025390625,32.666690826416016
8921351,2018,2019-09-10,1302,2018-12-04,0138,CX014,1302,2,5,4,1302,0,0,0,,0,002,"1ST ST","ANDRADE AV",235.00,W,N,A,-,N,,,,,,,,,,Y,2,0,1,2,A,-,01,23152,B,N,G,B,E,A,H,-,C,A,0,Y,,,,Y,Y,A,01,1,0,0,0,1,0,0,0,0,"- ","- ",,,IMPERIAL,CALEXICO,-115.48330688476562,32.665943145751953
8921355,2018,2019-09-10,1302,2018-12-13,0814,557,1302,4,5,4,1302,0,0,0,,0,004,"ROCKWOOD AV","AVENIDA CAMPILLO",12.00,S,N,A,-,N,,,,,,,,,,N,4,0,1,2,A,-,10,21950,A,N,G,B,B,A,H,-,A,A,0,Y,,,,Y,,A,01,0,0,1,0,1,0,0,0,0,"- ","- ",,,IMPERIAL,CALEXICO,-115.49627685546875,32.692245483398438
8922330,2019,2019-08-30,1302,2019-05-22,1203,565,1302,3,5,4,1302,0,0,0,,0,004,"COLE RD","SCARONI AV",0.00,,Y,A,-,N,,,,,,,,,,N,4,0,1,2,A,-,12,22450,A,N,B,C,A,A,H,-,A,A,0,,,,,Y,,A,01,0,0,1,0,0,0,0,0,0,"- ","- ",,,IMPERIAL,CALEXICO,-115.50023651123047,32.6939697265625
8924004,2018,2019-09-13,1302,2018-09-27,0747,542,1302,4,5,4,1302,0,0,0,,0,001,"RT 98","EADY AV",0.00,,Y,A,-,Y,IMP,11,98,-,-,31.510,H,-,E,Y,3,0,1,4,A,-,03,22350,,N,C,C,A,A,H,-,A,A,0,,,,,Y,,A,07,0,1,0,0,0,0,0,0,0,"- ","- ",,,IMPERIAL,CALEXICO,-115.51264190673828,32.679172515869141
8924008,2018,2019-09-13,1302,2018-10-17,1139,557,1302,3,5,4,1302,0,0,0,,0,002,"RT 111","RT 98",0.00,,Y,A,-,Y,IMP,11,98,-,-,32.314,I,5,E,Y,4,0,1,2,A,-,09,21453,C,N,A,C,A,A,H,-,A,A,0,,,,,Y,,A,01,0,0,1,0,0,0,0,0,0,"- ","- ",,,IMPERIAL,CALEXICO,-115.49872589111328,32.679088592529297
8924020,2018,2019-09-13,1302,2018-10-02,1118,I0005,1302,2,5,4,1302,0,0,0,,0,004,"RT 111","COLE RD",472.00,S,N,A,-,Y,IMP,11,111,-,R,2.120,H,-,N,N,4,0,1,2,A,-,03,22350,,N,C,C,A,A,H,-,A,A,0,,,,,Y,,A,01,0,0,1,0,0,0,0,0,0,"- ","- ",,,IMPERIAL,CALEXICO,-115.49925994873047,32.692703247070312
8924027,2018,2019-09-13,1302,2018-01-02,0329,CX014,1302,2,5,4,1302,0,0,0,,0,0C2,"RT 111","3RD ST",132.00,N,N,A,-,Y,IMP,11,111,-,-,0.430,H,-,N,N,3,0,1,2,A,-,11,21954,A,N,G,B,D,A,H,-,C,A,0,Y,,,,Y,,N,60,0,1,0,0,1,0,0,0,0,"- ","- ",,,IMPERIAL,CALEXICO,-115.49868011474609,32.668018341064453
8924028,2018,2019-09-13,1302,2018-10-18,1044,CX164,1302,4,5,4,1302,0,0,0,,0,004,"E COLE RD","RT 111",27.00,E,N,A,-,Y,IMP,11,111,-,R,2.211,I,6,N,N,4,0,1,2,A,-,03,22350,,N,C,C,A,A,H,-,A,A,0,,,,,Y,,A,01,0,0,1,0,0,0,0,0,0,"- ","- ",,,IMPERIAL,CALEXICO,-115.49927520751953,32.694023132324219
8924031,2018,2019-09-30,1302,2018-01-03,1200,CX084,1302,3,5,4,1302,0,0,0,,0,002,"IMPERIAL AV","E 4TH ST",3.00,S,N,A,-,Y,IMP,11,111,-,-,0.479,I,5,N,N,4,0,1,2,A,-,10,21950,A,N,G,G,A,A,H,-,A,A,0,,Y,,,Y,,-,,0,0,1,0,0,0,1,0,0,"- ","- ",,,IMPERIAL,CALEXICO,-115.49868011474609,32.668796539306641
8924036,2018,2019-09-13,1302,2018-10-29,1101,CX010,1302,1,5,4,1302,0,0,0,,0,003,"RT 111","RT 111 2300",0.00,,Y,A,-,Y,IMP,11,111,-,R,2.190,H,-,N,N,4,0,1,2,A,-,03,22350,,N,C,C,A,A,H,-,A,A,0,,,,,Y,,A,01,0,0,1,0,0,0,0,0,0,"- ","- ",,,IMPERIAL,CALEXICO,-115.49927520751953,32.693717956542969
8924039,2018,2019-09-13,1302,2018-01-09,1701,I0005,1302,2,5,4,1302,0,0,0,,0,002,"RT 111","RT 98",50.00,S,N,B,-,Y,IMP,11,111,-,-,1.160,H,-,S,N,4,0,1,2,A,-,07,21658,A,N,C,C,A,A,H,-,B,D,0,,,Y,,Y,,A,01,0,0,1,0,0,0,0,0,1,"- ","- ",,,IMPERIAL,CALEXICO,-115.49871063232422,32.6787109375
8924040,2018,2019-09-13,1302,2018-11-17,1135,562,1302,6,5,4,1302,0,0,0,,0,003,"IMPERIAL AV","W 3RD ST",89.00,S,N,A,-,Y,IMP,11,111,-,-,0.390,H,-,S,N,3,0,1,2,A,-,06,21755,,N,D,C,A,A,H,-,A,D,0,,,Y,,Y,,C,02,0,1,0,0,0,0,0,0,1,"- ","- ",,,IMPERIAL,CALEXICO,-115.49868011474609,32.667556762695312
8924044,2018,2019-09-13,1302,2018-11-20,1502,557,1302,2,5,4,1302,0,0,0,,0,004,"RT 111","CENTRAL MAIN CANAL",978.00,N,N,A,-,Y,IMP,11,111,-,R,2.910,H,-,S,Y,3,0,1,2,A,-,03,22350,A,N,F,C,A,A,H,-,A,D,0,,,,,Y,,A,01,0,1,0,0,0,0,0,0,0,"- ","- ",,,IMPERIAL,CALEXICO,-115.49938201904297,32.704261779785156
8924052,2018,2019-09-17,1302,2018-11-11,1739,561,1302,7,5,4,1302,0,0,0,,0,CX2,"RT 111","9TH ST",0.00,,Y,A,-,Y,IMP,11,111,-,-,0.949,I,5,N,N,4,0,2,2,A,-,08,22107,,N,B,C,A,A,H,-,C,A,0,,,,,Y,,A,01,0,0,2,0,0,0,0,0,0,"- ","- ",,,IMPERIAL,CALEXICO,-115.49868011474609,32.675685882568359
8924055,2018,2019-09-13,1302,2018-03-19,1709,CX088,1302,1,5,4,1302,0,0,0,,0,001,"RT 98","RT 98 1000",0.00,,Y,A,-,Y,IMP,11,98,-,-,25.060,H,-,E,Y,4,0,1,2,A,-,03,22350,,F,C,C,A,A,H,-,A,D,0,,,,,Y,,A,01,0,0,1,0,0,0,0,0,0,"- ","- ",,,IMPERIAL,CALEXICO,-115.62150573730469,32.679229736328125
8924056,2018,2020-01-25,1302,2018-12-11,1553,557,1302,2,5,4,1302,0,0,0,,0,004,"RT 98","BOWKER RD",0.00,,Y,A,-,Y,IMP,11,98,-,-,34.460,I,5,E,Y,4,0,2,2,A,-,09,21800,,N,D,C,A,A,H,-,B,A,0,,,,,Y,,A,01,0,0,2,0,0,0,0,0,0,"- ","- ",,,IMPERIAL,CALEXICO,-115.46536254882812,32.686408996582031
8924060,2018,2019-09-13,1302,2018-12-20,0356,CX084,1302,4,5,4,1302,0,0,0,,0,002,"IMPERIAL AV","E 6TH ST",0.00,,Y,A,-,Y,IMP,11,111,-,-,0.621,I,5,N,Y,2,0,1,2,A,-,09,21801,A,N,D,C,A,A,H,-,C,D,0,,,,,Y,,-,,1,0,0,0,0,0,0,0,0,"- ","- ",,,IMPERIAL,CALEXICO,-115.49868011474609,32.670883178710938
8924067,2018,2019-09-13,1302,2018-05-10,1315,CX156,1302,4,5,4,1302,0,0,0,,0,004,"RT 111","JASPER RD",974.00,S,N,A,-,Y,IMP,11,111,-,R,3.050,H,-,N,Y,4,0,1,3,A,-,03,22350,,N,C,C,A,A,H,-,A,A,0,,,,,Y,,A,01,0,0,1,0,0,0,0,0,0,"- ","- ",,,IMPERIAL,CALEXICO,-115.49939727783203,32.706287384033203
8924071,2018,2019-09-17,1302,2018-05-09,1605,565,1302,3,5,4,1302,0,0,0,,0,002,"RT 111","7TH ST",0.00,,Y,A,-,Y,IMP,11,111,-,-,0.693,I,5,N,Y,4,0,1,2,A,-,17,21100,3,N,D,C,A,A,H,-,A,A,0,,,,,Y,,A,01,0,0,1,0,0,0,0,0,0,"- ","- ",,,IMPERIAL,CALEXICO,-115.49868011474609,32.67193603515625
8924075,2018,2019-09-13,1302,2018-09-17,0820,CX527,1302,1,5,4,1302,0,0,0,,0,001,"RT 111","LANE 1",9.00,W,N,A,-,Y,IMP,11,111,-,R,0.030,H,-,N,N,4,0,1,2,A,-,03,22350,,N,C,C,A,-,H,-,-,A,0,,,Y,,Y,,A,01,0,0,1,0,0,0,0,0,1,"- ","- ",,,IMPERIAL,CALEXICO,-115.49654388427734,32.665199279785156
8924079,2018,2019-09-30,1302,2018-09-13,0810,I0005,1302,4,5,4,1302,0,0,0,,0,004,"RT 98","PAULIN AV",76.00,E,N,A,-,Y,IMP,11,98,-,-,32.400,H,-,W,N,4,0,1,3,A,-,03,22350,,N,C,C,A,A,H,-,A,-,0,,,,,Y,,D,22,0,0,1,0,0,0,0,0,0,"- ","- ",,,IMPERIAL,CALEXICO,-115.49729919433594,32.679122924804688
8924126,2018,2019-09-12,1302,2018-03-02,1713,I0005,1302,5,5,4,1302,0,0,0,,0,003,"RT 111","4TH ST",27.00,S,N,A,-,Y,IMP,11,111,-,-,0.470,H,-,S,N,4,0,2,3,A,-,11,21954,A,N,B,B,D,A,H,-,A,D,0,Y,,Y,,Y,,N,60,0,0,2,0,1,0,0,0,1,"- ","- ",,,IMPERIAL,CALEXICO,-115.49868011474609,32.668670654296875
8924130,2018,2019-09-12,1302,2018-03-08,0808,I0005,1302,4,5,4,1302,0,0,0,,0,004,"RT 98","CALLE DEL ORO AV",0.00,,Y,A,-,Y,IMP,11,98,-,-,32.884,I,5,W,Y,4,0,2,2,A,-,09,21801,A,N,D,C,A,A,H,-,A,D,0,,,,,Y,,A,01,0,0,2,0,0,0,0,0,0,"- ","- ",,,IMPERIAL,CALEXICO,-115.48892974853516,32.67926025390625
8924157,2018,2019-09-12,1302,2018-02-02,1843,CX118,1302,5,5,4,1302,0,0,0,,0,002,"RT 111","RT 98",211.00,S,N,A,-,Y,IMP,11,111,-,-,1.140,H,-,N,Y,4,0,1,2,A,-,07,21658,A,N,D,C,A,A,H,-,C,A,0,,,,,Y,,A,01,0,0,1,0,0,0,0,0,0,"- ","- ",,,IMPERIAL,CALEXICO,-115.49869537353516,32.678440093994141
8924263,2019,2020-06-16,1302,2019-02-21,0810,561,1302,4,5,4,1302,0,0,0,,0,CX4,"RT 98","AVENIDA DE ORO",0.00,,Y,A,-,Y,IMP,11,98,-,-,32.884,I,5,W,Y,3,0,3,4,A,-,08,22107,,N,D,C,A,A,H,-,A,A,0,,,,,Y,,A,01,0,1,2,0,0,0,0,0,0,"- ","- ",,,IMPERIAL,CALEXICO,-115.48892974853516,32.67926025390625
8924271,2019,2020-05-27,1302,2019-03-06,0802,CX118,1302,3,5,4,1302,0,0,0,,0,004,"E COLE RD","RT 111",46.00,E,N,A,-,Y,IMP,11,111,-,R,2.211,I,6,N,N,4,0,1,2,A,-,08,22100,A,N,D,C,A,A,H,-,A,A,0,,,,,Y,,A,01,0,0,1,0,0,0,0,0,0,"- ","- ",,,IMPERIAL,CALEXICO,-115.49927520751953,32.694023132324219
8924277,2019,2020-06-16,1302,2019-02-01,1939,562,1302,5,5,4,1302,0,0,0,,0,002,"RT 98","PAULIN AV",0.00,,Y,B,-,Y,IMP,11,98,-,-,32.386,I,5,E,Y,3,0,1,2,A,-,09,21802,A,N,D,C,A,A,H,-,C,A,0,,,Y,,Y,,A,01,0,1,0,0,0,0,0,0,0,"- ","- ",,,IMPERIAL,CALEXICO,-115.49753570556641,32.679122924804688
8924299,2019,2020-05-28,1302,2019-04-15,1742,535,1302,1,5,4,1302,0,0,0,,0,002,"RT 111","GRANT ST",0.00,,Y,A,-,Y,IMP,11,111,-,-,0.836,I,5,N,Y,4,0,1,2,A,-,12,21453,A,N,D,C,A,A,H,-,A,A,0,,,,,Y,,A,01,0,0,1,0,0,0,0,0,0,"- ","- ",,,IMPERIAL,CALEXICO,-115.49868011474609,32.674034118652344
8924303,2019,2020-09-18,1302,2019-04-17,1523,557,1302,3,5,4,1302,0,0,0,,0,001,"RT 98","KLOKE AV",150.00,E,N,A,-,Y,IMP,11,98,-,-,3.134,H,-,E,Y,4,0,1,3,A,-,03,22350,A,N,C,C,A,A,H,-,A,A,0,,,,,Y,,A,01,0,0,1,0,0,0,0,0,0,"- ","- ",,,IMPERIAL,CALEXICO,-115.96816253662109,32.722572326660156
8924307,2019,2020-06-16,1302,2019-04-26,0741,565,1302,5,5,4,1302,0,0,0,,0,004,"RT 98","RT 111",35.00,W,N,A,-,Y,IMP,11,98,-,-,32.320,H,-,W,Y,4,0,1,2,A,-,04,21703,,N,C,C,A,A,H,-,A,A,0,,,,,Y,,A,01,0,0,1,0,0,0,0,0,0,"- ","- ",,,IMPERIAL,CALEXICO,-115.49861907958984,32.679088592529297
8924315,2019,2020-09-18,1302,2019-05-02,0855,562,1302,4,5,4,1302,0,0,0,,0,004,"RT 98","C N PERRY AV",37.00,E,N,A,-,Y,IMP,11,98,-,-,32.674,I,5,W,N,3,0,1,2,A,-,10,21950,A,N,G,B,B,A,H,-,A,A,0,Y,,,,Y,,A,07,0,1,0,0,1,0,0,0,0,"- ","- ",,,IMPERIAL,CALEXICO,-115.49253082275391,32.67919921875
8924758,2018,2019-09-03,1302,2018-07-20,1050,542,1302,5,5,4,1302,0,0,0,,0,004,"COLE RD","ROCKWOOD AV",183.00,E,N,A,-,N,,,,,,,,,,Y,4,0,1,3,A,-,05,21460,A,N,D,C,A,A,H,-,A,D,0,,,,Y,Y,,F,26,0,0,1,0,0,0,0,0,0,"- ","- ",,,IMPERIAL,CALEXICO,-115.49568939208984,32.693958282470703
8925225,2018,2019-08-28,1302,2018-06-15,1020,561,1302,5,5,4,1302,0,0,0,,0,CX4,"ANDRADE AV","LIGHT POLE #11123739C",24.00,N,N,A,-,N,,,,,,,,,,N,4,0,1,2,A,-,03,22350,,N,C,C,A,A,H,-,A,A,0,,,,,Y,,A,01,0,0,1,0,0,0,0,0,0,"- ","- ",,,IMPERIAL,CALEXICO,,
8925229,2018,2019-08-28,1302,2018-06-09,1716," CX172",1302,6,5,4,1302,0,0,0,,0,CX2,"EAST 7TH ST","IMPERIAL AV",5.00,E,N,A,-,N,,,,,,,,,,N,3,0,1,2,A,-,01,23152,A,N,D,C,A,A,H,-,A,A,0,,,,,Y,Y,A,01,0,1,0,0,0,0,0,0,0,"- ","- ",,,IMPERIAL,CALEXICO,-115.56993103027344,32.846458435058594
8925291,2018,2019-08-29,1302,2018-07-20,1209,CX088,1302,5,5,4,1302,0,0,0,,0,002,"E 5TH ST","HEBER AV",35.00,W,N,A,-,N,,,,,,,,,,N,4,0,1,2,A,-,21,22106,,N,B,C,A,A,H,-,A,D,0,,,,,Y,,A,08,0,0,1,0,0,0,0,0,0,"- ","- ",,,IMPERIAL,CALEXICO,-115.49362182617188,32.669830322265625
8925295,2018,2019-08-29,1302,2018-07-21,0223,561,1302,6,5,4,1302,0,0,0,,0,CX4,"EAST COLE RD","ROCKWOOD AV",29.00,W,N,A,-,N,,,,,,,,,,Y,4,0,1,2,A,-,03,22350,,N,C,C,A,A,-,-,C,A,0,,,,,Y,,A,01,0,0,1,0,0,0,0,0,0,"- ","- ",,,IMPERIAL,CALEXICO,-115.49637603759766,32.693962097167969
8925919,2018,2019-08-29,1302,2018-08-10,0848,CX088,1302,5,5,4,1302,0,0,0,,0,004,"E COLE BL","ROCKWOOD AV",134.00,W,N,A,-,N,,,,,,,,,,N,4,0,1,2,A,-,03,22350,,N,C,C,A,A,H,-,A,A,0,,,,,Y,,A,01,0,0,1,0,0,0,0,0,0,"- ","- ",,,IMPERIAL,CALEXICO,-115.49671173095703,32.693965911865234
8925922,2018,2019-08-29,1302,2018-08-07,1831,557,1302,2,5,4,1302,0,0,0,,0,002,"BELCHER ST","DOOL AV",234.00,W,N,A,-,N,,,,,,,,,,N,3,0,2,3,A,-,10,21950,A,N,A,B,D,A,H,-,A,A,0,Y,,,,Y,Y,-,"- ",0,2,0,0,2,0,0,0,0,"- ","- ",,,IMPERIAL,CALEXICO,-115.48691558837891,32.675861358642578
8927062,2019,2019-09-12,1302,2019-06-07,1258,554,1302,5,5,4,1302,0,0,0,,0,0B3,"HEBER AV","ETHEL ST",0.00,,Y,A,-,N,,,,,,,,,,Y,4,0,1,2,A,-,07,21658,A,N,C,E,A,A,H,-,A,D,0,,,,,Y,,A,01,0,0,1,0,0,0,0,0,0,"- ","- ",,,IMPERIAL,CALEXICO,-115.49352264404297,32.675991058349609
8927113,2019,2019-09-04,1302,2019-02-15,1923,567,1302,5,5,4,1302,0,0,0,,0,003,"HEFFERNAN AV","3RD ST",0.00,,Y,G,-,N,,,,,,,,,,N,4,0,1,2,A,-,10,21950,A,N,G,B,B,A,H,-,C,A,0,Y,,,,Y,,D,22,0,0,1,0,1,0,0,0,0,"- ","- ",,,IMPERIAL,CALEXICO,-115.49488830566406,32.667758941650391
8927119,2019,2019-11-08,1302,2019-05-03,1424,557,1302,5,5,4,1302,0,0,0,,0,004,"RT 111","COLE RD",800.00,N,N,A,-,Y,IMP,11,111,-,R,2.211,H,-,S,Y,2,0,1,2,A,-,07,21658,,N,A,C,A,A,H,-,A,D,0,,,,,Y,,D,22,1,0,0,0,0,0,0,0,0,"- ","- ",,,IMPERIAL,CALEXICO,-115.49927520751953,32.694023132324219
8927124,2019,2020-06-16,1302,2019-03-04,1113,CX187,1302,1,5,4,1302,0,0,0,,0,002,"RT 98","ANDRADE AV",0.00,,Y,A,-,Y,IMP,11,98,-,-,33.253,I,5,E,Y,2,0,2,2,A,-,08,22107,,N,A,C,A,A,H,-,A,A,0,,,,Y,Y,,A,01,1,0,1,0,0,0,0,0,0,"- ","- ",,,IMPERIAL,CALEXICO,-115.4825439453125,32.679336547851562
8927831,2018,2019-08-29,1302,2018-06-21,0048,CX014,1302,4,5,4,1302,0,0,0,,0,002,"5TH ST","MARY AV",0.00,,Y,A,-,N,,,,,,,,,,Y,4,0,1,2,A,-,09,21802,A,N,D,D,A,A,H,-,C,A,0,,,,,Y,,A,07,0,0,1,0,0,0,0,0,0,"- ","- ",,,IMPERIAL,CALEXICO,-115.49210357666016,32.669830322265625
8928124,2019,2019-09-05,1302,2019-06-29,1704,CX088,1302,6,5,4,1302,0,0,0,,0,004,"ROCKWOOD AV","COLE BL",0.00,,Y,B,-,N,,,,,,,,,,N,4,0,1,2,A,-,09,21804,A,N,C,C,A,A,H,-,A,B,0,,,,,Y,,A,01,0,0,1,0,0,0,0,0,0,"- ","- ",,,IMPERIAL,CALEXICO,-115.49627685546875,32.693958282470703
8929045,2019,2019-09-10,1302,2019-02-12,1324,CX186,1302,2,5,4,1302,0,0,0,,0,001,"KLOKE AV","NOSOTROS ST",0.00,,Y,A,-,N,,,,,,,,,,Y,3,0,1,2,A,-,03,22350,,N,C,C,A,A,H,-,A,A,0,,,,,Y,,A,01,0,1,0,0,0,0,0,0,0,"- ","- ",,,IMPERIAL,CALEXICO,-115.51595306396484,32.676059722900391
8929049,2019,2019-09-10,1302,2019-01-12,0459,CX187,1302,6,5,4,1302,0,0,0,,0,0C4,"BOWKER RD","COLE RD",43.00,N,N,A,-,N,,,,,,,,,,Y,4,0,1,1,A,-,01,23152,B,N,E,I,A,A,H,-,C,D,0,,,,,Y,Y,A,01,0,0,1,0,0,0,0,0,0,"- ","- ",,,IMPERIAL,CALEXICO,-115.46521759033203,32.694026947021484
8929053,2019,2019-09-10,1302,2019-03-27,0801,567,1302,3,5,4,1302,0,0,0,,0,002,"E 5TH ST","ANDRADE AV",311.00,E,N,A,-,N,,,,,,,,,,N,3,0,1,2,A,-,05,21202,A,N,B,G,A,A,H,-,A,D,0,,Y,,,Y,,L,04,0,1,0,0,0,0,1,0,0,"- ","- ",,,IMPERIAL,CALEXICO,-115.48155212402344,32.669845581054688
8929061,2019,2019-09-10,1302,2019-04-02,1324,CX527,1302,2,5,4,1302,0,0,0,,0,002,"HEBER AV","E 5TH ST",94.00,N,N,A,-,N,,,,,,,,,,Y,4,0,1,2,A,-,21,22106,,N,D,C,A,A,H,-,A,A,0,,,,,Y,,A,01,0,0,1,0,0,0,0,0,0,"- ","- ",,,IMPERIAL,CALEXICO,-115.49350738525391,32.670085906982422
8929065,2019,2019-09-10,1302,2019-04-24,1047,562,1302,3,5,4,1302,0,0,0,,0,003,"E 2ND ST","MARY AV",0.00,,Y,A,-,N,,,,,,,,,,N,4,0,2,2,A,-,09,21804,A,N,D,C,A,A,H,-,A,A,0,,,,,Y,,A,01,0,0,2,0,0,0,0,0,0,"- ","- ",,,IMPERIAL,CALEXICO,-115.49208068847656,32.666690826416016
8930653,2019,2019-09-04,1302,2019-06-11,0755,561,1302,2,5,4,1302,0,0,0,,0,0C4,"F TORRES ST","F TORRES ST 1000",0.00,,Y,A,-,N,,,,,,,,,,N,3,0,1,2,A,-,09,21804,A,N,B,C,A,A,H,-,A,A,0,,,,,Y,,A,01,0,1,0,0,0,0,0,0,0,"- ","- ",,,IMPERIAL,CALEXICO,-115.48463099999999,32.697158999999999
8930695,2018,2019-09-04,1302,2018-03-14,0807,564,1302,3,5,4,1302,0,0,0,,0,002,"7TH ST","DOOL AV",0.00,,Y,A,-,N,,,,,,,,,,N,4,0,1,2,A,-,10,21954,,N,G,B,B,A,H,-,A,A,0,Y,,,,Y,,A,01,0,0,1,0,1,0,0,0,0,"- ","- ",,,IMPERIAL,CALEXICO,-115.48616027832031,32.671909332275391
8934737,2018,2019-09-10,1302,2018-09-05,1015,CX27,1302,3,5,4,1302,0,0,0,,0,002,"GRANT ST","EMERSON AV",0.00,,Y,A,-,N,,,,,,,,,,N,4,0,1,2,A,-,09,21802,A,N,D,C,A,A,H,-,A,-,0,,,,,Y,,A,01,0,0,1,0,0,0,0,0,0,"- ","- ",,,IMPERIAL,CALEXICO,-115.49992370605469,32.674030303955078
8934741,2018,2019-09-09,1302,2018-09-17,1559,CX527,1302,1,5,4,1302,0,0,0,,0,004,"ROCKWOOD AV","ROCKWOOD AV 2400",0.00,,Y,A,-,N,,,,,,,,,,N,4,0,1,2,A,-,09,21804,A,N,D,C,A,A,H,-,A,A,0,,,Y,,Y,,A,01,0,0,1,0,0,0,0,0,0,"- ","- ",32.695518493652344,-115.49767303466797,IMPERIAL,CALEXICO,-115.49767300000001,32.695518
8934765,2018,2019-09-09,1302,2018-12-23,1453,561,1302,7,5,4,1302,0,0,0,,0,CX2,"ROCKWOOD AV","10TH ST",0.00,,Y,A,-,N,,,,,,,,,,Y,3,0,1,2,A,-,08,22107,,N,D,C,A,A,H,-,A,D,0,,,,,Y,,A,01,0,1,0,0,0,0,0,0,0,"- ","- ",,,IMPERIAL,CALEXICO,-115.49629211425781,32.67755126953125
8934876,2018,2019-09-10,1302,2018-06-29,1240,565,1302,5,5,4,1302,0,0,0,,0,002,"RT 111","7TH ST",0.00,N,N,A,-,Y,,,,,,,,,,N,4,0,1,3,A,-,03,22350,,N,C,C,A,A,H,-,A,A,0,,,,,Y,,A,01,0,0,1,0,0,0,0,0,0,"- ","- ",,,IMPERIAL,CALEXICO,-115.4986572265625,32.671909332275391
8934880,2018,2019-09-30,1302,2018-06-22,1517,565,1302,5,5,4,1302,0,0,0,,0,002,"ANDRADE AV","RT 98",0.00,,Y,A,-,Y,IMP,11,98,-,-,33.253,I,5,E,Y,4,0,1,2,A,-,12,21453,A,N,D,C,A,A,H,-,A,A,0,,,,,Y,,A,01,0,0,1,0,0,0,0,0,0,"- ","- ",,,IMPERIAL,CALEXICO,-115.4825439453125,32.679336547851562
8934973,2018,2019-09-30,1302,2018-11-27,1347,561,1302,2,5,4,1302,0,0,0,,0,CX3,"US PORT OF ENTRY LANE NUMBER 3","US PORT OF ENTRY",0.00,,Y,A,-,Y,IMP,11,111,-,R,0.030,H,-,N,N,4,0,1,2,A,-,07,21658,A,N,D,C,A,A,H,-,A,D,0,,,Y,,Y,,C,02,0,0,1,0,0,0,0,0,1,"- ","- ",,,IMPERIAL,CALEXICO,-115.49654388427734,32.665199279785156
8936351,2019,2020-01-28,1307,2019-08-20,1500,856,WESTM,2,5,1,1307,0,0,0,,0,,"RT 86","CENTER ST",61.00,E,N,A,-,Y,IMP,11,86,-,-,27.500,H,-,N,N,4,0,4,2,A,-,04,21703,,N,C,C,A,A,H,-,A,A,0,,,,,Y,,A,07,0,0,4,0,0,0,0,0,0,"- ","- ",,,IMPERIAL,WESTMORLAND,-115.62143707275391,33.037364959716797
8956972,2019,2019-10-24,1304,2019-09-04,1425,361,ELCE,3,5,4,1304,0,0,0,,0,WEST,IMPERIAL,HOLT,0.00,,Y,A,-,N,,,,,,,,,,Y,4,0,1,2,A,-,09,21801,A,N,D,C,A,A,H,-,A,A,0,,,,,Y,,D,22,0,0,1,0,0,0,0,0,0,"- ","- ",,,IMPERIAL,"EL CENTRO",-115.56981658935547,32.787971496582031