CASE_ID,ACCIDENT_YEAR,PROC_DATE,JURIS,COLLISION_DATE,COLLISION_TIME,OFFICER_ID,REPORTING_DISTRICT,DAY_OF_WEEK,CHP_SHIFT,POPULATION,CNTY_CITY_LOC,SPECIAL_COND,BEAT_TYPE,CHP_BEAT_TYPE,CITY_DIVISION_LAPD,CHP_BEAT_CLASS,BEAT_NUMBER,PRIMARY_RD,SECONDARY_RD,DISTANCE,DIRECTION,INTERSECTION,WEATHER_1,WEATHER_2,STATE_HWY_IND,CALTRANS_COUNTY,CALTRANS_DISTRICT,STATE_ROUTE,ROUTE_SUFFIX,POSTMILE_PREFIX,POSTMILE,LOCATION_TYPE,RAMP_INTERSECTION,SIDE_OF_HWY,TOW_AWAY,COLLISION_SEVERITY,NUMBER_KILLED,NUMBER_INJURED,PARTY_COUNT,PRIMARY_COLL_FACTOR,PCF_CODE_OF_VIOL,PCF_VIOL_CATEGORY,PCF_VIOLATION,PCF_VIOL_SUBSECTION,HIT_AND_RUN,TYPE_OF_COLLISION,MVIW,PED_ACTION,ROAD_SURFACE,ROAD_COND_1,ROAD_COND_2,LIGHTING,CONTROL_DEVICE,CHP_ROAD_TYPE,PEDESTRIAN_ACCIDENT,BICYCLE_ACCIDENT,MOTORCYCLE_ACCIDENT,TRUCK_ACCIDENT,NOT_PRIVATE_PROPERTY,ALCOHOL_INVOLVED,STWD_VEHTYPE_AT_FAULT,CHP_VEHTYPE_AT_FAULT,COUNT_SEVERE_INJ,COUNT_VISIBLE_INJ,COUNT_COMPLAINT_PAIN,COUNT_PED_KILLED,COUNT_PED_INJURED,COUNT_BICYCLIST_KILLED,COUNT_BICYCLIST_INJURED,COUNT_MC_KILLED,COUNT_MC_INJURED,PRIMARY_RAMP,SECONDARY_RAMP,LATITUDE,LONGITUDE,COUNTY,CITY,POINT_X,POINT_Y
8956976,2019,2019-10-30,1304,2019-08-16,1432,338,EAST,5,5,4,1304,0,0,0,,0,EAST,"4TH ST",ORANGE,0.00,N,N,A,-,N,,,,,,,,,,Y,4,0,4,3,C,-,18,,,N,C,C,A,A,H,-,A,A,0,,,,,Y,,-,"- ",0,0,4,0,0,0,0,0,0,"- ","- ",,,IMPERIAL,"EL CENTRO",-115.55251312255859,32.788768768310547
8956980,2019,2019-11-20,1304,2019-08-14,1954,357,EEAS,3,5,4,1304,0,0,0,,0,EAST,"MAIN ST","3RD ST",28.00,,N,A,-,N,,,,,,,,,,N,3,0,1,2,A,-,09,21801,A,N,D,D,A,A,H,-,C,D,0,,,,Y,Y,,F,26,0,1,0,0,0,0,0,0,0,"- ","- ",,,IMPERIAL,"EL CENTRO",-115.54879760742188,32.792839050292969
8957541,2019,2019-10-22,1304,2019-08-09,0951,361,EAST,5,5,4,1304,0,0,0,,0,EAST,"W ROSS","3RD ST",170.00,W,N,A,-,N,,,,,,,,,,N,3,0,1,2,A,-,09,21801,A,N,G,B,E,A,H,-,A,D,0,Y,,,,Y,,A,01,0,1,0,0,1,0,0,0,0,"- ","- ",,,IMPERIAL,"EL CENTRO",-115.55085754394531,32.781459808349609
8957545,2019,2019-10-22,1304,2019-08-30,1948,357,EEAST,5,5,4,1304,0,0,0,,0,EAST,MAIN,"LA BRUCHERIE",0.00,,Y,A,-,N,,,,,,,,,,N,3,0,1,2,A,-,09,21800,B,N,D,D,A,A,H,-,C,A,0,,,,,Y,,-,,0,1,0,0,0,0,0,0,0,"- ","- ",32.792819976806641,-115.57865905761719,IMPERIAL,"EL CENTRO",-115.57862854003906,32.792861938476562
8959077,2019,2019-10-30,1301,2019-07-10,0447,916,BRAWL,3,5,3,1301,0,0,0,,0,001,WESTERN,"E ST",0.00,,Y,A,-,N,,,,,,,,,,Y,2,0,3,2,A,-,01,23152,A,N,D,C,A,A,H,-,B,A,0,,,,,Y,Y,A,01,3,0,0,0,0,0,0,0,0,"- ","- ",,,IMPERIAL,BRAWLEY,-115.54364776611328,32.979770660400391
8968400,2019,2019-12-02,1304,2019-09-15,1154,369,EEAS,7,5,4,1304,0,0,0,,0,EAST,8TH,WENSLEY,0.00,,Y,A,-,N,,,,,,,,,,Y,3,0,1,2,A,-,09,21800,A,N,D,C,A,A,H,-,A,A,0,,,,,Y,,A,08,0,1,0,0,0,0,0,0,0,"- ","- ",,,IMPERIAL,"EL CENTRO",-115.56130981445312,32.784019470214844
8968597,2019,2019-11-15,1304,2019-10-12,1127,361,ELCE,6,5,4,1304,0,0,0,,0,EAST,ROSS,5TH,0.00,,Y,A,-,N,,,,,,,,,,N,4,0,1,2,A,-,12,22450,A,N,D,C,A,A,H,-,A,A,0,,,,,Y,,A,07,0,0,1,0,0,0,0,0,0,"- ","- ",,,IMPERIAL,"EL CENTRO",-115.55461883544922,32.781448364257812
8968605,2019,2019-11-15,1304,2019-10-25,0826,341,EEAST,5,5,4,1304,0,0,0,,0,EAST,MAIN,DOGWOOD,72.00,W,N,A,-,N,,,,,,,,,,N,4,0,1,2,A,-,09,21801,A,N,D,C,A,A,H,-,A,D,0,,,,,Y,,-,,0,0,1,0,0,0,0,0,0,"- ","- ",,,IMPERIAL,"EL CENTRO",-115.53588104248047,32.792819976806641
8968609,2019,2019-12-12,1304,2019-10-09,2355,#332,EWES,3,5,4,1304,0,0,0,,0,WEST,"LA BRUCHERIE",SANDALWOOD,10.00,N,N,A,-,N,,,,,,,,,,Y,3,0,1,1,A,-,03,22350,,N,E,I,A,A,H,-,C,D,0,,,,,Y,,-,,0,1,0,0,0,0,0,0,0,"- ","- ",32.782161712646484,-115.5784912109375,IMPERIAL,"EL CENTRO",-115.5784912109375,32.782367706298828
8968613,2019,2019-11-15,1304,2019-10-19,0954,328,ELCE,6,5,4,1304,0,0,0,,0,WEST,MAIN,12TH,0.00,,Y,A,-,N,,,,,,,,,,N,4,0,1,2,A,-,12,22450,A,F,G,B,B,A,H,-,B,A,0,Y,,,,Y,,-,,0,0,1,0,1,0,0,0,0,"- ","- ",32.791580200195312,-115.56552124023438,IMPERIAL,"EL CENTRO",-115.56553649902344,32.792831420898438
8968621,2019,2019-11-15,1304,2019-10-22,1654,363,ECSO,2,5,4,1304,0,0,0,,0,WEST,"LA BRUCHERIE",ORANGE,0.00,,Y,A,-,N,,,,,,,,,,N,3,0,1,2,A,-,03,22350,,N,D,G,A,A,H,-,A,A,0,,Y,,,Y,,-,,0,1,0,0,0,0,1,0,0,"- ","- ",32.788650512695312,-115.57865142822266,IMPERIAL,"EL CENTRO",-115.57858276367188,32.788768768310547
8968625,2019,2019-11-15,1304,2019-10-13,0227,E0231,,7,5,4,1304,0,0,0,,0,EAST,"6TH ST",EUCLID,62.00,N,N,A,-,N,,,,,,,,,,Y,3,0,1,2,A,-,08,22107,,N,-,E,A,A,H,-,C,D,0,,,,,Y,Y,A,01,0,1,0,0,0,0,0,0,0,"- ","- ",,,IMPERIAL,"EL CENTRO",-115.55709075927734,32.798538208007812
8969008,2019,2019-11-08,1304,2019-10-21,1238,346,,1,5,4,1304,0,0,0,,0,WEST,"8TH ST",OLEANDER,0.00,,Y,A,-,N,,,,,,,,,,Y,4,0,1,2,A,-,09,21804,A,N,D,C,A,A,H,-,A,A,0,,,,,Y,,-,,0,0,1,0,0,0,0,0,0,"- ","- ",32.803539276123047,-115.56153869628906,IMPERIAL,"EL CENTRO",-115.56147003173828,32.803230285644531
8969689,2019,2019-11-15,1306,2019-09-23,1420,345,,1,5,2,1306,0,0,0,,0,EAST,"E ROSS","E ROSS 100",0.00,,Y,A,-,N,,,,,,,,,,Y,4,0,1,2,A,-,03,22350,,N,C,C,A,A,H,-,A,D,0,,,,,Y,,A,01,0,0,1,0,0,0,0,0,0,"- ","- ",32.781501770019531,-115.54297637939453,IMPERIAL,IMPERIAL,-115.542976,32.781502000000003
8969697,2019,2019-11-15,1304,2019-09-26,1555,352,EWES,4,5,4,1304,0,0,0,,0,WEST,12TH,VINE,73.00,N,N,A,-,N,,,,,,,,,,N,3,0,1,2,A,-,08,22107,,N,C,E,A,A,H,-,A,D,0,,,,,Y,,A,01,0,1,0,0,0,0,0,0,0,"- ","- ",,,IMPERIAL,"EL CENTRO",-115.56542205810547,32.785129547119141
8969705,2019,2019-11-15,1304,2019-09-16,0734,327,EEAST,1,5,4,1304,0,0,0,,0,EAST,8TH,HAMILTON,0.00,,Y,A,-,N,,,,,,,,,,N,2,0,1,2,A,-,09,21802,A,N,D,G,A,A,H,-,A,A,0,,Y,,,Y,,L,04,1,0,0,0,0,0,1,0,0,"- ","- ",,,IMPERIAL,"EL CENTRO",-115.56134033203125,32.785888671875
8974592,2019,2020-01-21,1304,2019-10-14,1330,19E-3140,,1,5,4,1304,0,0,0,,0,EAST,"4TH ST","W COMMERICAL AV",0.00,,-,A,-,Y,IMP,11,86,-,L,7.430,H,-,S,N,3,0,1,2,A,-,03,22350,,N,C,C,A,A,H,-,A,D,0,,,Y,,Y,,C,02,0,1,0,0,0,0,0,0,1,"- ","- ",32.794551849365234,-115.55261993408203,IMPERIAL,"EL CENTRO",-115.55255126953125,32.794670104980469
8975304,2019,2020-05-20,1304,2019-09-12,1526,326,EWES,4,5,4,1304,0,0,0,,0,,4TH,LENREY,0.00,,Y,A,-,Y,IMP,11,86,-,-,6.626,I,5,S,Y,2,0,1,2,A,-,09,21801,A,N,-,C,A,A,H,-,A,D,0,,,Y,,Y,Y,A,01,1,0,0,0,0,0,0,0,1,"- ","- ",,,IMPERIAL,"EL CENTRO",-115.55245971679688,32.78289794921875
8981711,2019,2019-12-27,1304,2019-10-09,1042,341,EWEST,3,5,4,1304,0,0,0,,0,WEST,BRADSHAW,"BRADSHAW 1500",0.00,,N,A,-,N,,,,,,,,,,N,4,0,1,2,A,-,09,21800,A,N,D,C,A,A,H,-,A,D,0,,,,,Y,,-,,0,0,1,0,0,0,0,0,0,"- ","- ",32.811149597167969,-115.5718994140625,IMPERIAL,"EL CENTRO",-115.570853,32.811073999999998
8981715,2019,2019-12-27,1304,2019-10-14,2305,369,E1,1,5,4,1304,0,0,0,,0,EAST,EUCLID,"4TH ST",0.00,,N,A,-,N,,,,,,,,,,N,3,0,1,2,D,-,00,,,F,-,G,A,A,H,-,D,D,0,,Y,,,Y,Y,-,"- ",0,1,0,0,0,0,1,0,0,"- ","- ",32.79840087890625,-115.55319976806641,IMPERIAL,"EL CENTRO",-115.55278778076172,32.798370361328125
8983239,2019,2020-06-16,1302,2019-03-04,1247,567,,1,5,4,1302,0,0,0,,0,,"RT 98","BOWKER RD",0.00,,Y,A,-,Y,IMP,11,98,-,-,34.460,I,5,W,Y,4,0,3,2,A,-,09,21802,A,N,D,C,A,A,H,-,A,A,0,,,,Y,Y,,A,01,0,0,3,0,0,0,0,0,0,"- ","- ",,,IMPERIAL,CALEXICO,-115.46537017822266,32.686405181884766
8983969,2019,2020-08-04,1302,2019-03-25,1731,CX187,1302,1,5,4,1302,0,0,0,,0,0B2,"OLLIE AV","RT 98",113.00,S,N,A,-,Y,IMP,11,98,-,-,32.102,I,6,E,N,4,0,1,3,A,-,03,22350,,N,C,C,A,A,H,-,A,A,0,,,,,Y,,A,01,0,0,1,0,0,0,0,0,0,"- ","- ",,,IMPERIAL,CALEXICO,-115.50240325927734,32.679115295410156
8983977,2019,2019-12-04,1302,2019-03-22,0449,CX186,1302,5,5,4,1302,0,0,0,,0,004,"COYOTE AV","SANTA ANA ST",1.00,N,N,A,-,N,,,,,,,,,,Y,4,0,1,1,A,-,03,22350,,N,A,I,A,A,H,-,D,D,0,,,Y,,Y,,C,02,0,0,1,0,0,0,0,0,1,"- ","- ",,,IMPERIAL,CALEXICO,-115.48422241210938,32.689201354980469
8988214,2019,2019-12-05,1304,2019-09-01,0355,346,EAST,7,5,4,1304,0,0,0,,0,EAST,WOODWARD,"WOODWARD 700",0.00,,Y,A,-,N,,,,,,,,,,N,2,0,1,4,A,-,"- ",,,N,C,E,A,A,H,-,D,A,0,,,,,Y,,-,,1,0,0,0,0,0,0,0,0,"- ","- ",32.799228668212891,-115.56076812744141,IMPERIAL,"EL CENTRO",-115.559242,32.799272000000002
8991894,2019,2020-09-14,1307,2019-11-01,0301,856,WESTM,5,5,1,1307,0,0,0,,0,,"RT 86","MARTIN RD",276.00,E,N,A,-,Y,IMP,11,86,-,-,27.960,H,-,N,Y,4,0,1,2,A,-,03,22350,,N,C,C,A,A,H,-,C,D,0,,,,Y,Y,,A,01,0,0,1,0,0,0,0,0,0,"- ","- ",,,IMPERIAL,WESTMORLAND,-115.62934875488281,33.037364959716797
8991963,2019,2020-01-29,1304,2019-11-02,2009,369,E1,6,5,4,1304,0,0,0,,0,WEST,EUCLID,"N IMPERIAL",0.00,,Y,A,-,N,,,,,,,,,,N,3,0,1,2,D,-,00,,,N,B,G,A,A,H,-,C,A,0,,Y,,,Y,,-,"- ",0,1,0,0,0,0,1,0,0,"- ","- ",,,IMPERIAL,"EL CENTRO",-115.56997,32.798380000000002
8991967,2019,2020-01-29,1304,2019-11-18,2000,354,EAST,1,5,4,1304,0,0,0,,0,,8TH,PICO,0.00,,Y,A,-,N,,,,,,,,,,N,3,0,1,2,A,-,09,21802,A,N,D,G,A,A,H,-,C,A,0,,Y,,,Y,,-,,0,1,0,0,0,0,1,0,0,"- ","- ",,,IMPERIAL,"EL CENTRO",-115.56140899658203,32.805648803710938
8991971,2019,2020-01-29,1304,2019-11-03,1826,326,EWES,7,5,4,1304,0,0,0,,0,,8TH,AURORA,0.00,,Y,A,-,N,,,,,,,,,,Y,4,0,1,2,A,-,09,21800,A,N,-,C,A,A,H,-,C,A,0,,,,,Y,,A,01,0,0,1,0,0,0,0,0,0,"- ","- ",,,IMPERIAL,"EL CENTRO",-115.56118011474609,32.778419494628906
8991975,2019,2020-03-02,1304,2019-11-12,1834,369,E1,2,5,4,1304,0,0,0,,0,WEST,"8TH ST","ROSE AV",135.00,N,N,A,-,N,,,,,,,,,,Y,3,0,1,1,A,-,03,22350,,M,E,I,A,A,H,-,C,A,0,,,,,Y,,A,07,0,1,0,0,0,0,0,0,0,"- ","- ",,,IMPERIAL,"EL CENTRO",-115.56147003173828,32.802719116210938
8996769,2019,2020-07-13,1304,2019-11-22,0204,332,,5,5,4,1304,0,0,0,,0,,"IMPERIAL AV",ADAMS,0.00,,Y,A,-,Y,IMP,11,86,-,L,8.525,I,5,N,Y,4,0,1,2,A,-,12,21453,A,N,D,C,A,A,H,-,C,A,0,,,,,Y,Y,-,,0,0,1,0,0,0,0,0,0,"- ","- ",,,IMPERIAL,"EL CENTRO",-115.56998443603516,32.796550750732422
9003635,2019,2020-07-09,1304,2019-11-20,1714,361,ELCE,3,5,4,1304,0,0,0,,0,EAST,"S 4TH","S 4TH 2700",0.00,,Y,A,-,Y,IMP,11,86,-,-,5.700,H,-,N,N,4,0,1,3,A,-,03,22350,,N,C,C,A,A,H,-,C,A,0,,,,,Y,,A,07,0,0,1,0,0,0,0,0,0,"- ","- ",32.769001007080078,-115.55213928222656,IMPERIAL,"EL CENTRO",-115.55220031738281,32.769317626953125
9009246,2019,2020-01-06,1304,2019-11-27,1325,352,EAST,3,5,4,1304,0,0,0,,0,EAST,8TH,"MANUEL ORTIZ",0.00,,Y,B,-,N,,,,,,,,,,Y,4,0,1,2,A,-,08,22107,,N,D,C,A,A,H,-,A,D,0,,,,,Y,,A,08,0,0,1,0,0,0,0,0,0,"- ","- ",,,IMPERIAL,"EL CENTRO",-115.5609,32.76294
9009250,2019,2020-01-06,1304,2019-11-15,1231,326,EWES,5,5,4,1304,0,0,0,,0,,IMPERIAL,SCOTT,150.00,S,N,A,-,N,,,86,,,,,,,N,4,0,2,4,A,-,03,22350,,N,C,C,A,A,H,-,A,A,0,,,,,Y,,A,07,0,0,2,0,0,0,0,0,0,"- ","- ",32.800868988037109,-115.56999206542969,IMPERIAL,"EL CENTRO",-115.56991577148438,32.800868988037109
9009892,2019,2020-01-31,1304,2019-10-12,2250,335,EWEST,6,5,4,1304,0,0,0,,0,WEST,IMPERIAL,"BARBARA WORTH",0.00,,Y,A,-,N,,,,,,,,,,Y,2,0,1,2,D,-,00,,,N,H,A,A,A,H,-,C,D,0,,,Y,,Y,,-,"- ",1,0,0,0,0,0,0,0,0,"- ","- ",,,IMPERIAL,"EL CENTRO",-115.5699462890625,32.794628143310547
9019545,2019,2020-01-31,1304,2019-12-04,1238,361,ELCE,3,5,4,1304,0,0,0,,0,EAST,DANENBERG,"DANENBERG 524",0.00,,-,C,-,N,,,,,,,,,,N,4,0,1,2,B,-,22,,,N,G,B,D,B,H,-,A,D,0,Y,,,,Y,,D,22,0,0,1,0,1,0,0,0,0,"- ","- ",32.769649505615234,-115.53314971923828,IMPERIAL,"EL CENTRO",-115.519813,32.766897
9019593,2019,2020-07-16,1304,2019-12-25,2222,343,ELCE,3,5,4,1304,0,0,0,,0,WESST,"ADAMS AV","12TH ST",0.00,,Y,A,-,Y,IMP,11,86,-,L,8.266,I,5,S,Y,4,0,2,2,A,-,09,21802,A,N,D,C,A,A,H,-,C,D,0,,,,,Y,,D,22,0,0,2,0,0,0,0,0,0,"- ","- ",,,IMPERIAL,"EL CENTRO",-115.56560516357422,32.796554565429688
9019682,2019,2020-02-04,1304,2019-12-04,1026,326,EEAS,3,5,4,1304,0,0,0,,0,,"S 4TH ST",AURORA,310.00,N,N,A,-,N,,,,,,,,,,Y,3,0,2,3,A,-,03,22350,,N,A,J,F,A,H,-,A,D,0,Y,,,,Y,,A,07,0,1,1,0,2,0,0,0,0,"- ","- ",,,IMPERIAL,"EL CENTRO",-115.5523681640625,32.779327392578125
9019694,2019,2020-02-04,1304,2019-12-06,1000,352,EAST,5,5,4,1304,0,0,0,,0,EAST,"MAIN ST","2ND ST",298.00,E,N,B,-,N,,,,,,,,,,N,4,0,1,2,A,-,09,21804,A,N,D,C,A,A,H,-,A,D,0,,,,,Y,,A,01,0,0,1,0,0,0,0,0,0,"- ","- ",,,IMPERIAL,"EL CENTRO",-115.54551696777344,32.792831420898438
9025210,2019,2020-01-31,1304,2019-11-29,1531,357,ELCE,5,5,4,1304,0,0,0,,0,EAST,HOLT,5TH,0.00,,Y,A,-,N,,,,,,,,,,Y,4,0,4,2,A,-,12,22450,A,N,D,C,A,A,H,-,A,D,0,,,,,Y,,A,01,0,0,4,0,0,0,0,0,0,"- ","- ",,,IMPERIAL,"EL CENTRO",-115.55471038818359,32.78778076171875
9029357,2020,2020-03-18,1304,2020-01-09,0726,352,EAST,4,5,4,1304,0,0,0,,0,EAST,8TH,WENSLEY,18.00,N,N,A,-,N,,,,,,,,,,N,2,0,1,2,A,-,10,21950,A,N,B,B,C,A,H,-,A,A,0,Y,,,,Y,,D,22,1,0,0,0,1,0,0,0,0,"- ","- ",,,IMPERIAL,"EL CENTRO",-115.56130981445312,32.784069061279297
9030263,2019,2020-01-27,1306,2019-03-23,1404,1369,OWSVR,6,5,2,1306,0,0,0,,0,906,"CROSS OVER TRAIL","TIERRA DEL SOL TRL",200.00,S,N,A,-,N,,,,,,,,,,N,2,0,1,1,A,-,00,28314,,N,F,A,A,A,H,-,A,D,0,,,,,Y,,A,42,1,0,0,0,0,0,0,0,0,"- ","- ",,,IMPERIAL,IMPERIAL,,
9034402,2019,2020-07-13,1304,2019-11-22,1436,361,ELCE,5,5,4,1304,0,0,0,,0,EAST,4TH,COMMERCIAL,0.00,,Y,A,-,Y,IMP,11,86,-,L,7.453,I,5,N,Y,4,0,2,2,A,-,09,21804,A,N,D,C,A,A,H,-,A,A,0,,,,,Y,,A,01,0,0,2,0,0,0,0,0,0,"- ","- ",,,IMPERIAL,"EL CENTRO",-115.55264282226562,32.795013427734375
9034406,2019,2020-01-30,1304,2019-11-26,1315,E0029,EWES,2,5,4,1304,0,0,0,,0,,"NORTH IMPERIAL AV","N IMPERIAL AV 1100",0.00,,Y,A,-,N,,,,,,,,,,Y,3,0,1,3,A,-,03,22350,,N,C,C,A,A,H,-,A,A,0,,,,,Y,,-,,0,1,0,0,0,0,0,0,0,"- ","- ",,,IMPERIAL,"EL CENTRO",-115.569796,32.801524000000001
9034410,2019,2020-07-13,1304,2019-11-27,1553,361,ELCE,3,5,4,1304,0,0,0,,0,EAST,4TH,SMOKETREE,0.00,,Y,B,-,Y,IMP,11,86,-,-,6.114,I,5,S,Y,2,0,2,2,A,-,09,21801,A,N,D,C,A,A,H,-,A,A,0,,,,,Y,,A,01,2,0,0,0,0,0,0,0,0,"- ","- ",,,IMPERIAL,"EL CENTRO",-115.55227661132812,32.775371551513672
9034467,2019,2020-01-28,1304,2019-12-24,0530,358,EWEST,2,5,4,1304,0,0,0,,0,WEST,MAIN,3RD,38.00,W,N,A,-,N,,,,,,,,,,N,3,0,1,2,A,-,03,22350,,N,G,B,D,A,H,-,B,-,0,Y,,,,Y,,-,,0,1,0,0,1,0,0,0,0,"- ","- ",,,IMPERIAL,"EL CENTRO",-115.54891967773438,32.792839050292969
9034754,2019,2020-07-13,1304,2019-12-17,1102,E0145,ELCE,2,5,4,1304,0,0,0,,0,WEST,IMPERIAL,CRUICKSHANK,0.00,,Y,A,-,Y,IMP,11,86,-,-,8.552,I,5,S,Y,2,0,2,2,A,-,12,21453,A,N,D,C,A,A,H,-,A,A,0,,,,,Y,,A,07,1,1,0,0,0,0,0,0,0,"- ","- ",,,IMPERIAL,"EL CENTRO",-115.56992340087891,32.814826965332031
9035233,2020,2020-09-29,1301,2020-02-11,2243,912,,2,5,3,1301,0,0,0,,0,001,"RT 86","WESTERN AV",303.00,W,N,A,-,Y,IMP,11,86,-,-,20.690,H,-,S,Y,2,0,1,2,A,-,08,22100,B,N,H,G,A,A,H,-,D,A,0,,Y,,,Y,Y,L,04,1,0,0,0,0,0,1,0,0,"- ","- ",,,IMPERIAL,BRAWLEY,-115.54267120361328,32.978652954101562
9036647,2019,2020-02-07,1304,2019-12-26,1735,326,EEAS,4,5,4,1304,0,0,0,,0,,BRIGHTON,8TH,0.00,,Y,A,-,N,,,,,,,,,,N,3,0,1,2,A,-,03,22350,,N,B,G,A,A,H,-,D,A,0,,Y,,,Y,,A,01,0,1,0,0,0,0,1,0,0,"- ","- ",,,IMPERIAL,"EL CENTRO",-115.56139373779297,32.789779663085938
9036659,2019,2020-02-10,1304,2019-12-07,1821,E0231,ELCE,6,5,4,1304,0,0,0,,0,WEST,"LA BRUCHERIE",BRADSHAW,0.00,,Y,C,-,N,,,,,,,,,,Y,4,0,1,2,-,-,"- ",,,N,D,C,A,B,H,-,A,A,0,,,,,Y,,-,"- ",0,0,1,0,0,0,0,0,0,"- ","- ",,,IMPERIAL,"EL CENTRO",-115.57866668701172,32.811069488525391
9036667,2019,2020-02-15,1304,2019-12-13,1513,326,EAST,5,5,4,1304,0,0,0,,0,,ORANGE,4TH,190.00,W,N,A,-,N,,,,,,,,,,Y,3,0,1,3,A,-,09,21804,A,N,D,C,A,A,H,-,A,A,0,,,Y,,Y,,A,01,0,1,0,0,0,0,0,0,1,"- ","- ",,,IMPERIAL,"EL CENTRO",-115.55312347412109,32.788776397705078
9036671,2019,2020-06-25,1304,2019-12-21,1314,357,ELCE,6,5,4,1304,0,0,0,,0,WEST,IMPERIAL,"VILLA AV",0.00,,-,A,-,Y,IMP,11,86,-,-,7.810,H,-,N,Y,4,0,2,2,A,-,03,22350,,N,C,C,A,A,H,-,A,A,0,,,,,Y,,A,01,0,0,2,0,0,0,0,0,0,"- ","- ",32.803829193115234,-115.56970977783203,IMPERIAL,"EL CENTRO",-115.56987762451172,32.803684234619141
9036958,2020,2020-03-13,1304,2020-01-10,1316,361,ELCE,5,5,4,1304,0,0,0,,0,WEST,OCOTILLO,IMPERIAL,148.00,W,N,A,-,N,,,,,,,,,,N,4,0,2,2,A,-,09,21804,A,N,D,C,A,A,H,-,A,D,0,,,,,Y,,A,01,0,0,2,0,0,0,0,0,0,"- ","- ",,,IMPERIAL,"EL CENTRO",-115.57004547119141,32.777179718017578
9039698,2020,2020-06-10,1304,2020-02-06,1239,354,,4,5,4,1304,0,0,0,,0,,ADAMS,6TH,103.00,E,N,A,-,N,,,,,,,,,,N,3,0,1,2,A,-,03,22350,,N,C,C,A,A,H,-,A,A,0,,,,,Y,,-,,0,1,0,0,0,0,0,0,0,"- ","- ",,,IMPERIAL,"EL CENTRO",-115.55674743652344,32.796531677246094
9042703,2020,2020-02-25,1304,2020-01-17,1224,363,ELCE,5,5,4,1304,0,0,0,,0,WEST,CRUICKSHANK,"RT 86",307.00,E,N,A,-,N,,,,,,,,,,N,3,0,1,2,A,-,09,21804,A,N,B,A,A,A,H,-,A,D,0,,,,,Y,,A,07,0,1,0,0,0,0,0,0,0,"- ","- ",,,IMPERIAL,"EL CENTRO",-115.56979370117188,32.814708709716797
9042707,2020,2020-02-25,1304,2020-01-06,1715,368,,1,5,4,1304,0,0,0,,0,EAST,8TH,WAKE,0.00,,-,A,-,N,,,,,,,,,,Y,3,0,1,3,A,-,03,22350,,N,C,C,A,A,H,-,C,A,0,,,,,Y,,A,01,0,1,0,0,0,0,0,0,0,"- ","- ",,,IMPERIAL,"EL CENTRO",-115.56105804443359,32.770641326904297
9042950,2020,2020-03-04,1304,2020-01-30,1726,341,ELCE,4,5,4,1304,0,0,0,,0,WEST,8TH,"8TH 2300",0.00,,Y,A,-,N,,,,,,,,,,N,4,0,1,2,A,-,04,21703,,N,-,C,A,A,H,-,D,D,0,,,,,Y,,A,07,0,0,1,0,0,0,0,0,0,"- ","- ",32.770999908447266,-115.56099700927734,IMPERIAL,"EL CENTRO",-115.561058,32.771037999999997
9043408,2019,2020-02-20,1304,2019-12-23,1933,363,E1,1,5,4,1304,0,0,0,,0,WEST,IMPERIAL,PEPPER,0.00,,Y,B,-,N,,,,,,,,,,N,3,0,1,2,A,-,09,21801,A,N,D,C,A,B,H,-,C,D,0,,,,,Y,,A,01,0,1,0,0,0,0,0,0,0,"- ","- ",,,IMPERIAL,"EL CENTRO",-115.5697021484375,32.779411315917969
9043740,2019,2020-02-26,1304,2019-12-20,0134,344,EAST,5,5,4,1304,0,0,0,,0,EASR,4TH,"DESERT GARDEN",5.00,E,N,A,-,N,,,,,,,,,,N,2,0,1,2,A,-,11,21954,A,F,G,B,D,A,H,-,C,D,0,Y,,,,Y,Y,N,60,1,0,0,0,1,0,0,0,0,"- ","- ",,,IMPERIAL,"EL CENTRO",-115.55239868164062,32.780960083007812
9043871,2020,2020-10-16,1304,2020-02-07,1342,326,EWES,5,5,4,1304,0,0,0,,0,,IMPERIAL,CRUICKSHANK,31.00,S,N,A,-,Y,IMP,11,86,-,-,8.530,H,-,N,N,4,0,1,2,A,-,03,22350,A,N,C,C,A,-,H,-,A,-,0,,,,,Y,,D,22,0,0,1,0,0,0,0,0,0,"- ","- ",,,IMPERIAL,"EL CENTRO",-115.56992340087891,32.814502716064453
9044776,2020,2020-02-12,1304,2020-01-21,1548,361,ELCE,2,5,4,1304,0,0,0,,0,EAST,3RD,LENREY,0.00,,Y,A,-,N,,,,,,,,,,N,4,0,1,2,A,-,05,21650,,N,D,G,A,A,H,-,A,A,0,,Y,,,Y,,L,04,0,0,1,0,0,0,1,0,0,"- ","- ",,,IMPERIAL,"EL CENTRO",-115.55033111572266,32.782810211181641
9044918,2020,2020-06-10,1304,2020-02-07,1934,358,EEAST,5,5,4,1304,0,0,0,,0,EAST,"ADAMS AV","6TH ST",0.00,,Y,A,-,N,,,,,,,,,,Y,3,0,1,2,A,-,12,21453,A,N,D,G,A,A,H,-,C,A,0,,Y,,,Y,,L,04,0,1,0,0,0,0,1,0,0,"- ","- ",,,IMPERIAL,"EL CENTRO",-115.55708312988281,32.796531677246094
9045972,2019,2020-02-27,1301,2019-11-14,0921,904,BRAWL,4,5,3,1301,0,0,0,,0,0B4,"K ST","CESAR CHAVEZ",0.00,,Y,A,-,N,,,,,,,,,,Y,4,0,1,2,A,-,12,22450,,N,D,C,A,A,H,-,A,A,0,,,,,Y,,A,08,0,0,1,0,0,0,0,0,0,"- ","- ",,,IMPERIAL,BRAWLEY,-115.52639770507812,32.973098754882812
9049552,2020,2020-05-29,1304,2020-02-16,2153,368,E1,7,5,4,1304,0,0,0,,0,EAST,DANENBERG,DOGWOOD,0.00,E,N,A,-,N,,,,,,,,,,Y,3,0,1,1,A,-,07,21658,A,N,E,I,A,A,H,-,C,D,0,,,Y,,Y,,C,02,0,1,0,0,0,0,0,0,1,"- ","- ",,,IMPERIAL,"EL CENTRO",-115.53514862060547,32.766918182373047
9057341,2020,2020-09-25,1301,2020-03-06,1712,A9,BRAWL,5,5,3,1301,0,0,0,,0,,"MAIN ST",WESTERN,0.00,,Y,A,-,Y,IMP,11,86,-,-,20.068,I,5,N,Y,4,0,2,2,A,-,12,21453,A,F,D,C,A,A,H,-,A,A,0,,,,,Y,,D,22,0,0,2,0,0,0,0,0,0,"- ","- ",,,IMPERIAL,BRAWLEY,-115.54371643066406,32.971279144287109