CASE_ID,ACCIDENT_YEAR,PROC_DATE,JURIS,COLLISION_DATE,COLLISION_TIME,OFFICER_ID,REPORTING_DISTRICT,DAY_OF_WEEK,CHP_SHIFT,POPULATION,CNTY_CITY_LOC,SPECIAL_COND,BEAT_TYPE,CHP_BEAT_TYPE,CITY_DIVISION_LAPD,CHP_BEAT_CLASS,BEAT_NUMBER,PRIMARY_RD,SECONDARY_RD,DISTANCE,DIRECTION,INTERSECTION,WEATHER_1,WEATHER_2,STATE_HWY_IND,CALTRANS_COUNTY,CALTRANS_DISTRICT,STATE_ROUTE,ROUTE_SUFFIX,POSTMILE_PREFIX,POSTMILE,LOCATION_TYPE,RAMP_INTERSECTION,SIDE_OF_HWY,TOW_AWAY,COLLISION_SEVERITY,NUMBER_KILLED,NUMBER_INJURED,PARTY_COUNT,PRIMARY_COLL_FACTOR,PCF_CODE_OF_VIOL,PCF_VIOL_CATEGORY,PCF_VIOLATION,PCF_VIOL_SUBSECTION,HIT_AND_RUN,TYPE_OF_COLLISION,MVIW,PED_ACTION,ROAD_SURFACE,ROAD_COND_1,ROAD_COND_2,LIGHTING,CONTROL_DEVICE,CHP_ROAD_TYPE,PEDESTRIAN_ACCIDENT,BICYCLE_ACCIDENT,MOTORCYCLE_ACCIDENT,TRUCK_ACCIDENT,NOT_PRIVATE_PROPERTY,ALCOHOL_INVOLVED,STWD_VEHTYPE_AT_FAULT,CHP_VEHTYPE_AT_FAULT,COUNT_SEVERE_INJ,COUNT_VISIBLE_INJ,COUNT_COMPLAINT_PAIN,COUNT_PED_KILLED,COUNT_PED_INJURED,COUNT_BICYCLIST_KILLED,COUNT_BICYCLIST_INJURED,COUNT_MC_KILLED,COUNT_MC_INJURED,PRIMARY_RAMP,SECONDARY_RAMP,LATITUDE,LONGITUDE,COUNTY,CITY,POINT_X,POINT_Y
9057609,2020,2020-07-29,1304,2020-04-19,1932,368,E1,7,5,4,1304,0,0,0,,0,EAST,4TH,AURORA,0.00,,Y,A,-,N,,,,,,,,,,Y,3,0,1,2,A,-,12,21453,A,N,D,C,A,A,H,-,C,A,0,,,,,Y,,A,07,0,1,0,0,0,0,0,0,0,"- ","- ",,,IMPERIAL,"EL CENTRO",-115.55235290527344,32.778480529785156
9060963,2020,2020-04-14,1304,2020-02-07,1503,354,,5,5,4,1304,0,0,0,,0,,IMPERIAL,OCOTILLO,0.00,,Y,A,-,N,,,,,,,,,,Y,2,0,1,2,A,-,12,21453,,N,D,C,A,A,H,-,A,A,0,,,Y,,Y,,D,22,1,0,0,0,0,0,0,0,1,"- ","- ",,,IMPERIAL,"EL CENTRO",-115.56957244873047,32.777179718017578
90635158,2018,2018-01-08,9625,2018-01-02,0940,013627,,2,1,9,1300,0,1,1,,2,005,"INTERSTATE 8 (E/B) TRANS TO SR-111 N/B","STATE ROUTE 111 N/B",356.00,E,N,A,-,Y,,,8,,,,R,,,Y,3,0,1,1,A,-,03,22350,,N,E,I,A,A,D,-,A,D,0,,,,,Y,,A,01,0,1,0,0,0,0,0,0,0,"- ","- ",32.773380279541016,-115.50006103515625,IMPERIAL,UNINCORPORATED,-115.50006103515625,32.773380279541016
90636464,2018,2018-01-09,9620,2018-01-03,1707,020738,,3,2,9,1300,0,1,3,,1,062,SR-186,"I-8 EASTBOUND",5280.00,S,N,B,-,Y,,,186,,,,,,,N,4,0,1,2,A,-,03,22350,,F,C,C,A,A,H,-,D,D,0,,,Y,,Y,,A,01,0,0,1,0,0,0,0,0,1,"- ","- ",32.739299774169922,-114.71903228759766,IMPERIAL,UNINCORPORATED,-114.71906280517578,32.739265441894531
90637522,2018,2018-01-10,9625,2018-01-07,0006,019668,,7,3,9,1300,0,3,5,,2,010,"GENTRY ROAD","WALKER ROAD",15.00,W,N,A,-,N,,,,,,,,,,Y,4,0,1,1,A,-,03,22350,,N,E,I,A,A,H,-,D,D,0,,,,,Y,,J,48,0,0,1,0,0,0,0,0,0,"- ","- ",33.074878692626953,-115.61486053466797,IMPERIAL,UNINCORPORATED,-115.61444854736328,33.075550079345703
90637602,2018,2018-01-10,9625,2018-01-06,0855,013781,,6,1,9,1300,0,1,1,,2,003,"I-8 EASTBOUND OFF-RAMP","4TH STREET",13.00,W,N,A,-,Y,,,,,,,,,,N,3,0,1,2,A,-,10,21950,A,N,G,B,B,A,H,-,A,A,0,Y,,,,Y,,A,01,0,1,0,0,1,0,0,0,0,"- ","- ",32.773109436035156,-115.55239868164062,IMPERIAL,UNINCORPORATED,,
90641628,2018,2018-01-17,9625,2018-01-08,0226,018010,,1,3,9,1300,0,1,3,,2,024,SR-78,SR-115,715.00,W,N,A,-,Y,,,78,,,,,,,Y,3,0,1,1,A,-,01,23152,A,N,E,I,A,A,H,-,C,D,0,,,,,Y,Y,A,01,0,1,0,0,0,0,0,0,0,"- ","- ",32.974349975585938,-115.40804290771484,IMPERIAL,UNINCORPORATED,-115.40794372558594,32.974269866943359
90642101,2018,2018-01-17,9625,2018-01-09,1750,017809,,2,2,9,1300,0,3,5,,2,010,"LACK ROAD","CADY ROAD",3220.00,N,N,B,-,N,,,,,,,,,,Y,2,0,4,1,A,-,08,22107,,N,F,A,A,A,C,-,D,D,0,,,,,Y,,A,08,4,0,0,0,0,0,0,0,0,"- ","- ",32.98590087890625,-115.64990997314453,IMPERIAL,UNINCORPORATED,-115.65000152587891,32.986209869384766
90647860,2018,2018-01-25,9625,2018-01-18,1430,018792,,4,2,9,1300,0,2,4,,2,046,"DOGWOOD ROAD","HARRIS ROAD",0.00,,Y,A,-,N,,,,,,,,,,Y,3,0,2,2,A,-,05,21460,C,N,B,C,A,A,H,-,A,A,0,,,,,Y,,A,01,0,2,0,0,0,0,0,0,0,"- ","- ",32.883621215820312,-115.53547668457031,IMPERIAL,UNINCORPORATED,-115.53549957275391,32.883651733398438
90650193,2018,2018-01-29,9625,2018-01-16,0755,015990,,2,1,9,1300,0,1,3,,1,011,"SR-86 S/B","LACK ROAD",0.00,,Y,A,-,Y,,,86,,,,,,S,Y,2,0,3,2,A,-,09,21803,A,N,D,C,A,A,H,-,A,D,0,,,,Y,Y,,G,25,1,2,0,0,0,0,0,0,0,"- ","- ",33.036998748779297,-115.64740753173828,IMPERIAL,UNINCORPORATED,-115.64740753173828,33.037086486816406
90651630,2018,2018-01-30,9625,2018-01-26,2305,019667,,5,3,9,1300,0,1,1,,2,002,"W/B INTERSTATE 8","MOUNTAIN SPRINGS ROAD",2996.00,E,N,A,-,Y,,,8,,,,,,,Y,3,0,2,2,A,-,03,22350,,N,C,C,A,A,H,-,D,D,0,,,,,Y,,A,01,0,1,1,0,0,0,0,0,0,"- ","- ",32.683631896972656,-116.09129333496094,IMPERIAL,UNINCORPORATED,-116.09130096435547,32.683631896972656
90652028,2018,2018-01-31,9625,2018-01-21,1035,017727,,7,1,9,1300,0,1,3,,1,011,"SR-86 (N/B)",SR-78,636.00,S,N,A,-,Y,,,86,,,,,,,Y,3,0,2,3,A,-,03,22350,,N,C,C,A,A,H,-,A,D,0,,,Y,,Y,,D,22,0,2,0,0,0,0,0,0,2,"- ","- ",33.124801635742188,-115.85459899902344,IMPERIAL,UNINCORPORATED,-115.85467529296875,33.124759674072266
90652265,2018,2018-01-31,9625,2018-01-28,0500,020263,,7,3,9,1300,0,3,5,,2,040,"LA BRUCHERIE ROAD","WAHL ROAD",4224.00,S,N,A,-,N,,,,,,,,,,Y,3,0,1,1,A,-,01,23152,A,N,E,I,A,A,H,-,D,D,0,,,,,Y,Y,A,01,0,1,0,0,0,0,0,0,0,"- ","- ",32.713230133056641,-115.57720947265625,IMPERIAL,UNINCORPORATED,-115.57868194580078,32.818508148193359
90652303,2018,2018-01-31,9625,2018-01-29,0406,019668,,1,3,9,1300,0,1,1,,2,002,"I-8 WESTBOUND","IMPERIAL HIGHWAY",23.00,E,N,A,-,Y,,,8,,,,,,W,Y,4,0,1,2,A,-,03,22350,,N,C,C,A,A,H,-,D,D,0,,,,,Y,,A,01,0,0,1,0,0,0,0,0,0,"- ","- ",32.734500885009766,-115.99420166015625,IMPERIAL,UNINCORPORATED,-115.99419403076172,32.734462738037109
90653291,2018,2018-02-01,9625,2018-01-25,0725,022010,,4,1,9,1300,0,1,1,,2,001,"INTERSTATE 8 EASTBOUND",SR-98,4752.00,W,N,A,-,Y,,,8,,,,,,E,Y,4,0,1,1,A,-,08,22107,,N,E,I,A,A,H,-,A,D,0,,,,,Y,,A,01,0,0,1,0,0,0,0,0,0,"- ","- ",32.724349975585938,-116.03813171386719,IMPERIAL,UNINCORPORATED,-116.03810882568359,32.724311828613281
90653699,2018,2018-02-02,9625,2018-01-27,1706,018020,,6,2,9,1300,0,1,3,,1,022,"SR-111 (NORTHBOUND)","A STREET",17.00,S,N,A,-,Y,,,111,,,,,,,Y,3,0,1,1,A,-,03,22350,,N,F,A,A,A,H,-,B,D,0,,,Y,,Y,,C,02,0,1,0,0,0,0,0,0,1,"- ","- ",33.357700347900391,-115.73387145996094,IMPERIAL,UNINCORPORATED,-115.73386383056641,33.357685089111328
90655422,2018,2018-02-05,9625,2018-02-03,0930,013781,,6,1,9,1300,0,3,5,,2,040,"AUSTIN ROAD","KEYSTONE ROAD",0.00,,Y,A,-,N,,,,,,,,,,Y,3,0,3,2,A,-,09,21802,A,N,D,C,A,A,H,-,A,A,0,,,,,Y,,D,22,0,3,0,0,0,0,0,0,0,"- ","- ",32.912570953369141,-115.59488677978516,IMPERIAL,UNINCORPORATED,-115.59490966796875,32.912551879882812
90659759,2018,2018-02-12,9625,2018-02-05,0041,020263,,1,3,9,1300,0,1,3,,1,054,"SR-111 S/B","KEYSTONE ROAD",5280.00,S,N,A,-,Y,,,111,,,,,,S,Y,4,0,1,1,A,-,01,23152,A,N,E,I,A,A,H,-,D,D,0,,,,Y,Y,Y,G,27,0,0,1,0,0,0,0,0,0,"- ","- ",32.898880004882812,-115.50930786132812,IMPERIAL,UNINCORPORATED,-115.50914764404297,32.898880004882812
90659878,2018,2018-02-12,9625,2018-02-06,1615,018792,,2,2,9,1300,0,3,5,,2,050,"OLD HIGHWAY 111","KEYSTONE ROAD",0.00,,Y,A,-,N,,,,,,,,,,Y,3,0,3,2,A,-,09,21802,A,N,D,C,A,A,H,-,A,A,0,,,,,Y,,A,01,0,3,0,0,0,0,0,0,0,"- ","- ",32.912651062011719,-115.51023101806641,IMPERIAL,UNINCORPORATED,-115.51020050048828,32.91265869140625
90660648,2018,2018-02-13,9625,2018-02-08,1615,019035,,4,2,9,1300,0,3,5,,2,050,"WILLOUGHBY ROAD","KLOKE ROAD",190.00,W,N,A,-,N,,,,,,,,,,Y,4,0,1,1,A,-,08,22107,,N,E,I,A,A,H,-,A,D,0,,,,,Y,,D,22,0,0,1,0,0,0,0,0,0,"- ","- ",32.708400726318359,-115.51860046386719,IMPERIAL,UNINCORPORATED,-115.51853179931641,32.708511352539062
90660707,2018,2018-02-13,9625,2018-02-04,0930,017727,,7,1,9,1300,0,3,5,,2,040,"HUFF ROAD","PAYNE ROAD",100.00,S,N,A,-,N,,,,,,,,,,Y,3,0,1,1,A,-,08,22107,,N,F,A,A,A,H,-,A,D,0,,,,,Y,,A,01,0,1,0,0,0,0,0,0,0,"- ","- ",32.860851287841797,-115.71842956542969,IMPERIAL,UNINCORPORATED,-115.71859741210938,32.861335754394531
9066687,2020,2020-06-09,1301,2020-01-30,0226,904,BRAWL,4,5,3,1301,0,0,0,,0,0B4,"DOGWOOD RD","MEAD RD",344.00,S,N,A,-,N,,,,,,,,,,Y,4,0,1,1,A,-,01,23152,B,N,H,J,A,A,H,-,D,D,0,,,,,Y,Y,-,,0,0,1,0,0,0,0,0,0,"- ","- ",,,IMPERIAL,BRAWLEY,-115.53548431396484,32.955417633056641
90668560,2018,2018-03-19,9625,2018-02-02,0540,016248,,5,3,9,1300,0,3,5,,2,050,"HUNT ROAD","BONDS CORNER ROAD",0.00,,Y,A,-,N,,,,,,,,,,Y,2,0,15,2,A,-,12,22450,A,N,D,C,A,A,H,-,C,A,0,,,,,Y,,D,22,7,7,1,0,0,0,0,0,0,"- ","- ",32.766250610351562,-115.33712768554688,IMPERIAL,UNINCORPORATED,-115.337158203125,32.766311645507812
90668577,2018,2018-02-23,9625,2018-02-13,1513,020704,,2,2,9,1300,0,2,4,,2,047,"FORRESTER ROAD","ATEN ROAD",0.00,,Y,A,-,N,,,,,,,,,,Y,3,0,2,2,A,-,09,21802,A,N,D,C,A,A,H,-,A,A,0,,,,Y,Y,,A,01,0,2,0,0,0,0,0,0,0,"- ","- ",32.825801849365234,-115.62087249755859,IMPERIAL,UNINCORPORATED,-115.62068176269531,32.818218231201172
90668637,2018,2018-02-23,9625,2018-02-11,1936,019668,,7,2,9,1300,0,1,1,,2,004,"I-8 W/B","IMPERIAL HIGHWAY",10560.00,E,N,A,-,Y,,,8,,,,,,W,Y,3,0,2,2,A,-,03,22350,,N,C,C,A,A,H,-,D,D,0,,,,,Y,,A,07,0,2,0,0,0,0,0,0,0,"- ","- ",32.751739501953125,-115.89936828613281,IMPERIAL,UNINCORPORATED,-115.89937591552734,32.751785278320312
90668645,2018,2018-02-23,9625,2018-02-16,1608,019668,,5,2,9,1300,0,1,3,,2,058,SR-86,"HEBER ST",32.00,E,N,A,-,Y,,,86,,,,,,,N,3,0,1,2,A,-,03,22350,,N,C,C,A,A,H,-,A,A,0,,,,,Y,,A,01,0,1,0,0,0,0,0,0,0,"- ","- ",32.730728149414062,-115.52983856201172,IMPERIAL,UNINCORPORATED,-115.52983856201172,32.730682373046875
90668666,2018,2018-02-23,9625,2018-02-17,1638,018464,,6,2,9,1300,0,2,4,,2,057,"EVAN HEWES HIGHWAY","MCCONNELL ROAD",252.00,E,N,A,-,Y,,,,,,,,,,Y,3,0,1,1,A,-,08,22107,,N,F,A,A,A,H,-,A,D,0,,,,,Y,,A,01,0,1,0,0,0,0,0,0,0,"- ","- ",32.938930511474609,-115.92050170898438,IMPERIAL,UNINCORPORATED,-115.48318481445312,32.803371429443359
90668668,2018,2018-02-23,9625,2018-02-09,1242,022010,,5,1,9,1300,0,1,1,,2,004,"I-8 WEST BOUND TO DREW ROAD NORTH BOUND","INTERSTATE 8 WEST BOUND",196.00,N,N,A,-,Y,,,8,,,,R,,,N,4,0,2,2,A,-,03,22350,,N,C,C,A,A,H,-,A,A,0,,,,,Y,,A,07,0,0,2,0,0,0,0,0,0,"- ","- ",32.774700164794922,-115.69023895263672,IMPERIAL,UNINCORPORATED,-115.69023895263672,32.774700164794922
90670060,2018,2018-02-26,9625,2018-02-18,1150,018279,,7,1,9,1300,0,3,5,,2,020,"GENTRY ROAD","SINCLAIR ROAD",115.00,S,N,A,-,N,,,,,,,,,,Y,4,0,1,1,A,-,03,22350,,N,F,A,A,A,H,-,A,A,0,,,,Y,Y,,F,24,0,0,1,0,0,0,0,0,0,"- ","- ",33.176620483398438,-115.6143798828125,IMPERIAL,UNINCORPORATED,-115.61443328857422,33.176303863525391
90670087,2018,2018-02-26,9625,2018-02-16,0405,020516,,5,3,9,1300,0,1,3,,2,058,"STATE ROUTE 86","ROCKWOOD AVENUE",530.00,E,N,A,-,Y,,,86,,,,,,,Y,3,0,1,1,A,-,01,23152,A,N,E,J,A,A,H,-,D,D,0,,,,,Y,Y,A,01,0,1,0,0,0,0,0,0,0,"- ","- ",32.730720520019531,-115.52381134033203,IMPERIAL,UNINCORPORATED,-115.52381134033203,32.730724334716797
90672157,2018,2018-02-28,9625,2018-02-19,1401,019668,,1,2,9,1300,0,1,1,,2,003,"INTERSTATE 8 EASTBOUND","LA BRUCHERIE ROAD",2640.00,W,N,A,G,Y,,,8,,,,,,E,Y,3,0,3,2,A,-,03,22350,,N,C,C,A,A,H,-,A,D,0,,,,,Y,,A,01,0,3,0,0,0,0,0,0,0,"- ","- ",32.773780822753906,-115.59023284912109,IMPERIAL,UNINCORPORATED,-115.59023284912109,32.773815155029297
90673247,2018,2018-03-01,9625,2018-02-21,1815,017809,,3,2,9,1300,0,3,5,,2,010,"BRANDT ROAD","BOWLES ROAD",30.00,N,N,A,-,N,,,,,,,,,,Y,4,0,1,2,C,-,18,,,N,D,C,A,A,H,-,D,D,0,,,,,Y,,-,"- ",0,0,1,0,0,0,0,0,0,"- ","- ",33.117630004882812,-115.56259155273438,IMPERIAL,UNINCORPORATED,-115.5626220703125,33.117691040039062
90673812,2018,2018-03-02,9620,2018-02-22,1510,020738,,4,2,9,1300,0,1,1,,2,082,"I-8 EASTBOUND","WINTERHAVEN DRIVE",15.00,W,N,A,-,Y,,,8,,,,,,E,Y,4,0,1,2,A,-,03,22350,,N,C,C,A,A,H,-,A,D,0,,,,,Y,,D,22,0,0,1,0,0,0,0,0,0,"- ","- ",32.731128692626953,-114.62468719482422,IMPERIAL,UNINCORPORATED,-114.62451171875,32.731620788574219
90675940,2018,2018-03-06,9625,2018-02-26,1740,018464,,1,2,9,1300,0,1,3,,2,052,"SR-98 EASTBOUND","BONDS CORNER ROAD",4368.00,E,N,A,-,Y,,,98,,,,,,E,Y,3,0,1,1,A,-,08,22107,,N,F,A,A,A,D,-,A,D,0,,,,,Y,,D,22,0,1,0,0,0,0,0,0,0,"- ","- ",32.693748474121094,-115.32230377197266,IMPERIAL,UNINCORPORATED,-115.32231140136719,32.693893432617188
90676353,2018,2018-03-06,9625,2018-02-27,0855,016248,,2,1,9,1300,0,3,5,,2,040,"MCCABE ROAD",SR-86,35.00,W,N,B,-,N,,,,,,,,,,N,4,0,1,2,A,-,03,22350,,N,C,C,A,A,H,-,A,A,0,,,,,Y,,D,22,0,0,1,0,0,0,0,0,0,"- ","- ",32.752368927001953,-115.55198669433594,IMPERIAL,UNINCORPORATED,-115.55194091796875,32.752368927001953
90677771,2018,2018-03-08,9625,2018-03-02,1510,018207,,5,2,9,1300,0,3,5,,2,050,"PARKYNS ROAD","10TH STREET",0.00,,Y,A,-,N,,,,,,,,,,Y,3,0,1,2,A,-,09,21800,A,N,D,D,A,A,H,-,A,D,0,,,,,Y,,A,01,0,1,0,0,0,0,0,0,0,"- ","- ",32.728569030761719,-115.52873992919922,IMPERIAL,UNINCORPORATED,-115.52880859375,32.728561401367188
90677897,2018,2018-03-08,9625,2018-02-26,0745,017055,,1,1,9,1300,0,3,5,,2,040,"CLARK ROAD","HEBER ROAD",0.00,,Y,A,-,N,,,,,,,,,,Y,3,0,1,2,A,-,09,21802,A,N,D,C,A,A,H,-,A,A,0,,,,,Y,,A,01,0,1,0,0,0,0,0,0,0,"- ","- ",32.730640411376953,-115.56022644042969,IMPERIAL,UNINCORPORATED,-115.56031799316406,32.730640411376953
90678192,2018,2018-03-08,9625,2018-02-26,1540,019035,,1,2,9,1300,0,1,3,,2,053,"STATE ROUTE 111 SOUTHBOUND","HEBER ROAD",470.00,N,N,A,-,Y,,,111,,,,,,S,N,4,0,3,3,A,-,03,22350,,N,C,C,A,A,H,-,A,D,0,,,,,Y,,A,01,0,0,3,0,0,0,0,0,0,"- ","- ",32.732398986816406,-115.50039672851562,IMPERIAL,UNINCORPORATED,-115.50044250488281,32.732398986816406
90678199,2018,2018-03-08,9625,2018-03-07,1705,018279,,3,2,9,1300,0,1,3,,2,053,"SR-111 S/B","MCCABE RD",15.00,N,N,A,-,Y,,,111,,,,,,S,Y,3,0,1,2,A,-,03,22350,,N,C,C,A,A,H,-,A,A,0,,,,,Y,,D,22,0,1,0,0,0,0,0,0,0,"- ","- ",32.752510070800781,-115.50083160400391,IMPERIAL,UNINCORPORATED,-115.50076293945312,32.752510070800781
90680160,2018,2018-03-12,9620,2018-03-01,1025,015941,,4,1,9,1300,0,1,1,,2,081,"I-8 E/B","OGILBY RD",4224.00,W,N,A,-,Y,,,8,,,,,,E,Y,3,0,1,1,A,-,08,22107,,N,E,J,A,A,D,-,A,D,0,,,,Y,Y,,G,25,0,1,0,0,0,0,0,0,0,"- ","- ",32.758220672607422,-114.85040283203125,IMPERIAL,UNINCORPORATED,-114.85041046142578,32.758270263671875
90680413,2018,2018-03-12,9625,2018-03-09,0215,019225,,5,3,9,1300,0,2,4,,2,046,"DOGWOOD ROAD","FAWCETT ROAD",2640.00,S,N,A,-,N,,,,,,,,,,Y,3,0,1,1,A,-,01,23152,A,N,E,I,A,A,H,-,D,A,0,,,,,Y,Y,A,01,0,1,0,0,0,0,0,0,0,"- ","- ",32.717941284179688,-115.53423309326172,IMPERIAL,UNINCORPORATED,-115.53421783447266,32.716136932373047
90682049,2018,2018-03-14,9625,2018-03-11,1905,020263,,7,2,9,1300,0,1,1,,2,002,"I-8 (W/B)","MOUNTAIN SPRINGS ROAD",7920.00,E,N,A,-,Y,,,8,,,,,,,Y,4,0,1,1,A,-,01,23152,F,N,E,I,A,A,H,-,D,D,0,,,,,Y,,A,07,0,0,1,0,0,0,0,0,0,"- ","- ",32.703159332275391,-116.07154083251953,IMPERIAL,UNINCORPORATED,-116.07157135009766,32.703254699707031
90683285,2018,2018-03-16,9620,2018-03-11,0000,019360,,7,3,9,1300,0,2,4,,1,075,"S-24 (MEHRING RD)","YORK RD",2112.00,E,N,A,-,N,,,,,,,,,,Y,3,0,1,1,A,-,08,22107,,N,E,I,A,A,H,-,D,D,0,,,,,Y,Y,A,01,0,1,0,0,0,0,0,0,0,"- ","- ",32.818801879882812,-114.54226684570312,IMPERIAL,UNINCORPORATED,-114.54226684570312,32.818748474121094
90684517,2018,2018-03-19,9625,2018-03-09,2145,020111,,5,2,9,1300,0,3,5,,2,050,"BOWKER ROAD","CHICK ROAD",360.00,S,N,A,-,N,,,,,,,,,,Y,3,0,1,1,A,-,08,22107,,N,E,I,A,A,H,-,D,A,0,,,Y,,Y,,C,02,0,1,0,0,0,0,0,0,1,"- ","- ",32.765789031982422,-115.47350311279297,IMPERIAL,UNINCORPORATED,-115.47327423095703,32.765640258789062
90684655,2018,2018-03-19,9625,2018-03-10,0710,013627,,6,1,9,1300,0,1,3,,1,022,"STATE ROUTE 111 SOUTHBOUND","AVENUE A",4013.00,N,N,B,C,Y,,,111,,,,,,S,Y,2,0,1,1,A,-,08,22107,,N,F,A,A,B,H,-,A,D,0,,,,,Y,,A,07,1,0,0,0,0,0,0,0,0,"- ","- ",33.356540679931641,-115.74664306640625,IMPERIAL,UNINCORPORATED,-115.74665832519531,33.356441497802734
90687203,2018,2018-03-21,9625,2018-03-10,0926,018978,,6,1,9,1300,0,2,S,,2,809,"ORCHARD RD","INTERSTATE 8",845.00,N,N,A,B,N,,,,,,,,,,Y,3,0,1,1,A,-,08,22107,,N,E,J,A,A,H,-,A,D,0,,,,,Y,,D,22,0,1,0,0,0,0,0,0,0,"- ","- ",32.777191162109375,-115.3839111328125,IMPERIAL,UNINCORPORATED,-115.38371276855469,32.777202606201172
90689596,2018,2018-03-26,9620,2018-03-19,1810,018468,,1,2,9,1300,0,1,3,,1,063,"STATE ROUTE 78","MARLOWE ROAD",9456.00,N,N,A,-,Y,,,78,,,,,,,Y,3,0,1,1,A,-,03,22350,,N,E,I,A,A,H,-,A,D,0,,,,,Y,,A,01,0,1,0,0,0,0,0,0,0,"- ","- ",33.389228820800781,-114.72212982177734,IMPERIAL,UNINCORPORATED,-114.72180938720703,33.38922119140625
90689680,2018,2018-03-26,9625,2018-03-18,1640,022010,,7,2,9,1300,0,1,3,,1,012,"TREADWELL BLVD","BERING AVENUE",0.00,,Y,A,-,N,,,,,,,,,,Y,2,0,1,2,A,-,01,23152,A,N,D,C,A,A,H,-,A,A,0,,,,,Y,Y,D,22,1,0,0,0,0,0,0,0,0,"- ","- ",33.338550567626953,-115.98644256591797,IMPERIAL,UNINCORPORATED,-115.98645782470703,33.338600158691406
90690235,2018,2018-03-26,9625,2018-03-15,0755,017727,,4,1,9,1300,0,3,5,,2,040,"WAHL ROAD","LA BRUCHERIE ROAD",0.00,,Y,A,-,N,,,,,,,,,,Y,3,0,4,2,A,-,09,21802,A,N,D,C,A,A,H,-,A,A,0,,,,,Y,,D,22,0,1,3,0,0,0,0,0,0,"- ","- ",32.723400115966797,-115.57749938964844,IMPERIAL,UNINCORPORATED,-115.57868957519531,32.820308685302734
90690855,2018,2018-03-27,9625,2018-03-16,2100,018279,,5,2,9,1300,0,1,3,,1,012,"SR86 S/B","SUNRISE DRIVE",0.00,,Y,A,-,Y,,,,,,,,,,Y,3,0,3,2,A,-,09,21802,A,N,D,C,A,A,H,-,C,A,0,,,,,Y,,D,22,0,3,0,0,0,0,0,0,0,"- ","- ",33.389228820800781,-115.97190093994141,IMPERIAL,UNINCORPORATED,,
90691209,2018,2018-03-27,9625,2018-03-20,1418,018207,,2,2,9,1300,0,1,3,,1,022,"N/B SR-111","RANGE ROAD",1056.00,S,N,A,-,Y,,,111,,,,,,,Y,4,0,1,3,A,-,03,22350,,N,C,C,A,A,D,-,A,D,0,,,,,Y,,E,22,0,0,1,0,0,0,0,0,0,"- ","- ",33.425941467285156,-115.8306884765625,IMPERIAL,UNINCORPORATED,-115.83079528808594,33.425872802734375
90695742,2018,2018-03-30,9625,2018-03-21,2000,017809,,3,2,9,1300,0,1,3,,1,051,"SR-7 N/B","MENVIELLE ROAD",1056.00,S,N,A,-,Y,,,7,,,,,,N,N,4,0,3,2,A,-,09,21801,A,N,D,C,A,A,H,-,C,D,0,,,,,Y,,-,98,0,0,3,0,0,0,0,0,0,"- ","- ",32.679901123046875,-115.39048004150391,IMPERIAL,UNINCORPORATED,-115.390380859375,32.679943084716797
90697489,2018,2018-04-03,9625,2018-03-22,0525,017432,,4,3,9,1300,0,1,3,,1,042,"STATE ROUTE 98","DREW ROAD",1848.00,E,N,A,-,Y,,,98,,,,,,,Y,4,0,1,1,A,-,08,22107,,N,E,I,A,A,H,-,D,D,0,,,,,Y,,A,01,0,0,1,0,0,0,0,0,0,"- ","- ",32.67926025390625,-115.66513061523438,IMPERIAL,UNINCORPORATED,-115.66513061523438,32.679458618164062
90699302,2018,2018-04-05,9625,2018-03-27,0629,013627,,2,1,9,1300,0,1,3,,2,024,"STATE ROUTE 78","BUTTERS ROAD",0.00,,Y,A,-,Y,,,78,,,,,,,Y,4,0,4,2,A,-,05,21752,D,N,D,C,A,A,H,-,B,D,0,,,,Y,Y,,G,25,0,0,4,0,0,0,0,0,0,"- ","- ",32.974689483642578,-115.37174224853516,IMPERIAL,UNINCORPORATED,-115.37174224853516,32.974662780761719
90703298,2018,2018-04-11,9625,2018-03-30,1205,017727,,5,1,9,1300,0,1,3,,1,042,"SR-98 EASTBOUND","ROCKWOOD ROAD",0.00,,Y,A,-,Y,,,98,,,,,,E,Y,3,0,2,2,A,-,05,21460,C,N,D,C,A,A,H,-,A,D,0,,,,Y,Y,,A,07,0,2,0,0,0,0,0,0,0,"- ","- ",32.67926025390625,-115.62091827392578,IMPERIAL,UNINCORPORATED,-115.62091827392578,32.679229736328125
90703386,2018,2018-04-11,9625,2018-04-05,1652,018464,,4,2,9,1300,0,1,3,,2,053,"SR-111 (S/B)","HEBER ROAD",225.00,N,N,A,-,Y,,,111,,,,,,,N,4,0,1,4,A,-,03,22350,,N,C,C,A,A,H,-,A,A,0,,,,,Y,,A,01,0,0,1,0,0,0,0,0,0,"- ","- ",32.731548309326172,-115.50052642822266,IMPERIAL,UNINCORPORATED,-115.50042724609375,32.731552124023438