CASE_ID,ACCIDENT_YEAR,PROC_DATE,JURIS,COLLISION_DATE,COLLISION_TIME,OFFICER_ID,REPORTING_DISTRICT,DAY_OF_WEEK,CHP_SHIFT,POPULATION,CNTY_CITY_LOC,SPECIAL_COND,BEAT_TYPE,CHP_BEAT_TYPE,CITY_DIVISION_LAPD,CHP_BEAT_CLASS,BEAT_NUMBER,PRIMARY_RD,SECONDARY_RD,DISTANCE,DIRECTION,INTERSECTION,WEATHER_1,WEATHER_2,STATE_HWY_IND,CALTRANS_COUNTY,CALTRANS_DISTRICT,STATE_ROUTE,ROUTE_SUFFIX,POSTMILE_PREFIX,POSTMILE,LOCATION_TYPE,RAMP_INTERSECTION,SIDE_OF_HWY,TOW_AWAY,COLLISION_SEVERITY,NUMBER_KILLED,NUMBER_INJURED,PARTY_COUNT,PRIMARY_COLL_FACTOR,PCF_CODE_OF_VIOL,PCF_VIOL_CATEGORY,PCF_VIOLATION,PCF_VIOL_SUBSECTION,HIT_AND_RUN,TYPE_OF_COLLISION,MVIW,PED_ACTION,ROAD_SURFACE,ROAD_COND_1,ROAD_COND_2,LIGHTING,CONTROL_DEVICE,CHP_ROAD_TYPE,PEDESTRIAN_ACCIDENT,BICYCLE_ACCIDENT,MOTORCYCLE_ACCIDENT,TRUCK_ACCIDENT,NOT_PRIVATE_PROPERTY,ALCOHOL_INVOLVED,STWD_VEHTYPE_AT_FAULT,CHP_VEHTYPE_AT_FAULT,COUNT_SEVERE_INJ,COUNT_VISIBLE_INJ,COUNT_COMPLAINT_PAIN,COUNT_PED_KILLED,COUNT_PED_INJURED,COUNT_BICYCLIST_KILLED,COUNT_BICYCLIST_INJURED,COUNT_MC_KILLED,COUNT_MC_INJURED,PRIMARY_RAMP,SECONDARY_RAMP,LATITUDE,LONGITUDE,COUNTY,CITY,POINT_X,POINT_Y
90703462,2018,2018-04-11,9625,2018-04-05,1540,022010,,4,2,9,1300,0,1,3,,2,053,"SR-111 NORTHBOUND","HEBER ROAD",80.00,S,N,A,-,Y,,,111,,,,,,N,N,4,0,1,2,A,-,03,22350,,N,C,C,A,A,H,-,A,A,0,,,,,Y,Y,D,22,0,0,1,0,0,0,0,0,0,"- ","- ",32.730369567871094,-115.50028228759766,IMPERIAL,UNINCORPORATED,-115.50040435791016,32.730369567871094
90703507,2018,2018-04-11,9625,2018-04-10,0404,020263,,2,3,9,1300,0,3,5,,2,050,"HOLT ROAD","NORRISH ROAD",2640.00,S,N,A,-,N,,,,,,,,,,Y,3,0,1,1,A,-,08,22107,,N,E,J,A,A,H,-,D,D,0,,,,,Y,,A,01,0,1,0,0,0,0,0,0,0,"- ","- ",32.829509735107422,-115.38005065917969,IMPERIAL,UNINCORPORATED,-115.3802490234375,32.825538635253906
90703661,2018,2018-04-11,9625,2018-04-06,1950,022010,,5,2,9,1300,0,1,1,,2,001,"INTERSTATE 8 E/B","MOUNTAIN SPRINGS ROAD",15840.00,E,N,A,-,Y,,,8,,,,,,E,Y,4,0,1,1,A,-,08,22107,,N,E,I,A,A,H,-,D,D,0,,,,,Y,,D,22,0,0,1,0,0,0,0,0,0,"- ","- ",32.694358825683594,-116.06359100341797,IMPERIAL,UNINCORPORATED,-116.06358337402344,32.694358825683594
90706501,2018,2018-04-16,9625,2018-04-05,0550,017727,,4,3,9,1300,0,3,5,,2,020,"BRANDT ROAD","MONTGOMERY ROAD",15.00,N,N,A,-,N,,,,,,,,,,Y,3,0,1,1,A,-,08,22107,,N,F,A,A,A,H,-,D,D,0,,,,,Y,,A,01,0,1,0,0,0,0,0,0,0,"- ","- ",33.155200958251953,-115.56269836425781,IMPERIAL,UNINCORPORATED,-115.56259155273438,33.154949188232422
90707569,2018,2018-04-17,9625,2018-04-06,1335,016248,,5,1,9,1300,0,3,5,,2,050,"BARBARA WORTH ROAD","HEBER ROAD",0.00,,Y,A,-,N,,,,,,,,,,Y,4,0,6,2,A,-,12,22450,A,N,D,C,A,A,H,-,A,A,0,,,,,Y,,A,07,0,0,6,0,0,0,0,0,0,"- ","- ",32.730220794677734,-115.43084716796875,IMPERIAL,UNINCORPORATED,-115.43087768554688,32.730239868164062
90708885,2018,2018-04-19,9625,2018-04-14,1655,022010,,6,2,9,1300,0,3,5,,2,040,"IMPERIAL HIGHWAY N/B","SMOKETREE AVENUE",475.00,N,N,A,-,N,,,,,,,,,,Y,4,0,1,1,A,-,08,22107,,N,F,A,A,A,H,-,A,D,0,,,,,Y,Y,A,07,0,0,1,0,0,0,0,0,0,"- ","- ",32.747570037841797,-115.99520874023438,IMPERIAL,UNINCORPORATED,-115.99453735351562,32.746955871582031
90709092,2018,2018-04-19,9625,2018-02-05,1840,019667,,1,2,9,1300,0,1,1,,2,001,"INTERSTATE 8 (EASTBOUND)","IN KO PAH PARK ROAD",5870.00,E,N,A,-,Y,,,8,,,,,,,Y,1,2,0,1,A,-,08,22107,,N,E,I,A,A,H,-,D,D,0,,,,,Y,,A,01,0,0,0,0,0,0,0,0,0,"- ","- ",32.656688690185547,-116.09702301025391,IMPERIAL,UNINCORPORATED,-116.09707641601562,32.656703948974609
90709209,2018,2018-04-19,9620,2018-04-15,0215,017466,,7,3,9,1300,0,3,5,,2,070,"PICACHO ROAD","WHITE RD",8448.00,N,N,A,-,N,,,,,,,,,,Y,4,0,1,1,A,-,08,22107,,N,F,A,A,A,H,-,D,D,0,,,,,Y,,A,07,0,0,1,0,0,0,0,0,0,"- ","- ",32.808048248291016,-114.61968994140625,IMPERIAL,UNINCORPORATED,-114.61601257324219,32.794288635253906
90709422,2018,2018-04-19,9625,2018-04-12,1300,013627,,4,1,9,1300,0,3,5,,2,050,"BARBARA WORTH DRIVE","MCCABE ROAD",0.00,,Y,A,-,N,,,,,,,,,,Y,4,0,2,2,A,-,09,21802,,N,D,C,A,A,H,-,A,A,0,,,,,Y,,D,22,0,0,2,0,0,0,0,0,0,"- ","- ",32.751918792724609,-115.43077087402344,IMPERIAL,UNINCORPORATED,-115.43074035644531,32.751941680908203
90711530,2018,2018-04-24,9625,2018-04-14,2140,020516,,6,2,9,1300,0,3,5,,2,020,"CARRICK ROAD","YOCUM ROAD",0.00,,Y,A,-,N,,,,,,,,,,Y,3,0,1,1,A,-,08,22107,,F,E,I,A,A,H,-,D,D,0,,,,,Y,,A,01,0,1,0,0,0,0,0,0,0,"- ","- ",33.111141204833984,-115.50634765625,IMPERIAL,UNINCORPORATED,-115.506348,33.111141000000003
90711793,2018,2018-04-24,9625,2018-04-17,1845,022010,,2,2,9,1300,0,3,5,,2,050,"MENVIELLE ROAD",SR-7,6.00,E,N,A,-,Y,,,,,,,,,,N,4,0,2,2,A,-,03,22350,,N,C,C,A,A,H,-,A,A,0,,,,,Y,,A,01,0,0,2,0,0,0,0,0,0,"- ","- ",32.682868957519531,-115.38896942138672,IMPERIAL,UNINCORPORATED,-115.38906860351562,32.682826995849609
90712858,2018,2018-04-25,9625,2018-04-15,1255,013627,,7,1,9,1300,0,3,5,,2,050,"WILLOUGHBY ROAD","DOGWOOD ROAD",0.00,,Y,B,-,N,,,,,,,,,,Y,4,0,2,2,A,-,09,21802,,N,D,C,A,A,H,-,A,A,0,,,,,Y,,A,07,0,0,2,0,0,0,0,0,0,"- ","- ",32.708469390869141,-115.53407287597656,IMPERIAL,UNINCORPORATED,-115.53408050537109,32.708450317382812
90716315,2018,2018-04-30,9625,2018-04-17,0405,018792,,2,3,9,1300,0,3,5,,2,040,"ROSS ROAD","JOHNSON LANE",395.00,E,N,A,-,N,,,,,,,,,,Y,3,0,2,1,A,-,01,23152,F,M,E,I,A,A,H,-,D,D,0,,,,,Y,,A,01,0,1,1,0,0,0,0,0,0,"- ","- ",32.781471252441406,-115.61087799072266,IMPERIAL,UNINCORPORATED,-115.61085510253906,32.781425476074219
90716404,2018,2018-04-30,9625,2018-04-14,1155,017055,,6,1,9,1300,0,1,3,,1,022,SR-111,"DAVIS ROAD",10560.00,N,N,A,-,Y,,,,,,,,,,Y,2,0,1,1,A,-,08,22107,,N,F,A,A,A,H,-,A,D,0,,,,,Y,,A,01,1,0,0,0,0,0,0,0,0,"- ","- ",33.182388305664062,-115.35489654541016,IMPERIAL,UNINCORPORATED,-115.5982666015625,33.309116363525391
90716456,2018,2018-04-30,9625,2018-04-20,0450,019667,,5,3,9,1300,0,3,5,,2,040,"KEYSTONE ROAD","FORRESTER ROAD",3140.00,E,N,A,-,N,,,,,,,,,,Y,3,0,2,2,A,-,08,22107,,N,B,C,A,A,H,-,D,D,0,,,,,Y,,A,01,0,1,1,0,0,0,0,0,0,"- ","- ",32.913768768310547,-115.61020660400391,IMPERIAL,UNINCORPORATED,-115.61113739013672,32.913787841796875
90716862,2018,2018-04-30,9625,2018-04-25,1445,018279,,3,2,9,1300,0,1,3,,2,053,"SR-111 S/B","JASPER RD",300.00,N,N,A,-,Y,,,111,,,,,,S,N,3,0,1,2,A,-,21,22106,,N,C,C,A,A,H,-,A,A,0,,,,,Y,,A,07,0,1,0,0,0,0,0,0,0,"- ","- ",32.710010528564453,-115.49957275390625,IMPERIAL,UNINCORPORATED,-115.49943542480469,32.710010528564453
90720581,2018,2018-05-07,9625,2018-04-24,0745,017727,,2,1,9,1300,0,2,4,,2,047,"FORRESTER ROAD","ROSS ROAD",0.00,,Y,A,-,N,,,,,,,,,,Y,3,0,2,2,A,-,09,21802,A,N,D,C,A,A,H,-,A,A,0,,,,,Y,,A,07,0,1,1,0,0,0,0,0,0,"- ","- ",32.781398773193359,-115.62065887451172,IMPERIAL,UNINCORPORATED,-115.62064361572266,32.781421661376953
90723320,2018,2018-05-09,9620,2018-04-30,2000,018290,,1,2,9,1300,0,3,5,,2,070,"SAPPHIRE LN",BASELINE,1056.00,W,N,B,-,N,,,,,,,,,,Y,4,0,1,1,A,-,01,23152,A,N,F,A,A,A,H,-,D,D,0,,,,,Y,Y,A,07,0,0,1,0,0,0,0,0,0,"- ","- ",32.738208770751953,-114.60198974609375,IMPERIAL,UNINCORPORATED,-114.60198974609375,32.73822021484375
90723583,2018,2018-05-10,9625,2018-04-01,1835,018464,,7,2,9,1300,0,3,5,,2,050,"HEBER ROAD","YOURMAN ROAD",0.00,,Y,A,-,N,,,,,,,,,,Y,1,1,1,2,A,-,09,21801,A,N,A,C,A,A,H,-,A,D,0,,,Y,,Y,,A,01,0,1,0,0,0,0,0,1,0,"- ","- ",32.730621337890625,-115.49593353271484,IMPERIAL,UNINCORPORATED,-115.49833679199219,32.730678558349609
90723609,2018,2018-05-10,9625,2018-04-28,1059,013627,,6,1,9,1300,0,1,1,,2,005,"INTERSTATE 8 (E/B)","STATE ROUTE 111(S/B)",3696.00,W,N,A,-,Y,,,8,,,,,,,Y,2,0,1,1,A,-,03,22350,,N,E,J,A,A,D,-,A,A,0,,,,,Y,,D,22,1,0,0,0,0,0,0,0,0,"- ","- ",32.773761749267578,-115.51341247558594,IMPERIAL,UNINCORPORATED,-115.51341247558594,32.773727416992188
90723691,2018,2018-05-10,9625,2018-04-28,1639,018464,,6,2,9,1300,0,1,1,,2,004,"I -8 (W/B)","DUNAWAY ROAD",1090.00,W,N,A,-,Y,,,8,,,,,,,Y,3,0,1,1,A,-,08,22107,,N,E,I,A,A,H,-,A,D,0,,,,,Y,,D,22,0,1,0,0,0,0,0,0,0,"- ","- ",32.768341064453125,-115.80445861816406,IMPERIAL,UNINCORPORATED,-115.80445098876953,32.768310546875
90724227,2018,2018-05-11,9625,2018-04-30,1248,013627,,1,1,9,1300,0,1,1,,2,005,"INTERSTATE 8 (E/B)","DOGWOOD ROAD",4488.00,E,N,B,-,Y,,,8,,,,,,,Y,4,0,1,2,A,-,03,22350,,N,C,C,A,A,D,E,A,A,0,,,,,Y,,A,08,0,0,1,0,0,0,0,0,0,"- ","- ",32.773689270019531,-115.52062225341797,IMPERIAL,UNINCORPORATED,-115.52062225341797,32.773731231689453
90724233,2018,2018-05-11,9625,2018-04-30,1120,017432,,1,1,9,1300,0,3,5,,2,040,"ROSS ROAD","FORRESTER ROAD",0.00,,Y,A,-,N,,,,,,,,,,Y,4,0,1,2,A,-,09,21802,A,N,D,C,A,A,H,-,A,D,0,,,,,Y,,A,01,0,0,1,0,0,0,0,0,0,"- ","- ",32.781368255615234,-115.62071990966797,IMPERIAL,UNINCORPORATED,-115.62064361572266,32.781421661376953
90725461,2018,2018-05-14,9620,2018-05-07,0425,020738,,1,3,9,1300,0,1,3,,1,063,SR-78,"OGILBY ROAD",11088.00,E,N,A,-,Y,,,78,,,,,,,Y,4,0,1,3,A,-,05,21460,A,N,B,C,A,A,H,-,D,D,0,,,,Y,Y,,A,01,0,0,1,0,0,0,0,0,0,"- ","- ",33.108028411865234,-114.89512634277344,IMPERIAL,UNINCORPORATED,-114.89514923095703,33.108047485351562
90726014,2018,2018-05-14,9625,2018-05-02,2305,017809,,3,3,9,1300,0,3,5,,2,020,"OLD HOT MINERAL SPA ROAD","HOT MINERAL SPA ROAD",50.00,W,N,A,-,N,,,,,,,,,,Y,2,0,1,1,A,-,01,23152,A,N,H,A,A,A,H,-,D,D,0,,,Y,,Y,Y,C,06,1,0,0,0,0,0,0,0,1,"- ","- ",33.424839019775391,-115.68224334716797,IMPERIAL,UNINCORPORATED,-115.69393157958984,33.3768310546875
90727587,2018,2018-05-16,9625,2018-05-06,0530,019667,,7,3,9,1300,0,3,5,,2,020,"SR-78 WESTBOUND","ELDER ROAD",0.00,,Y,A,-,Y,,,,,,,,,,Y,3,0,5,1,A,-,03,22350,,N,E,I,A,A,H,-,D,A,0,,,,,Y,,D,22,0,3,2,0,0,0,0,0,0,"- ","- ",32.999031066894531,-115.58985900878906,IMPERIAL,UNINCORPORATED,,
90727867,2018,2018-05-16,9625,2018-05-04,1712,018792,,5,2,9,1300,0,1,3,,1,012,"SR 86 NORTHBOUND","SOUTH MARINA DRIVE",95.00,S,N,A,-,Y,,,86,,,,,,N,N,4,0,2,2,A,-,03,22350,,M,C,C,A,A,H,-,A,A,0,,,,,Y,,A,01,0,0,2,0,0,0,0,0,0,"- ","- ",33.278911590576172,-115.96392822265625,IMPERIAL,UNINCORPORATED,-115.96390533447266,33.278926849365234
90727909,2018,2018-05-16,9625,2018-05-06,1550,017809,,7,2,9,1300,0,1,3,,1,021,"STATE ROUTE 111 SOUTHBOUND","PETERSON ROAD",528.00,S,N,A,-,Y,,,111,,,,,,S,Y,3,0,2,1,A,-,08,22107,,N,F,A,A,A,H,-,A,D,0,,,,,Y,,D,22,0,2,0,0,0,0,0,0,0,"- ","- ",33.160259246826172,-115.51898956298828,IMPERIAL,UNINCORPORATED,-115.51905822753906,33.160259246826172
90727994,2018,2018-05-16,9625,2018-05-08,1350,018464,,2,1,9,1300,0,3,5,,2,050,"OLD HIGHWAY 111","ATEN ROAD",0.00,,Y,A,-,Y,,,,,,,,,,Y,4,0,2,2,A,-,09,21802,A,N,D,C,A,A,H,-,A,A,0,,,,,Y,,A,01,0,0,2,0,0,0,0,0,0,"- ","- ",32.825820922851562,-115.501220703125,IMPERIAL,UNINCORPORATED,-115.50131225585938,32.825771331787109
90728443,2018,2018-05-17,9625,2018-05-13,1700,017809,,7,2,9,1300,0,3,5,,2,020,"G.F.O.C. MINE ROAD","ZAPPONE ROAD",114.00,S,N,A,-,N,,,,,,,,,,Y,3,0,1,1,A,-,08,22107,,N,F,A,A,A,H,-,A,A,0,,,,,Y,,A,01,0,1,0,0,0,0,0,0,0,"- ","- ",33.038810729980469,-115.00666046142578,IMPERIAL,UNINCORPORATED,,
90730256,2018,2018-05-21,9625,2018-05-09,0650,017727,,3,1,9,1300,0,1,3,,1,022,"SR-111 SOUTHBOUND","BEACH ROAD",1584.00,N,N,A,-,Y,,,111,,,,,,S,Y,4,0,1,1,A,-,08,22107,,N,F,A,A,A,H,-,B,D,0,,,,,Y,,A,07,0,0,1,0,0,0,0,0,0,"- ","- ",33.311500549316406,-115.60019683837891,IMPERIAL,UNINCORPORATED,-115.60020446777344,33.311496734619141
90730362,2018,2018-05-21,9625,2018-05-10,1015,016248,,4,1,9,1300,0,3,5,,2,050,"ROSS ROAD","FORRESTER ROAD",0.00,,Y,A,-,N,,,,,,,,,,Y,3,0,2,2,A,-,09,21802,A,N,D,C,A,A,H,-,A,A,0,,,,,Y,,A,01,0,2,0,0,0,0,0,0,0,"- ","- ",32.781410217285156,-115.62059783935547,IMPERIAL,UNINCORPORATED,-115.62064361572266,32.781421661376953
90730412,2018,2018-05-21,9625,2018-05-14,1420,018279,,1,2,9,1300,0,1,3,,2,053,"SR-111 N/B","EVAN HEWES HIGHWAY",74.00,N,N,A,-,Y,,,111,,,,,,N,Y,4,0,1,2,A,-,08,22107,,N,B,C,A,A,H,-,A,A,0,,,,Y,Y,,A,01,0,0,1,0,0,0,0,0,0,"- ","- ",32.800251007080078,-115.50023651123047,IMPERIAL,UNINCORPORATED,-115.50055694580078,32.800258636474609
90733218,2018,2018-05-24,9625,2018-05-11,0705,017432,,5,1,9,1300,0,1,3,,2,024,SR-78,"OSBORNE PARK ROAD",2112.00,E,N,A,-,Y,,,78,,,,,,,Y,3,0,1,1,A,-,08,22107,,N,F,A,A,A,H,-,A,D,0,,,,,Y,,D,22,0,1,0,0,0,0,0,0,0,"- ","- ",32.987380981445312,-115.12815856933594,IMPERIAL,UNINCORPORATED,-115.128173828125,32.987461090087891
90733548,2018,2018-05-24,9625,2018-05-16,1615,018279,,3,2,9,1300,0,1,3,,2,053,"SR-111 N/B","ROSS RD",2112.00,N,N,A,-,Y,,,111,,,,,,N,Y,4,0,3,2,A,-,08,22107,,N,B,E,A,A,H,-,A,D,0,,,,,Y,,A,01,0,0,3,0,0,0,0,0,0,"- ","- ",32.788490295410156,-115.50058746337891,IMPERIAL,UNINCORPORATED,-115.500732421875,32.788501739501953
9073622,2020,2020-07-22,1304,2020-04-26,1331,335,EWEST,7,5,4,1304,0,0,0,,0,WEST,"LA BRUCHERIE",ADAMS,0.00,,Y,A,-,N,,,,,,,,,,Y,4,0,1,2,A,-,12,21453,A,N,B,C,A,A,H,-,A,A,0,,,,,Y,,A,01,0,0,1,0,0,0,0,0,0,"- ","- ",,,IMPERIAL,"EL CENTRO",-115.57872009277344,32.796550750732422
90737045,2018,2018-05-30,9625,2018-05-27,2030,019668,,7,2,9,1300,0,3,5,,2,040,"CORRELL ROAD","CHERRY AVENUE",325.00,E,N,A,-,N,,,,,,,,,,N,3,0,1,1,A,-,01,23152,A,N,E,I,A,A,H,-,C,D,0,,,Y,,Y,Y,C,02,0,1,0,0,0,0,0,0,1,"- ","- ",32.737899780273438,-115.54100036621094,IMPERIAL,UNINCORPORATED,-115.54061889648438,32.737918853759766
90737178,2018,2018-05-30,9625,2018-05-27,1555,017809,,7,2,9,1300,0,3,5,,2,010,"BRANDT ROAD","EDDINS ROAD",87.00,S,N,A,-,N,,,,,,,,,,Y,4,0,1,1,A,-,03,22350,,N,E,I,A,A,H,-,A,A,0,,,,,Y,,A,01,0,0,1,0,0,0,0,0,0,"- ","- ",33.125019073486328,-115.56268310546875,IMPERIAL,UNINCORPORATED,-115.56259155273438,33.125511169433594
90737642,2018,2018-05-30,9625,2018-05-21,0715,019035,,1,1,9,1300,0,2,4,,2,046,"DOGWOOD ROAD","FAWCETT ROAD",1560.00,S,N,A,-,N,,,,,,,,,,Y,3,0,1,1,A,-,08,22107,,N,F,A,A,A,H,-,A,D,0,,,,,Y,,A,01,0,1,0,0,0,0,0,0,0,"- ","- ",32.718341827392578,-115.53414154052734,IMPERIAL,UNINCORPORATED,-115.53427124023438,32.719085693359375
90738579,2018,2018-05-31,9625,2018-05-22,0755,013627,,2,1,9,1300,0,2,4,,2,057,"STATE ROUTE 115","SNYDER ROAD",0.00,,Y,A,-,Y,,,,,,,,,,Y,4,0,2,2,A,-,09,21802,A,N,D,C,A,A,H,-,A,A,0,,,,,Y,,D,22,0,0,2,0,0,0,0,0,0,"- ","- ",32.811119079589844,-115.33245086669922,IMPERIAL,UNINCORPORATED,-115.33712768554688,32.811119079589844
90740833,2018,2018-06-04,9625,2018-05-29,1835,017809,,2,2,9,1300,0,3,5,,2,010,"STATE ROUTE 86 N/B","POE ROAD",5280.00,S,N,A,-,Y,,,86,,,,,,N,Y,4,0,1,2,A,-,07,21658,A,N,C,C,A,A,H,-,A,D,0,,,,Y,Y,,A,01,0,0,1,0,0,0,0,0,0,"- ","- ",33.073040008544922,-115.73934173583984,IMPERIAL,UNINCORPORATED,-115.73940277099609,33.072982788085938
90740841,2018,2018-06-04,9625,2018-06-01,1920,020263,,5,2,9,1300,0,3,5,,2,050,"BARBARA WORTH ROAD",SR-98,5280.00,N,N,A,-,N,,,,,,,,,,Y,4,0,1,1,A,-,08,22107,,N,F,A,A,A,H,-,A,D,0,,,,,Y,,A,01,0,0,1,0,0,0,0,0,0,"- ","- ",32.795150756835938,-115.50350189208984,IMPERIAL,UNINCORPORATED,-115.430908203125,32.708286285400391
90742124,2018,2018-06-06,9625,2018-05-29,1103,022010,,2,1,9,1300,0,1,1,,2,002,"INTERSTATE 8 WESTBOUND","IN KO PAH RD",5280.00,E,N,A,-,Y,,,8,,,,,,W,Y,4,0,1,1,A,-,08,22107,,N,E,I,A,A,H,-,A,D,0,,,,,Y,,A,01,0,0,1,0,0,0,0,0,0,"- ","- ",32.658779144287109,-116.09873962402344,IMPERIAL,UNINCORPORATED,-116.09864807128906,32.658840179443359
90743599,2018,2018-06-07,9625,2018-06-01,1300,018464,,5,1,9,1300,0,3,5,,2,040,"HACKLEMAN ROAD","SILSBEE ROAD",0.00,,Y,A,-,N,,,,,,,,,,Y,4,0,2,2,A,-,09,21802,A,N,D,C,A,A,H,-,A,A,0,,,,,Y,,A,08,0,0,2,0,0,0,0,0,0,"- ","- ",32.811130523681641,-115.64631652832031,IMPERIAL,UNINCORPORATED,-115.64629364013672,32.811069488525391
90745507,2018,2018-06-11,9625,2018-05-30,1345,017727,,3,1,9,1300,0,3,5,,2,020,"NOFFSINGER ROAD","NILAND AVE",0.00,,Y,A,-,N,,,,,,,,,,Y,3,0,3,2,A,-,09,21802,A,N,D,C,A,A,H,-,A,A,0,,,,,Y,,A,01,0,2,1,0,0,0,0,0,0,"- ","- ",33.234600067138672,-115.51589965820312,IMPERIAL,UNINCORPORATED,-115.5159,33.2346
90748122,2018,2018-06-14,9625,2018-06-06,0740,016248,,3,1,9,1300,0,3,5,,2,050,"OLD HIGHWAY 111","EVAN HEWES HIGHWAY",0.00,,Y,A,-,N,,,,,,,,,,Y,3,0,1,2,A,-,09,21802,A,N,D,C,A,A,H,-,A,A,0,,,,,Y,,A,01,0,1,0,0,0,0,0,0,0,"- ","- ",32.799491882324219,-115.50160980224609,IMPERIAL,UNINCORPORATED,-115.50163269042969,32.799491882324219
90748136,2018,2018-06-14,9620,2018-06-04,0345,020555,,1,3,9,1300,0,2,4,,1,075,"DECORSE RD","ARNOLD RD",0.00,,Y,A,-,N,,,,,,,,,,Y,3,0,1,1,A,-,01,23152,A,N,F,A,A,A,H,-,D,A,0,,,,,Y,Y,A,01,0,1,0,0,0,0,0,0,0,"- ","- ",32.754070281982422,-114.63336181640625,IMPERIAL,UNINCORPORATED,-114.63318634033203,32.752811431884766
90748411,2018,2018-06-14,9625,2018-06-11,1455,020263,,1,2,9,1300,0,3,5,,2,050,"BARBARA WORTH ROAD","JASPER ROAD",0.00,,Y,A,-,N,,,,,,,,,,Y,3,0,2,2,A,-,12,22450,A,N,D,C,A,A,H,-,A,A,0,,,,,Y,,A,01,0,1,1,0,0,0,0,0,0,"- ","- ",32.708450317382812,-115.43089294433594,IMPERIAL,UNINCORPORATED,-115.430908203125,32.708480834960938
90748756,2018,2018-06-15,9625,2018-06-08,1500,020263,,5,2,9,1300,0,1,3,,2,053,"SR-111 N/B","FAWCETT ROAD",494.00,S,N,A,-,Y,,,111,,,,,,N,Y,4,0,1,2,A,-,01,23152,F,N,F,A,A,A,H,-,A,D,0,,,,,Y,,A,07,0,0,1,0,0,0,0,0,0,"- ","- ",32.722320556640625,-115.50042724609375,IMPERIAL,UNINCORPORATED,-115.50025939941406,32.722324371337891
90748766,2018,2018-06-15,9625,2018-06-13,0527,020704,,3,3,9,1300,0,1,3,,1,044,"SR-86 (N/B)","AUSTIN ROAD",3696.00,N,N,A,-,Y,,,86,,,,,,,Y,3,0,1,1,A,-,08,22107,,N,E,I,A,A,H,-,A,D,0,,,,,Y,,A,01,0,1,0,0,0,0,0,0,0,"- ","- ",32.954559326171875,-115.55653381347656,IMPERIAL,UNINCORPORATED,-115.55658721923828,32.954696655273438
90749864,2018,2018-06-18,9625,2018-06-07,0455,019225,,4,3,9,1300,0,3,5,,2,040,"BENNETT ROAD","ROSS ROAD",1240.00,N,N,A,-,N,,,,,,,,,,Y,3,0,1,1,A,-,08,22107,,N,F,A,A,A,H,-,B,D,0,,,,,Y,,A,01,0,1,0,0,0,0,0,0,0,"- ","- ",32.787910461425781,-115.67250061035156,IMPERIAL,UNINCORPORATED,-115.67225646972656,32.785358428955078
90750421,2018,2018-06-18,9625,2018-06-08,1200,018279,,5,1,9,1300,0,3,5,,2,040,"MCCACBE RD","LA BRUCHERIE ROAD",30.00,E,N,A,-,N,,,,,,,,,,Y,3,0,1,2,A,-,01,23152,G,N,C,C,A,A,H,-,A,A,0,,,,,Y,Y,A,01,0,1,0,0,0,0,0,0,0,"- ","- ",32.752449035644531,-115.57750701904297,IMPERIAL,UNINCORPORATED,-115.57766723632812,32.752426147460938
90750746,2018,2018-06-19,9620,2018-06-10,0725,018535,,7,1,9,1300,0,1,1,,2,081,"INTERSTATE 8","GORDONS WELL ROAD",1056.00,E,N,A,G,Y,,,8,,,,,,,Y,3,0,1,1,A,-,08,22107,,N,F,J,A,A,H,-,A,D,0,,,,,Y,,A,01,0,1,0,0,0,0,0,0,0,"- ","- ",32.713359832763672,-114.92240142822266,IMPERIAL,UNINCORPORATED,-114.92243957519531,32.713424682617188
90751443,2018,2018-06-19,9625,2018-06-10,1540,017809,,7,2,9,1300,0,1,3,,1,011,"STATE ROUTE 86 S/B","KALIN ROAD",0.00,,Y,A,-,Y,,,86,,,,,,S,Y,4,0,1,2,A,-,09,21802,B,N,E,J,A,A,H,-,A,A,0,,,,,Y,,A,01,0,0,1,0,0,0,0,0,0,"- ","- ",32.984081268310547,-115.57810974121094,IMPERIAL,UNINCORPORATED,-115.57785797119141,32.984287261962891
90751888,2018,2018-06-20,9625,2018-06-09,0415,018930,,6,3,9,1300,0,3,5,,2,040,"ROSS ROAD","BENNETT ROAD",1056.00,E,N,A,-,N,,,,,,,,,,N,3,0,1,2,A,-,11,21956,,N,G,B,E,A,H,-,D,D,0,Y,,,,Y,Y,N,60,0,1,0,0,1,0,0,0,0,"- ","- ",32.78179931640625,-115.66770172119141,IMPERIAL,UNINCORPORATED,-115.66884613037109,32.781967163085938
90752821,2018,2018-06-21,9625,2018-06-12,2000,019225,,2,2,9,1300,0,1,3,,1,021,SR-111,"DOWDEN ROAD",792.00,S,N,A,-,Y,,,111,,,,,,,Y,3,0,1,1,A,-,01,23152,A,N,E,J,A,A,H,-,B,D,0,,,,,Y,Y,A,01,0,1,0,0,0,0,0,0,0,"- ","- ",33.087398529052734,-115.5166015625,IMPERIAL,UNINCORPORATED,-115.51654815673828,33.087356567382812