CASE_ID,ACCIDENT_YEAR,PROC_DATE,JURIS,COLLISION_DATE,COLLISION_TIME,OFFICER_ID,REPORTING_DISTRICT,DAY_OF_WEEK,CHP_SHIFT,POPULATION,CNTY_CITY_LOC,SPECIAL_COND,BEAT_TYPE,CHP_BEAT_TYPE,CITY_DIVISION_LAPD,CHP_BEAT_CLASS,BEAT_NUMBER,PRIMARY_RD,SECONDARY_RD,DISTANCE,DIRECTION,INTERSECTION,WEATHER_1,WEATHER_2,STATE_HWY_IND,CALTRANS_COUNTY,CALTRANS_DISTRICT,STATE_ROUTE,ROUTE_SUFFIX,POSTMILE_PREFIX,POSTMILE,LOCATION_TYPE,RAMP_INTERSECTION,SIDE_OF_HWY,TOW_AWAY,COLLISION_SEVERITY,NUMBER_KILLED,NUMBER_INJURED,PARTY_COUNT,PRIMARY_COLL_FACTOR,PCF_CODE_OF_VIOL,PCF_VIOL_CATEGORY,PCF_VIOLATION,PCF_VIOL_SUBSECTION,HIT_AND_RUN,TYPE_OF_COLLISION,MVIW,PED_ACTION,ROAD_SURFACE,ROAD_COND_1,ROAD_COND_2,LIGHTING,CONTROL_DEVICE,CHP_ROAD_TYPE,PEDESTRIAN_ACCIDENT,BICYCLE_ACCIDENT,MOTORCYCLE_ACCIDENT,TRUCK_ACCIDENT,NOT_PRIVATE_PROPERTY,ALCOHOL_INVOLVED,STWD_VEHTYPE_AT_FAULT,CHP_VEHTYPE_AT_FAULT,COUNT_SEVERE_INJ,COUNT_VISIBLE_INJ,COUNT_COMPLAINT_PAIN,COUNT_PED_KILLED,COUNT_PED_INJURED,COUNT_BICYCLIST_KILLED,COUNT_BICYCLIST_INJURED,COUNT_MC_KILLED,COUNT_MC_INJURED,PRIMARY_RAMP,SECONDARY_RAMP,LATITUDE,LONGITUDE,COUNTY,CITY,POINT_X,POINT_Y
90757230,2018,2018-06-27,9625,2018-06-19,1320,017727,,2,1,9,1300,0,1,1,,2,001,"E/B I-8","MOUNTAIN SPRINGS ROAD",15154.00,E,N,A,-,Y,,,,,,,,,,Y,3,0,2,2,A,-,03,22350,,N,F,A,A,A,H,-,A,D,0,,,Y,,Y,,C,02,0,2,0,0,0,0,0,0,1,"- ","- ",,,IMPERIAL,UNINCORPORATED,,
90757327,2018,2018-06-27,9625,2018-06-14,0810,016248,,4,1,9,1300,0,1,1,,2,002,"I-8 W/B",SR-98,4224.00,W,N,A,-,Y,,,8,,,,,,W,Y,3,0,2,2,A,-,07,21658,A,N,C,C,A,A,H,-,A,D,0,,,,,Y,,A,07,0,2,0,0,0,0,0,0,0,"- ","- ",32.725200653076172,-116.03694915771484,IMPERIAL,UNINCORPORATED,-116.03694915771484,32.725181579589844
90758104,2018,2018-06-28,9620,2018-06-20,0845,018535,,3,1,9,1300,0,1,3,,1,062,"EB SR-78","OGILBY RD",4224.00,E,N,A,-,Y,,,78,,,,,,,Y,3,0,2,1,A,-,08,22107,,N,F,I,A,A,H,-,A,D,0,,,,,Y,,A,07,0,2,0,0,0,0,0,0,0,"- ","- ",33.093109130859375,-114.90225982666016,IMPERIAL,UNINCORPORATED,-114.90238952636719,33.093154907226562
90765360,2018,2018-07-09,9625,2018-06-28,1500,019667,,4,2,9,1300,0,3,5,,2,050,"JASPER ROAD","MEADOWS ROAD",195.00,E,N,A,-,N,,,,,,,,,,Y,4,0,2,1,A,-,08,22107,,N,E,I,A,A,H,-,A,D,0,,,,,Y,,A,01,0,0,2,0,0,0,0,0,0,"- ","- ",32.708568572998047,-115.48161315917969,IMPERIAL,UNINCORPORATED,-115.48164367675781,32.708625793457031
90766201,2018,2018-07-10,9625,2018-06-24,2140,022010,,7,2,9,1300,0,1,1,,2,003,"INTERSTATE 8 E/B","DERRICK ROAD",1585.00,W,N,A,-,Y,,,8,,,,,,E,Y,3,0,2,1,A,-,08,22107,,N,E,I,A,A,H,-,B,D,0,,,,,Y,,D,22,0,1,1,0,0,0,0,0,0,"- ","- ",32.773818969726562,-115.7130126953125,IMPERIAL,UNINCORPORATED,-115.7130126953125,32.773880004882812
90766210,2018,2018-08-15,9625,2018-06-02,0500,019668,,6,3,9,1300,0,3,5,,2,050,"KEYSTONE ROAD","CASEY ROAD",85.00,E,N,A,-,N,,,,,,,,,,Y,1,1,0,1,A,-,08,22107,,N,F,A,A,A,H,-,B,D,0,,,,,Y,,D,22,0,0,0,0,0,0,0,0,0,"- ","- ",32.916439056396484,-115.42308807373047,IMPERIAL,UNINCORPORATED,-115.42313385009766,32.916511535644531
90766605,2018,2018-07-10,9625,2018-06-30,1515,019667,,6,2,9,1300,0,1,1,,2,001,"INTERSTATE 8 (EASTBOUND)","IN KO PAH PARK ROAD",2217.00,E,N,A,-,Y,,,8,,,,,,,Y,3,0,2,1,A,-,08,22107,,N,E,I,A,A,H,-,A,D,0,,,,,Y,,A,01,0,1,1,0,0,0,0,0,0,"- ","- ",32.649139404296875,-116.1024169921875,IMPERIAL,UNINCORPORATED,-116.10261535644531,32.649303436279297
90767397,2018,2018-07-11,9625,2018-07-02,1625,017809,,1,2,9,1300,0,1,3,,1,011,"STATE ROUTE 86 S/B","HOSKINS ROAD",2112.00,S,N,A,-,Y,,,86,,,,,,S,Y,4,0,1,2,A,-,07,21658,A,N,B,C,A,A,H,-,A,D,0,,,,Y,Y,,G,26,0,0,1,0,0,0,0,0,0,"- ","- ",33.037338256835938,-115.66105651855469,IMPERIAL,UNINCORPORATED,-115.66105651855469,33.037075042724609
90768225,2018,2018-07-12,9625,2018-07-07,1655,019668,,6,2,9,1300,0,1,1,,2,003,"I-8 EASTBOUND","DOGWOOD ROAD",2112.00,W,N,A,-,Y,,,,,,,,,,Y,3,0,3,2,A,-,03,22350,,N,C,C,A,A,H,-,A,D,0,,,,,Y,,A,01,0,2,1,0,0,0,0,0,0,"- ","- ",32.773750305175781,-115.54251861572266,IMPERIAL,UNINCORPORATED,-115.54204559326172,32.773685455322266
90768608,2018,2018-07-13,9625,2018-07-06,0440,019225,,5,3,9,1300,0,1,1,,2,001,"INTERSTATE 8 (EASTBOUND)","IN-KO-PAH PARK ROAD",3696.00,E,N,A,-,Y,,,8,,,,,,,Y,4,0,1,1,A,-,08,22107,,N,E,I,A,A,H,-,D,D,0,,,,,Y,,A,01,0,0,1,0,0,0,0,0,0,"- ","- ",32.655189514160156,-116.09735870361328,IMPERIAL,UNINCORPORATED,-116.09762573242188,32.655372619628906
90769386,2018,2018-07-16,9625,2018-06-28,0950,013627,,4,1,9,1300,0,3,5,,2,050,"ATEN ROAD","OLD STATE ROUTE 111",1662.00,W,N,B,-,N,,,,,,,,,,Y,3,0,2,2,A,-,09,21802,A,N,D,C,A,A,H,-,A,A,0,,,,Y,Y,,A,01,0,2,0,0,0,0,0,0,0,"- ","- ",32.825630187988281,-115.50675201416016,IMPERIAL,UNINCORPORATED,-115.50672912597656,32.825519561767578
90769388,2018,2018-07-16,9625,2018-06-19,1219,016248,,2,1,9,1300,0,1,3,,1,042,SR-98,"CLARK ROAD",1031.00,W,N,A,-,Y,,,98,,,,,,,Y,2,0,4,1,A,-,08,22107,,N,E,I,A,A,G,-,A,D,0,,,,,Y,,A,07,2,2,0,0,0,0,0,0,0,"- ","- ",32.679370880126953,-115.56305694580078,IMPERIAL,UNINCORPORATED,-115.56305694580078,32.679340362548828
90771845,2018,2018-07-18,9625,2018-07-12,0929,019035,,4,1,9,1300,0,1,3,,1,042,SR-98,"PULLIAM ROAD",1475.00,W,N,A,-,Y,,,98,,,,,,,Y,4,0,1,1,A,-,08,22107,,N,F,A,A,A,H,-,A,D,0,,,,,Y,,A,01,0,0,1,0,0,0,0,0,0,"- ","- ",32.679298400878906,-115.65879821777344,IMPERIAL,UNINCORPORATED,-115.65879821777344,32.679454803466797
90772584,2018,2018-07-19,9625,2018-07-14,2120,020111,,6,2,9,1300,0,3,5,,2,040,"AUSTIN ROAD","BREWER ROAD",2165.00,S,N,A,-,N,,,,,,,,,,Y,4,0,1,2,A,-,08,22107,,N,B,C,A,A,H,-,D,D,0,,,Y,,Y,,A,07,0,0,1,0,0,0,0,0,1,"- ","- ",32.834300994873047,-115.59496307373047,IMPERIAL,UNINCORPORATED,-115.59500885009766,32.834220886230469
90772638,2018,2018-07-19,9625,2018-07-12,1458,018792,,4,2,9,1300,0,1,3,,2,056,"STATE ROUTE 115","RT 78",0.00,,Y,A,-,Y,,,115,,,,,,,Y,4,0,2,2,A,-,09,21801,A,N,A,C,A,A,H,-,A,A,0,,,,,Y,,D,22,0,0,2,0,0,0,0,0,0,"- ","- ",32.974178314208984,-115.40798187255859,IMPERIAL,UNINCORPORATED,-115.40799713134766,32.974143981933594
90772819,2018,2018-07-19,9620,2018-07-16,1525,018468,,1,2,9,1300,0,1,3,,1,063,"STATE ROUTE 78","MITCHELLS CAMP RD",7920.00,E,N,A,-,Y,,,,,,,,,,Y,3,0,1,1,A,-,03,22350,,N,E,I,A,A,H,-,A,D,0,,,,,Y,,A,01,0,1,0,0,0,0,0,0,0,"- ","- ",,,IMPERIAL,UNINCORPORATED,-114.72712707519531,33.327568054199219
90776041,2018,2018-07-25,9625,2018-07-16,1350,017055,,1,1,9,1300,0,1,3,,2,023,SR-115,"ALBRIGHT ROAD",0.00,,Y,A,-,Y,,,115,,,,,,,Y,3,0,2,2,A,-,12,22450,A,N,D,C,A,A,H,-,A,A,0,,,,,Y,,A,01,0,2,0,0,0,0,0,0,0,"- ","- ",33.103950500488281,-115.44965362548828,IMPERIAL,UNINCORPORATED,-115.44966125488281,33.103950500488281
90776344,2018,2018-07-25,9625,2018-05-01,1320,017055,,2,1,9,1300,0,1,3,,1,012,"SR-86 (N/B)","COOMBS ROAD",165.00,N,N,A,-,Y,,,86,,,,,,,Y,1,1,2,2,A,-,08,22107,,N,A,I,A,A,H,-,A,D,0,,,,Y,Y,,D,22,1,1,0,0,0,0,0,0,0,"- ","- ",33.323699951171875,-115.99714660644531,IMPERIAL,UNINCORPORATED,-115.99716186523438,33.323692321777344
90776401,2018,2018-07-25,9625,2018-07-24,0605,017055,,2,1,9,1300,0,2,4,,2,047,"FORRESTER ROAD","CARTER ROAD",0.00,,Y,A,-,N,,,,,,,,,,Y,2,0,1,2,A,-,09,21802,A,N,D,C,A,A,H,-,A,A,0,,,,,Y,,A,01,1,0,0,0,0,0,0,0,0,"- ","- ",32.935558319091797,-115.62161254882812,IMPERIAL,UNINCORPORATED,-115.62164306640625,32.935581207275391
90777424,2018,2018-07-26,9620,2018-07-19,0530,018703,,4,3,9,1300,0,2,4,,1,075,"S-24 (ROSS ROAD)","S-24 (PICACHO ROAD)",0.00,,Y,A,-,N,,,,,,,,,,Y,3,0,1,1,A,-,12,22450,A,N,E,I,A,A,H,-,B,A,0,,,,,Y,,A,01,0,1,0,0,0,0,0,0,0,"- ","- ",32.781890869140625,-114.61650085449219,IMPERIAL,UNINCORPORATED,-114.616399,32.781854000000003
90778801,2018,2018-07-27,9625,2018-07-17,0720,017727,,2,1,9,1300,0,3,5,,2,040,"CLARK ROAD","HEBER ROAD",886.00,N,N,A,-,N,,,,,,,,,,Y,4,0,1,1,A,-,03,22350,,N,E,I,A,A,H,-,A,D,0,,,,,Y,,A,01,0,0,1,0,0,0,0,0,0,"- ","- ",32.733200073242188,-115.56040191650391,IMPERIAL,UNINCORPORATED,-115.56031799316406,32.730640411376953
90779896,2018,2018-07-30,9625,2018-07-22,1245,017727,,7,1,9,1300,0,2,4,,2,046,"CORRELL ROAD","DOGWOOD ROAD",0.00,,Y,A,-,N,,,,,,,,,,N,4,0,1,2,A,-,03,22350,,N,C,C,A,A,H,-,A,A,0,,,,,Y,,A,01,0,0,1,0,0,0,0,0,0,"- ","- ",32.737998962402344,-115.53440093994141,IMPERIAL,UNINCORPORATED,-115.53459167480469,32.737918853759766
90780583,2018,2018-07-30,9625,2018-07-19,0620,017727,,4,1,9,1300,0,1,3,,1,022,SR-111,"RANGE ROAD",2640.00,S,N,A,-,Y,,,111,,,,,,,Y,4,0,1,1,A,-,08,22107,,N,F,A,A,A,H,-,A,D,0,,,,,Y,,A,01,0,0,1,0,0,0,0,0,0,"- ","- ",33.363800048828125,-115.76329803466797,IMPERIAL,UNINCORPORATED,-115.76377105712891,33.363071441650391
90780950,2018,2018-07-31,9625,2018-07-25,1540,018792,,3,2,9,1300,0,3,5,,2,020,"WIEST ROAD","HART ROAD",270.00,S,N,A,-,N,,,,,,,,,,Y,3,0,1,1,A,-,08,22107,,N,E,I,A,A,H,-,A,D,0,,,,,Y,,A,01,0,1,0,0,0,0,0,0,0,"- ","- ",32.937591552734375,-115.44882965087891,IMPERIAL,UNINCORPORATED,-115.44890594482422,32.937664031982422
90781104,2018,2018-07-31,9625,2018-07-21,1430,019668,,6,2,9,1300,0,2,4,,2,046,"DOGWOOD ROAD","HARRIS ROAD",0.00,,Y,A,-,N,,,,,,,,,,Y,2,0,1,2,A,-,09,21802,A,N,D,C,A,A,H,-,A,A,0,,,,,Y,,M,46,1,0,0,0,0,0,0,0,0,"- ","- ",32.883628845214844,-115.53546142578125,IMPERIAL,UNINCORPORATED,-115.53549957275391,32.883651733398438
90781328,2018,2018-07-31,9620,2018-07-24,0605,018247,,2,1,9,1300,0,2,4,,1,075,"MEHRING RD","HEYSER RD",6.00,E,N,A,-,Y,,,,,,,,,,Y,3,0,1,1,A,-,08,22107,,N,F,A,A,A,H,-,A,D,0,,,,,Y,,A,01,0,1,0,0,0,0,0,0,0,"- ","- ",32.818698883056641,-114.53035736083984,IMPERIAL,UNINCORPORATED,-114.53034973144531,32.818759918212891
9078139,2020,2020-07-10,1304,2020-03-31,1353,360,EWES,2,5,4,1304,0,0,0,,0,WEST,"LA BRUCHERIE",ROSS,0.00,,Y,A,-,N,,,,,,,,,,N,3,0,1,2,A,-,12,21453,A,N,D,C,A,A,H,-,A,A,0,,,,,Y,,-,,0,1,0,0,0,0,0,0,0,"- ","- ",,,IMPERIAL,"EL CENTRO",-115.57848358154297,32.781471252441406
90781960,2018,2018-08-01,9625,2018-07-29,1315,017809,,7,1,9,1300,0,3,5,,2,010,"NILE DRIVE","ROSITAS AVENUE",0.00,,Y,A,-,N,,,,,,,,,,Y,2,0,1,2,A,-,09,21800,A,N,D,C,A,A,H,-,A,A,0,,,Y,,Y,,C,06,1,0,0,0,0,0,0,0,1,"- ","- ",33.332061767578125,-115.97019195556641,IMPERIAL,UNINCORPORATED,-115.97029876708984,33.332149505615234
90783417,2018,2018-09-03,9625,2018-07-26,1011,018464,,4,1,9,1300,0,3,5,,2,050,"PITZER ROAD","CHICK ROAD",1796.00,S,N,A,-,N,,,,,,,,,,Y,1,1,1,2,A,-,21,22106,,N,D,C,A,A,H,-,A,D,0,,,,,Y,,A,01,0,0,1,0,0,0,0,0,0,"- ","- ",32.762039184570312,-115.51750183105469,IMPERIAL,UNINCORPORATED,-115.51802062988281,32.766918182373047
9078618,2020,2020-06-23,1304,2020-03-30,1125,#335,,1,5,4,1304,0,0,0,,0,WEST,IMPERIAL,COMMERCIAL,0.00,,Y,A,-,N,,,,,,,,,,N,2,0,2,2,A,-,03,22350,,N,C,C,A,A,H,-,A,D,0,,,,,Y,,A,01,2,0,0,0,0,0,0,0,0,"- ","- ",,,IMPERIAL,"EL CENTRO",-115.56996154785156,32.795131683349609
90786497,2018,2018-08-08,9625,2018-08-03,1828,018464,,5,2,9,1300,0,1,1,,2,005,"I-8 (E/B)","VAN DER LINDEN ROAD",320.00,W,N,A,-,Y,,,8,,,,,,,Y,3,0,1,1,A,-,08,22107,,N,F,A,A,A,H,-,A,D,0,,,,,Y,,A,01,0,1,0,0,0,0,0,0,0,"- ","- ",32.773258209228516,-115.28618621826172,IMPERIAL,UNINCORPORATED,-115.28620147705078,32.773204803466797
90787832,2018,2018-08-09,9625,2018-08-03,0900,018279,,5,1,9,1300,0,1,1,,2,003,"I-8 E/B OFF RAMP TO IMPERIAL AVE","IMPERIAL AVENUE",600.00,E,N,A,-,Y,,,,,,,,,,Y,3,0,1,1,A,-,08,22107,,N,E,I,A,A,H,-,A,A,0,,,,,Y,,A,01,0,1,0,0,0,0,0,0,0,"- ","- ",32.773448944091797,-115.56741333007812,IMPERIAL,UNINCORPORATED,,
90790264,2018,2018-08-14,9625,2018-08-07,1019,018773,,2,1,9,1300,0,1,1,,2,003,"I-8 WESTBOUND","FOURTH STREET",200.00,E,N,A,-,Y,,,,,,,,,,Y,2,0,1,1,A,-,08,22107,,N,E,I,A,A,H,-,A,D,0,,,,,Y,,A,01,1,0,0,0,0,0,0,0,0,"- ","- ",32.773880004882812,-115.54865264892578,IMPERIAL,UNINCORPORATED,-115.55213928222656,32.773891448974609
90790956,2018,2018-08-15,9620,2018-08-10,0110,016222,,5,3,9,1300,0,1,1,,2,082,"INTERSTATE 8 (E/B)","SIDEWINDER RD",4224.00,E,N,A,-,Y,,,8,,,,,,,Y,4,0,1,1,A,-,08,22107,,N,E,I,A,A,H,-,D,D,0,,,,,Y,,D,22,0,0,1,0,0,0,0,0,0,"- ","- ",32.746448516845703,-114.73829650878906,IMPERIAL,UNINCORPORATED,-114.73828887939453,32.746524810791016
90791158,2018,2018-08-15,9625,2018-06-29,1533,018792,,5,2,9,1300,0,1,3,,2,023,SR-115,"FARR ROAD",515.00,N,N,A,-,Y,,,115,,,,,,,Y,1,1,6,1,A,-,08,22107,,N,F,A,A,A,H,-,A,D,0,,,,,Y,,A,08,1,4,1,0,0,0,0,0,0,"- ","- ",33.009010314941406,-115.44891357421875,IMPERIAL,UNINCORPORATED,-115.44884490966797,33.009010314941406
90793629,2018,2018-08-20,9625,2018-08-10,1021,018773,,5,1,9,1300,0,3,5,,2,050,"OLD HIGHWAY 111","CRUICKSHANK ROAD",0.00,,Y,A,-,N,,,,,,,,,,Y,3,0,1,2,A,-,05,21460,C,N,B,C,A,A,H,-,A,D,0,,,,Y,Y,,A,07,0,1,0,0,0,0,0,0,0,"- ","- ",32.811080932617188,-115.50147247314453,IMPERIAL,UNINCORPORATED,-115.50148010253906,32.811031341552734
90793840,2018,2018-08-22,9625,2018-07-04,1445,020111,,3,2,9,1300,0,1,1,,2,005,"I-8 E/B","EAST HIGHLINE CANAL",669.00,E,N,A,-,Y,,,,,,,,,,Y,1,1,1,3,A,-,08,22107,,N,A,C,A,A,H,-,A,D,0,,,,Y,Y,Y,A,01,1,0,0,0,0,0,0,0,0,"- ","- ",32.755058288574219,-115.27056884765625,IMPERIAL,UNINCORPORATED,,
90794182,2018,2018-08-23,9625,2018-08-15,0623,013627,,3,1,9,1300,0,1,3,,2,053,"STATE ROUTE 111 (S/B)","MCCABE ROAD",0.00,,N,A,-,Y,,,111,,,,,,,Y,4,0,1,3,A,-,03,22350,,N,C,C,A,A,H,-,A,A,0,,,,Y,Y,,G,25,0,0,1,0,0,0,0,0,0,"- ","- ",32.752861022949219,-115.50089263916016,IMPERIAL,UNINCORPORATED,-115.50076293945312,32.752861022949219
90794737,2018,2018-08-21,9625,2018-08-12,0303,020704,,7,3,9,1300,0,1,3,,1,054,SR-111,"KEYSTONE ROAD",0.00,,Y,A,-,N,,,,,,,,,,Y,2,0,2,2,A,-,01,23152,A,N,D,D,A,A,H,-,C,A,0,,,,Y,Y,Y,A,01,1,1,0,0,0,0,0,0,0,"- ","- ",32.912639617919922,-115.51058197021484,IMPERIAL,UNINCORPORATED,-115.50779724121094,32.912670135498047
90798563,2018,2018-08-27,9625,2018-08-16,1945,019035,,4,2,9,1300,0,1,1,,2,002,"I-8 W/B","IN-KO-PAH PARK ROAD",6072.00,E,N,C,-,Y,,,8,,,,,,W,Y,3,0,1,1,A,-,03,22350,,N,E,I,A,B,H,-,B,D,0,,,,,Y,,A,01,0,1,0,0,0,0,0,0,0,"- ","- ",32.660701751708984,-116.10130310058594,IMPERIAL,UNINCORPORATED,-116.10125732421875,32.660770416259766
90799266,2018,2018-08-27,9625,2018-08-15,1255,018279,,3,1,9,1300,0,3,5,,2,010,"PALO VERDE DR","DESERT SHORES DRIVE",102.00,N,N,A,-,N,,,,,,,,,,N,4,0,1,2,A,-,09,21804,A,N,D,C,A,A,H,-,A,D,0,,,,,Y,,M,96,0,0,1,0,0,0,0,0,0,"- ","- ",33.407001495361328,-116.03925323486328,IMPERIAL,UNINCORPORATED,-116.03921508789062,33.406940460205078
90799307,2018,2018-08-27,9625,2018-08-20,1703,018792,,1,2,2,1306,0,2,S,,2,901,"CLARK ROAD","NUEVO VILLARTA DR",240.00,S,N,A,-,N,,,,,,,,,,Y,3,0,1,3,A,-,03,22350,,N,C,C,A,A,H,-,A,A,0,,,,,Y,,A,01,0,1,0,0,0,0,0,0,0,"- ","- ",32.82666015625,-115.56156921386719,IMPERIAL,IMPERIAL,-115.56147766113281,32.826786041259766
90799776,2018,2018-08-28,9625,2018-08-16,0850,013627,,4,1,9,1300,0,3,5,,2,050,"MCCABE ROAD","BOWKER ROAD",0.00,,Y,A,-,N,,,,,,,,,,Y,2,0,2,2,A,-,09,21802,A,N,D,C,A,A,H,-,A,A,0,,,,,Y,,A,01,1,0,1,0,0,0,0,0,0,"- ","- ",32.752101898193359,-115.46501159667969,IMPERIAL,UNINCORPORATED,-115.46501922607422,32.752109527587891
90801670,2018,2018-08-30,9625,2018-08-25,1555,019668,,6,2,9,1300,0,2,4,,2,047,"FORRESTER ROAD","WORTHINGTON ROAD",0.00,,Y,A,-,N,,,,,,,,,,Y,3,0,1,2,A,-,02,22400,A,N,D,C,A,A,H,-,A,A,0,,,,Y,Y,,F,26,0,1,0,0,0,0,0,0,0,"- ","- ",32.847381591796875,-115.62075805664062,IMPERIAL,UNINCORPORATED,-115.62075805664062,32.847389221191406
90801676,2018,2018-08-30,9625,2018-08-04,2225,019225,,6,3,9,1300,0,1,3,,1,054,"SR-111 (SOUTHBOUND)","WORTHINGTON ROAD",3326.00,N,N,A,-,Y,,,111,,,,,,,Y,1,1,0,2,A,-,11,21954,A,N,G,B,D,A,H,-,D,D,0,Y,,,,Y,,N,60,0,0,0,1,0,0,0,0,0,"- ","- ",32.856449127197266,-115.50930023193359,IMPERIAL,UNINCORPORATED,-115.5091552734375,32.856449127197266
90803403,2018,2018-08-31,9625,2018-08-22,0940,017727,,3,1,9,1300,0,2,4,,2,046,"DOGWOOD ROAD","WEST MCCABE ROAD",30.00,S,N,A,-,N,,,,,,,,,,N,3,0,2,2,A,-,03,22350,,N,C,C,A,A,H,-,A,A,0,,,,,Y,,A,01,0,1,1,0,0,0,0,0,0,"- ","- ",32.752201080322266,-115.53489685058594,IMPERIAL,UNINCORPORATED,-115.53492736816406,32.752288818359375
90803410,2018,2018-08-31,9625,2018-08-23,0139,020111,,4,3,9,1300,0,3,5,,2,040,"MCCABE ROAD","LA BRUCHERIE ROAD",950.00,E,N,A,-,N,,,,,,,,,,Y,3,0,1,1,A,-,01,23152,A,N,F,A,A,A,H,-,D,D,0,,,,,Y,Y,D,22,0,1,0,0,0,0,0,0,0,"- ","- ",32.752468109130859,-115.575439453125,IMPERIAL,UNINCORPORATED,-115.57469940185547,32.752464294433594
90803903,2018,2018-08-31,9625,2018-08-28,0520,020111,,2,3,9,1300,0,1,3,,1,011,"S/B SR-86","BEXAR DITCH BRIDGE",420.00,N,N,A,-,Y,,,86,,,,,,,Y,2,0,1,1,A,-,08,22107,,N,E,I,A,A,H,-,B,D,0,,,,,Y,,A,07,1,0,0,0,0,0,0,0,0,"- ","- ",33.361728668212891,-116.02021789550781,IMPERIAL,UNINCORPORATED,-116.02017211914062,33.361743927001953
90805411,2018,2018-09-04,9625,2018-08-27,1000,018930,,1,1,9,1300,0,1,3,,1,011,"STATE ROUTE 86 NORTHBOUND","VENDEL ROAD",750.00,S,N,A,-,Y,,,86,,,,,,N,Y,3,0,1,1,A,-,08,22107,,N,E,I,A,A,H,-,A,D,0,,,,,Y,,A,07,0,1,0,0,0,0,0,0,0,"- ","- ",33.037899017333984,-115.70290374755859,IMPERIAL,UNINCORPORATED,-115.70290374755859,33.037899017333984
90807775,2018,2018-09-07,9625,2018-08-29,2035,019667,,3,2,9,1300,0,2,4,,2,045,"EVAN HEWES HIGHWAY","SILSBEE ROAD",0.00,,Y,A,-,N,,,,,,,,,,Y,3,0,1,2,A,-,12,22450,A,N,D,C,A,A,H,-,D,A,0,,,,Y,Y,,A,01,0,1,0,0,0,0,0,0,0,"- ","- ",32.796440124511719,-115.64633941650391,IMPERIAL,UNINCORPORATED,-115.64645385742188,32.79656982421875
90808445,2018,2018-09-10,9620,2018-09-02,1930,018734,,7,2,9,1300,0,1,3,,1,063,SR-78,"OGILBY RD",1584.00,E,N,A,-,Y,,,78,,,,,,,Y,4,0,2,1,C,-,18,,,N,H,H,A,A,H,-,D,D,0,,,,,Y,,-,"- ",0,0,2,0,0,0,0,0,0,"- ","- ",33.088649749755859,-114.90673065185547,IMPERIAL,UNINCORPORATED,-114.90671539306641,33.088630676269531
90809368,2018,2018-09-10,9625,2018-08-29,1045,017727,,3,1,9,1300,0,1,3,,1,011,"SR-86 (S/B)","ANDRE ROAD",0.00,,Y,A,-,Y,,,86,,,,,,,Y,3,0,1,2,A,-,09,21803,A,N,D,C,A,A,H,-,A,A,0,,,,,Y,,D,22,0,1,0,0,0,0,0,0,0,"- ","- ",33.015499114990234,-115.60040283203125,IMPERIAL,UNINCORPORATED,-115.60034942626953,33.015537261962891
90811396,2018,2018-09-12,9625,2018-09-03,0405,020263,,1,3,9,1300,0,1,3,,1,042,SR-98,"DREW ROAD",1885.00,E,N,A,-,Y,,,98,,,,,,,Y,3,0,1,1,A,-,08,22107,,N,E,J,A,A,H,-,D,D,0,,,,,Y,,A,01,0,1,0,0,0,0,0,0,0,"- ","- ",32.679290771484375,-115.66541290283203,IMPERIAL,UNINCORPORATED,-115.66541290283203,32.679458618164062
9081287,2020,2020-10-09,1304,2020-03-09,1402,360,EWES,1,5,4,1304,0,0,0,,0,EAST,DOGWOOD,"MACY WY",20.00,S,N,B,-,N,,,,,,,,,,N,3,0,1,2,A,-,08,22107,,N,A,G,A,A,H,-,-,A,0,,Y,,,Y,,L,04,0,1,0,0,0,0,1,0,0,"- ","- ",,,IMPERIAL,"EL CENTRO",-115.53489,32.761518000000002
9081390,2020,2020-06-23,1304,2020-03-13,0804,326,EWES,5,5,4,1304,0,0,0,,0,,ROSS,23RD,0.00,,Y,A,-,N,,,,,,,,,,Y,3,0,2,2,A,-,12,22450,A,N,D,C,A,A,H,-,A,A,0,,,,,Y,,A,01,0,1,1,0,0,0,0,0,0,"- ","- ",,,IMPERIAL,"EL CENTRO",-115.58145904541016,32.781459808349609
9081398,2020,2020-06-23,1304,2020-03-13,1006,354,,5,5,4,1304,0,0,0,,0,,6TH,STATE,0.00,,Y,A,-,N,,,,,,,,,,Y,3,0,1,2,A,-,12,22450,A,N,D,C,A,A,H,-,A,A,0,,,,,Y,,-,,0,1,0,0,0,0,0,0,0,"- ","- ",,,IMPERIAL,"EL CENTRO",-115.55695343017578,32.791778564453125
90814324,2018,2018-09-17,9625,2018-09-06,1851,022010,,4,2,9,1300,0,2,4,,2,046,"DOGWOOD ROAD","COLE ROAD",1320.00,N,N,A,-,N,,,,,,,,,,Y,4,0,1,1,A,-,08,22107,,N,E,I,A,A,H,-,A,D,0,,,,,Y,,A,01,0,0,1,0,0,0,0,0,0,"- ","- ",32.697650909423828,-115.53404235839844,IMPERIAL,UNINCORPORATED,-115.53408050537109,32.697605133056641