CASE_ID,ACCIDENT_YEAR,PROC_DATE,JURIS,COLLISION_DATE,COLLISION_TIME,OFFICER_ID,REPORTING_DISTRICT,DAY_OF_WEEK,CHP_SHIFT,POPULATION,CNTY_CITY_LOC,SPECIAL_COND,BEAT_TYPE,CHP_BEAT_TYPE,CITY_DIVISION_LAPD,CHP_BEAT_CLASS,BEAT_NUMBER,PRIMARY_RD,SECONDARY_RD,DISTANCE,DIRECTION,INTERSECTION,WEATHER_1,WEATHER_2,STATE_HWY_IND,CALTRANS_COUNTY,CALTRANS_DISTRICT,STATE_ROUTE,ROUTE_SUFFIX,POSTMILE_PREFIX,POSTMILE,LOCATION_TYPE,RAMP_INTERSECTION,SIDE_OF_HWY,TOW_AWAY,COLLISION_SEVERITY,NUMBER_KILLED,NUMBER_INJURED,PARTY_COUNT,PRIMARY_COLL_FACTOR,PCF_CODE_OF_VIOL,PCF_VIOL_CATEGORY,PCF_VIOLATION,PCF_VIOL_SUBSECTION,HIT_AND_RUN,TYPE_OF_COLLISION,MVIW,PED_ACTION,ROAD_SURFACE,ROAD_COND_1,ROAD_COND_2,LIGHTING,CONTROL_DEVICE,CHP_ROAD_TYPE,PEDESTRIAN_ACCIDENT,BICYCLE_ACCIDENT,MOTORCYCLE_ACCIDENT,TRUCK_ACCIDENT,NOT_PRIVATE_PROPERTY,ALCOHOL_INVOLVED,STWD_VEHTYPE_AT_FAULT,CHP_VEHTYPE_AT_FAULT,COUNT_SEVERE_INJ,COUNT_VISIBLE_INJ,COUNT_COMPLAINT_PAIN,COUNT_PED_KILLED,COUNT_PED_INJURED,COUNT_BICYCLIST_KILLED,COUNT_BICYCLIST_INJURED,COUNT_MC_KILLED,COUNT_MC_INJURED,PRIMARY_RAMP,SECONDARY_RAMP,LATITUDE,LONGITUDE,COUNTY,CITY,POINT_X,POINT_Y
90814566,2018,2018-09-17,9625,2018-09-15,1135,016248,,6,1,9,1300,0,3,5,,2,010,"CADY ROAD","WIEMAN ROAD",0.00,,Y,A,-,N,,,,,,,,,,Y,4,0,1,1,A,-,03,22350,,N,E,I,A,A,H,-,A,D,0,,,,,Y,,A,01,0,0,1,0,0,0,0,0,0,"- ","- ",32.977470397949219,-115.65883636474609,IMPERIAL,UNINCORPORATED,-115.65866851806641,32.977409362792969
90815630,2018,2018-09-18,9625,2018-09-14,1145,017432,,5,1,9,1300,0,1,3,,2,053,"STATE ROUTE 111","HEBER ROAD",40.00,S,N,A,-,Y,,,111,,,,,,,N,4,0,1,2,A,-,21,22106,,N,C,C,A,A,H,-,A,A,0,,,,,Y,,I,20,0,0,1,0,0,0,0,0,0,"- ","- ",32.730480194091797,-115.5003662109375,IMPERIAL,UNINCORPORATED,-115.50040435791016,32.730480194091797
90815987,2018,2018-09-18,9625,2018-09-10,1223,018464,,1,1,9,1300,0,1,3,,1,042,SR-98,"ANZA TRAIL ROAD",9504.00,E,N,A,-,Y,,,98,,,,,,,Y,4,0,1,2,A,-,09,21801,A,N,F,A,A,A,H,-,A,D,0,,,,,Y,,D,22,0,0,1,0,0,0,0,0,0,"- ","- ",32.671321868896484,-115.84864044189453,IMPERIAL,UNINCORPORATED,-115.84868621826172,32.671604156494141
90816563,2018,2018-09-19,9625,2018-09-11,0828,013627,,2,1,9,1300,0,1,3,,2,053,"STATE ROUTE 111 (N/B)","MCCABE ROAD",409.00,S,N,A,-,Y,,,111,,,,,,,Y,4,0,2,2,A,-,04,21703,,N,C,C,A,A,H,-,A,D,0,,,,,Y,,A,07,0,0,2,0,0,0,0,0,0,"- ","- ",32.7518310546875,-115.50070190429688,IMPERIAL,UNINCORPORATED,-115.50075531005859,32.7518310546875
90817377,2018,2018-09-20,9625,2018-09-17,1357,018773,,1,1,9,1300,0,1,3,,2,053,"SR-111 S/B","MCCABE ROAD",600.00,N,N,A,-,Y,,,111,,,,,,S,N,4,0,1,2,A,-,03,22350,,N,C,C,A,A,D,-,A,A,0,,,,,Y,,A,08,0,0,1,0,0,0,0,0,0,"- ","- ",32.755451202392578,-115.50092315673828,IMPERIAL,UNINCORPORATED,-115.50080108642578,32.755451202392578
90819758,2018,2018-09-24,9625,2018-09-17,2355,020516,,1,3,9,1300,0,1,1,,2,004,"W/B INTERSTATE 8","IMPERIAL HIGHWAY",14256.00,E,N,A,-,Y,,,8,,,,,,,Y,4,0,1,1,A,-,01,23152,A,N,F,A,A,A,H,-,D,D,0,,,,,Y,Y,A,01,0,0,1,0,0,0,0,0,0,"- ","- ",32.744861602783203,-115.95001983642578,IMPERIAL,UNINCORPORATED,-115.95002746582031,32.744888305664062
90820607,2018,2018-09-25,9625,2018-09-13,1300,017432,,4,1,9,1300,0,3,5,,2,050,"PITZER ROAD","MCCABE ROAD",0.00,,Y,A,-,N,,,,,,,,,,Y,4,0,2,2,A,-,09,21801,A,N,A,C,A,A,H,-,A,A,0,,,,,Y,,A,07,0,0,2,0,0,0,0,0,0,"- ","- ",32.752571105957031,-115.51754760742188,IMPERIAL,UNINCORPORATED,-115.51763153076172,32.752460479736328
90821561,2018,2018-09-26,9625,2018-09-15,1005,018279,,6,1,9,1300,0,1,3,,1,011,"SR-86 S/B","KALIN RD",0.00,,Y,A,-,Y,,,86,,,,,,S,Y,4,0,1,2,A,-,09,21802,A,N,D,C,A,A,H,-,A,A,0,,,Y,,Y,,A,08,0,0,1,0,0,0,0,0,0,"- ","- ",32.98468017578125,-115.5782470703125,IMPERIAL,UNINCORPORATED,-115.57820892333984,32.984714508056641
90822672,2018,2018-09-27,9625,2018-09-15,1220,017432,,6,1,9,1300,0,1,3,,1,042,SR-98,"OCOTILLA ROAD",0.00,,Y,A,-,Y,,,98,,,,,,,Y,4,0,1,2,A,-,03,22350,,N,D,C,A,A,H,-,A,D,0,,,,,Y,,A,01,0,0,1,0,0,0,0,0,0,"- ","- ",32.722251892089844,-115.96640777587891,IMPERIAL,UNINCORPORATED,-115.96641540527344,32.722225189208984
90826739,2018,2018-10-02,9625,2018-09-23,0550,017727,,7,3,9,1300,0,3,5,,2,020,"SINCLAIR ROAD","ENGLISH ROAD",0.00,,Y,A,-,N,,,,,,,,,,N,4,0,1,2,A,-,09,21802,A,N,D,C,A,A,H,-,A,A,0,,,,,Y,,D,22,0,0,1,0,0,0,0,0,0,"- ","- ",33.176601409912109,-115.54499816894531,IMPERIAL,UNINCORPORATED,-115.54495239257812,33.176631927490234
90827008,2018,2018-10-02,9625,2018-09-21,0832,018464,,5,1,9,1300,0,2,4,,2,046,"DOGWOOD ROAD","WILLOUGHBY ROAD",0.00,,Y,A,-,N,,,,,,,,,,Y,4,0,3,2,A,-,09,21801,A,N,A,C,A,A,H,-,A,D,0,,,,,Y,,A,01,0,0,3,0,0,0,0,0,0,"- ","- ",32.708469390869141,-115.5340576171875,IMPERIAL,UNINCORPORATED,-115.53408050537109,32.708450317382812
90827024,2018,2018-10-02,9625,2018-09-23,1416,018792,,7,2,9,1300,0,3,5,,2,020,"SINCLAIR ROAD","BLAIR ROAD",564.00,W,N,A,-,N,,,,,,,,,,Y,3,0,1,2,A,-,03,22350,,N,E,I,A,A,H,-,A,D,0,,,,,Y,,A,01,0,1,0,0,0,0,0,0,0,"- ","- ",33.176559448242188,-115.49519348144531,IMPERIAL,UNINCORPORATED,-115.49502563476562,33.176559448242188
90827581,2018,2018-10-03,9625,2018-09-25,0655,018279,,2,1,9,1300,0,1,3,,1,042,SR-98,"WEED ROAD",400.00,W,N,A,-,Y,,,98,,,,,,,Y,4,0,1,1,A,-,08,22107,,N,E,I,A,A,H,-,A,D,0,,,,,Y,,A,07,0,0,1,0,0,0,0,0,0,"- ","- ",32.679290771484375,-115.56993865966797,IMPERIAL,UNINCORPORATED,-115.56993865966797,32.679355621337891
90828393,2018,2018-10-04,9625,2018-09-25,0545,020516,,2,3,9,1300,0,3,5,,2,040,"BROCKMAN ROAD","KUBLER ROAD",1056.00,S,N,A,-,N,,,,,,,,,,Y,3,0,1,2,A,-,03,22350,,N,C,C,A,A,H,-,B,D,0,,,,,Y,,A,01,0,1,0,0,0,0,0,0,0,"- ","- ",32.691909790039062,-115.63918304443359,IMPERIAL,UNINCORPORATED,-115.63913726806641,32.691814422607422
90828439,2018,2019-01-10,9625,2018-09-17,0140,020263,,1,3,4,1304,0,1,1,,2,003,"I-8 E/B","LA BRUCHERIE ROAD",400.00,W,N,A,-,Y,,,8,,,,,,E,Y,1,2,1,1,A,-,08,22107,,N,E,I,A,A,H,-,D,D,0,,,,,Y,,A,01,1,0,0,0,0,0,0,0,0,"- ","- ",32.773738861083984,-115.57958984375,IMPERIAL,"EL CENTRO",-115.57958984375,32.773811340332031
90832347,2018,2018-10-09,9625,2018-10-05,1935,019225,,5,2,9,1300,0,1,3,,1,021,SR-111,"RUTHERFORD ROAD",500.00,S,N,A,-,Y,,,111,,,,,,,Y,2,0,1,1,A,-,01,23152,A,N,E,I,A,A,H,-,D,D,0,,,Y,,Y,Y,C,02,1,0,0,0,0,0,0,0,1,"- ","- ",33.042999267578125,-115.52729797363281,IMPERIAL,UNINCORPORATED,-115.52727508544922,33.043006896972656
90834808,2018,2018-10-12,9620,2018-10-07,0640,016015,Quech,7,1,9,1300,0,1,1,,2,082,"EASTBOUND INTERSTATE 8","WINTERHAVEN DR",2112.00,W,N,A,-,Y,,,8,,,,,,,Y,3,0,1,2,A,-,07,21658,A,F,B,C,A,A,H,-,B,D,0,,,,,Y,,A,01,0,1,0,0,0,0,0,0,0,"- ","- ",32.737060546875,-114.65805816650391,IMPERIAL,UNINCORPORATED,-114.65805816650391,32.737129211425781
90839419,2018,2018-10-18,9620,2018-10-17,1650,018734,,3,2,9,1300,0,2,4,,1,072,"I-8 W/B TO WINTERHAVEN DR","WINTERHAVEN DR",0.00,,Y,A,-,Y,,,8,,,,R,,W,Y,3,0,2,2,A,-,09,21802,A,N,D,C,A,A,H,-,A,D,0,,,,,Y,,A,08,0,1,1,0,0,0,0,0,0,"- ","- ",32.732631683349609,-114.62467956542969,IMPERIAL,UNINCORPORATED,-114.62467956542969,32.732631683349609
90839953,2018,2018-10-19,9625,2018-10-12,2255,019667,,5,3,9,1300,0,1,1,,2,004,"I-8 WESTBOUND OFFRAMP","FOURTH STREET",650.00,E,N,A,-,Y,,,,,,,,,,Y,3,0,1,1,A,-,08,22107,,N,E,I,A,A,H,-,C,D,0,,,,,Y,,A,01,0,1,0,0,0,0,0,0,0,"- ","- ",32.774120330810547,-115.55055999755859,IMPERIAL,UNINCORPORATED,,
90841135,2018,2018-10-22,9625,2018-10-16,0755,017432,,2,1,9,1300,0,1,1,,2,004,"I-8 (W/B)","8TH ST",844.00,E,N,A,-,Y,,,,,,,,,,Y,4,0,1,2,A,-,03,22350,,N,C,C,A,A,H,-,A,D,0,,,,,Y,,A,01,0,0,1,0,0,0,0,0,0,"- ","- ",32.774009704589844,-115.55859375,IMPERIAL,UNINCORPORATED,,
90842435,2018,2018-10-23,9625,2018-10-15,1710,020704,,1,2,9,1300,0,2,4,,2,046,"DOGWOOD ROAD","BLACK HILLS RD",0.00,,Y,A,-,N,,,,,,,,,,Y,3,0,1,2,A,-,09,21804,A,N,D,C,A,A,H,-,A,A,0,,,,,Y,,D,22,0,1,0,0,0,0,0,0,0,"- ","- ",32.741458892822266,-115.53462219238281,IMPERIAL,UNINCORPORATED,-115.53466796875,32.741569519042969
90842457,2018,2018-10-23,9625,2018-09-19,0415,020516,,3,3,9,1300,0,3,5,,2,020,"MCCONNELL ROAD","STAHL ROAD",30.00,S,N,A,-,N,,,,,,,,,,Y,1,1,4,1,A,-,08,22107,,N,F,A,A,A,H,-,D,D,0,,,,,Y,,D,22,1,3,0,0,0,0,0,0,0,"- ","- ",32.937580108642578,-115.48348236083984,IMPERIAL,UNINCORPORATED,-115.48363494873047,32.938426971435547
90844541,2018,2018-10-25,9625,2018-10-16,1612,019035,,2,2,9,1300,0,3,5,,2,050,"ATEN ROAD","IVC WEST ENTRANCE",0.00,,Y,A,-,N,,,,,,,,,,Y,3,0,2,2,A,-,09,21801,A,N,D,C,A,A,H,-,A,D,0,,,,,Y,,A,07,0,1,1,0,0,0,0,0,0,"- ","- ",32.825599670410156,-115.506103515625,IMPERIAL,UNINCORPORATED,-115.506681,32.825508999999997
90844634,2018,2018-10-25,9620,2018-10-24,0824,014803,,3,1,9,1300,0,1,1,,2,082,"RT 186","I-8 E/B",528.00,S,N,A,-,Y,,,,,,,,,,Y,4,0,1,2,A,-,03,22350,,N,C,C,A,A,H,-,A,D,0,,,,,Y,,A,01,0,0,1,0,0,0,0,0,0,"- ","- ",34.442699432373047,-114.43129730224609,IMPERIAL,UNINCORPORATED,,
90847587,2018,2018-10-29,9625,2018-10-17,0935,016248,,3,1,9,1300,0,1,3,,2,053,"SR-111 S/B","HEBER ROAD",1584.00,N,N,A,-,Y,,,111,,,,,,S,N,4,0,1,2,A,-,03,22350,,N,C,C,A,A,D,-,A,D,0,,,,,Y,,A,01,0,0,1,0,0,0,0,0,0,"- ","- ",32.734859466552734,-115.50064849853516,IMPERIAL,UNINCORPORATED,-115.50049591064453,32.73486328125
90847726,2018,2018-10-29,9625,2018-10-17,1611,019225,,3,2,9,1300,0,2,4,,2,046,"DOGWOOD ROAD","WILLOUGHBY ROAD",0.00,,Y,A,-,N,,,,,,,,,,Y,2,0,1,2,A,-,09,21801,A,N,D,C,A,A,H,-,A,D,0,,,Y,,Y,,D,22,1,0,0,0,0,0,0,0,1,"- ","- ",32.708499908447266,-115.53410339355469,IMPERIAL,UNINCORPORATED,-115.53408050537109,32.708450317382812
90848013,2018,2018-10-29,9625,2018-10-19,2230,019668,,5,3,9,1300,0,1,3,,1,054,"STATE ROUTE 111 SOUTHBOUND","KEYSTONE ROAD",2429.00,S,N,A,-,Y,,,111,,,,,,S,Y,3,0,1,1,A,-,08,22107,,N,F,A,A,A,H,-,D,D,0,,,,,Y,,A,01,0,1,0,0,0,0,0,0,0,"- ","- ",32.905929565429688,-115.50914001464844,IMPERIAL,UNINCORPORATED,-115.50913238525391,32.905929565429688
90848060,2018,2018-10-29,9625,2018-10-20,0346,019668,,6,3,9,1300,0,1,3,,2,023,"STATE ROUTE 115","CHALUPNIK ROAD",22.00,S,N,A,-,Y,,,115,,,,,,,Y,2,0,3,2,A,-,01,23153,A,N,C,C,A,A,H,-,D,D,0,,,,,Y,Y,A,01,1,2,0,0,0,0,0,0,0,"- ","- ",33.030021667480469,-115.44889831542969,IMPERIAL,UNINCORPORATED,-115.44886016845703,33.030021667480469
90848142,2018,2018-10-29,9625,2018-10-22,1700,020704,,1,2,9,1300,0,2,4,,2,046,"DOGWOOD ROAD","RALPH ROAD",0.00,,Y,A,-,N,,,,,,,,,,Y,3,0,2,2,A,-,09,21802,A,N,D,C,A,A,H,-,A,A,0,,,,,Y,,D,22,0,2,0,0,0,0,0,0,0,"- ","- ",32.869060516357422,-115.53543853759766,IMPERIAL,UNINCORPORATED,-115.53556823730469,32.869148254394531
90848632,2018,2018-10-30,9625,2018-10-22,1924,020704,,1,2,9,1300,0,1,3,,1,012,"SR-86 (S/B)","COOLIDGE SPRINGS ROAD",300.00,N,N,A,-,Y,,,86,,,,,,,Y,2,0,2,1,A,-,08,22107,,N,F,A,A,A,H,-,C,D,0,,,,,Y,,A,07,2,0,0,0,0,0,0,0,0,"- ","- ",33.417800903320312,-116.05072021484375,IMPERIAL,UNINCORPORATED,-116.05064392089844,33.417861938476562
90851678,2018,2018-11-02,9625,2018-10-31,1635,019225,,3,2,9,1300,0,3,5,,2,040,"MCCABE ROAD",SR-86,100.00,W,N,A,-,N,,,,,,,,,,N,4,0,1,2,A,-,03,22350,,N,C,C,A,A,H,-,A,D,0,,,,,Y,,A,07,0,0,1,0,0,0,0,0,0,"- ","- ",32.752361297607422,-115.55229949951172,IMPERIAL,UNINCORPORATED,-115.55215454101562,32.752368927001953
90852118,2018,2018-11-02,9620,2018-10-26,1805,018734,,5,2,9,1300,0,1,3,,1,062,SR-186,"I-8 E/B",1056.00,S,N,A,-,Y,,,186,,,,,,,Y,3,0,2,2,A,-,09,21804,A,N,D,C,A,A,H,-,C,D,0,,,,,Y,,A,01,0,1,1,0,0,0,0,0,0,"- ","- ",32.740608215332031,-114.7200927734375,IMPERIAL,UNINCORPORATED,-114.72006225585938,32.740623474121094
90852957,2018,2018-11-05,9625,2018-09-02,0042,020263,,7,3,9,1300,0,1,3,,1,054,"SR-111 N/B","ATEN ROAD",0.00,,Y,A,-,Y,,,111,,,,,,N,Y,1,1,1,2,D,-,00,,,N,D,C,A,A,H,-,C,A,0,,,,,Y,,-,"- ",1,0,0,0,0,0,0,0,0,"- ","- ",32.825710296630859,-115.50035858154297,IMPERIAL,UNINCORPORATED,-115.50020599365234,32.825706481933594
90853318,2018,2018-11-05,9625,2018-10-31,0733,016248,,3,1,9,1300,0,2,4,,2,047,"FORRESTER ROAD","ROSS ROAD",27.00,S,N,A,-,N,,,,,,,,,,Y,4,0,1,2,A,-,03,22350,,N,C,C,A,A,H,-,A,D,0,,,,,Y,,A,07,0,0,1,0,0,0,0,0,0,"- ","- ",32.781410217285156,-115.62061309814453,IMPERIAL,UNINCORPORATED,-115.62064361572266,32.781345367431641
90857841,2018,2018-11-12,9620,2018-11-02,0157,019360,,5,3,9,1300,0,1,1,,2,081,"INTERSTATE 8 WESTBOUND","GRAYS WELL RD",2112.00,W,N,A,-,Y,,,8,,,,,,W,Y,3,0,1,1,A,-,01,23152,A,N,E,I,A,A,H,-,D,D,0,,,,,Y,Y,A,01,0,1,0,0,0,0,0,0,0,"- ","- ",32.738899230957031,-114.88829040527344,IMPERIAL,UNINCORPORATED,-114.88828277587891,32.738876342773438
90858271,2018,2018-11-12,9625,2018-11-04,0008,018773,,7,3,9,1300,0,3,5,,2,040,"BLACK HILLS DRIVE","WILD HORSE DRIVE",150.00,W,N,A,-,N,,,,,,,,,,Y,3,0,1,1,A,-,01,23152,A,N,E,I,A,A,H,-,C,D,0,,,,,Y,Y,A,07,0,1,0,0,0,0,0,0,0,"- ","- ",32.741630554199219,-115.53517913818359,IMPERIAL,UNINCORPORATED,-115.53575134277344,32.741569519042969
90860744,2018,2018-11-15,9620,2018-11-09,1310,016015,,5,1,9,1300,0,3,5,,2,070,"G STREET","SECOND STREET",0.00,,Y,A,-,N,,,,,,,,,,N,4,0,3,2,A,-,09,21800,A,N,D,C,A,A,H,-,A,D,0,,,,,Y,,D,22,0,0,3,0,0,0,0,0,0,"- ","- ",32.740459442138672,-114.63542938232422,IMPERIAL,UNINCORPORATED,-114.63542175292969,32.740501403808594
90861323,2018,2018-11-16,9625,2018-11-04,1322,013627,,7,1,9,1300,0,1,3,,2,053,"S/B STATE ROUTE 111 TRANS TO I-8","S/B STATE ROUTE 111",32.00,W,N,B,-,Y,,,111,,,,R,,,Y,4,0,1,1,A,-,08,22107,,N,F,A,A,A,H,-,A,D,0,,,Y,,Y,,C,02,0,0,1,0,0,0,0,0,1,"- ","- ",32.772899627685547,-115.50161743164062,IMPERIAL,UNINCORPORATED,-115.50161743164062,32.772899627685547
90864370,2018,2018-11-20,9625,2018-11-09,1727,022010,,5,2,9,1300,0,1,3,,2,056,SR-115,"ALAMO ROAD",67.00,S,N,A,-,Y,,,115,,,,,,,Y,3,0,1,2,A,-,03,22350,,N,C,C,A,A,H,-,B,D,0,,,Y,,Y,,A,01,0,1,0,0,0,0,0,0,1,"- ","- ",32.818569183349609,-115.40608215332031,IMPERIAL,UNINCORPORATED,-115.40613555908203,32.818569183349609
90869171,2018,2018-11-28,9625,2018-11-15,0810,017727,,4,1,9,1300,0,2,4,,2,046,"DOGWOOD ROAD","CORRELL ROAD",45.00,S,N,A,-,N,,,,,,,,,,N,4,0,1,2,A,-,03,22350,,N,C,C,A,A,H,-,A,A,0,,,,,Y,,A,01,0,0,1,0,0,0,0,0,0,"- ","- ",32.737800598144531,-115.53450012207031,IMPERIAL,UNINCORPORATED,-115.53458404541016,32.737796783447266
90869244,2018,2018-11-28,9625,2018-11-16,2340,020263,,5,3,9,1300,0,3,5,,2,040,"AUSTIN ROAD",SR-86,200.00,W,N,A,-,N,,,,,,,,,,Y,4,0,1,1,A,-,01,23152,A,N,F,A,A,A,H,-,D,D,0,,,,,Y,Y,A,07,0,0,1,0,0,0,0,0,0,"- ","- ",32.950801849365234,-115.56748199462891,IMPERIAL,UNINCORPORATED,-115.56758117675781,32.950778961181641
90870263,2018,2018-11-29,9625,2018-11-16,1026,018279,,5,1,9,1300,0,1,1,,2,004,"I-8, W/B","IMPERIAL HIGHWAY",15312.00,E,N,A,-,Y,,,8,,,,,,W,Y,3,0,1,1,A,-,03,22350,,N,F,A,A,A,H,-,A,D,0,,,,,Y,,A,01,0,1,0,0,0,0,0,0,0,"- ","- ",32.745689392089844,-115.94568634033203,IMPERIAL,UNINCORPORATED,-115.94566345214844,32.745479583740234
90870311,2018,2018-11-29,9625,2018-11-21,1645,018464,,3,2,9,1300,0,1,3,,2,023,SR-115,"TITSWORTH ROAD",568.00,N,N,A,-,Y,,,115,,,,,,,Y,4,0,7,1,A,-,08,22107,,N,F,A,A,A,H,-,D,D,0,,,,,Y,,A,08,0,0,7,0,0,0,0,0,0,"- ","- ",33.076801300048828,-115.44960021972656,IMPERIAL,UNINCORPORATED,-115.44963836669922,33.076797485351562
90870735,2018,2018-11-29,9625,2018-11-25,1820,019225,,7,2,9,1300,0,1,1,,2,004,"INTERSTATE 8 (WESTBOUND)","IMPERIAL HIGHWAY",15840.00,E,N,A,-,Y,,,8,,,,,,,Y,4,0,1,1,A,-,08,22107,,N,E,I,A,A,H,-,D,D,0,,,,,Y,,A,01,0,0,1,0,0,0,0,0,0,"- ","- ",32.745689392089844,-115.94470977783203,IMPERIAL,UNINCORPORATED,-115.9447021484375,32.745609283447266
90870772,2018,2018-11-29,9625,2018-11-25,0430,020111,,7,3,9,1300,0,3,5,,2,050,"HOLT ROAD","ROBINSON ROAD",233.00,S,N,A,-,N,,,,,,,,,,Y,2,0,1,1,A,-,01,23152,A,N,F,A,A,A,H,-,D,A,0,,,,,Y,Y,A,07,1,0,0,0,0,0,0,0,0,"- ","- ",32.854518890380859,-115.38014984130859,IMPERIAL,UNINCORPORATED,-115.38028717041016,32.853984832763672
90872628,2018,2018-11-30,9620,2018-11-25,1639,019582,,7,2,9,1300,0,1,1,,2,082,"I-8 E/B","WINTERHAVEN DR",1584.00,W,N,A,-,Y,,,8,,,,,,E,Y,2,0,1,2,A,-,07,21658,A,F,F,A,A,A,H,-,A,D,0,,,,,Y,,-,99,1,0,0,0,0,0,0,0,0,"- ","- ",32.737758636474609,-114.65712738037109,IMPERIAL,UNINCORPORATED,-114.65712738037109,32.737129211425781
90874160,2018,2018-12-03,9625,2018-11-26,1535,019667,,1,2,9,1300,0,3,5,,2,050,"ATEN ROAD, E/B","OLD HIGHWAY 111",645.00,W,N,A,-,N,,,,,,,,,,Y,3,0,1,1,A,-,08,22107,,N,E,I,A,A,H,-,A,A,0,,,,,Y,,A,01,0,1,0,0,0,0,0,0,0,"- ","- ",32.825969696044922,-115.50353240966797,IMPERIAL,UNINCORPORATED,-115.50339508056641,32.825748443603516
90874175,2018,2018-12-03,9625,2018-11-21,1419,019035,,3,2,9,1300,0,1,3,,1,012,"SR-86 N/B","MONTEREY AVENUE",0.00,,Y,A,-,Y,,,86,,,,,,N,Y,2,0,2,2,A,-,09,21803,A,N,D,C,A,A,H,-,A,A,0,,,,,Y,,A,01,1,0,1,0,0,0,0,0,0,"- ","- ",33.402000427246094,-116.04470062255859,IMPERIAL,UNINCORPORATED,-116.04503631591797,33.40191650390625
90875356,2018,2018-12-04,9625,2018-11-25,1806,022010,,7,2,9,1300,0,1,3,,1,011,"SR-86, S/B",SR-78,0.00,,Y,A,-,Y,,,86,,,,,,S,Y,3,0,2,2,A,-,12,21453,A,N,D,C,A,A,H,-,B,A,0,,,,,Y,,A,07,0,2,0,0,0,0,0,0,0,"- ","- ",32.998931884765625,-115.58901977539062,IMPERIAL,UNINCORPORATED,-115.58901214599609,32.998939514160156
90875368,2018,2018-12-04,9625,2018-11-23,0415,020263,,5,3,9,1300,0,1,3,,2,056,"SR-115, S/B","ZENOS ROAD",200.00,N,N,A,-,Y,,,115,,,,,,S,Y,2,0,4,2,A,-,05,21650,,N,A,C,A,A,H,-,C,D,0,,,,,Y,,A,01,2,1,1,0,0,0,0,0,0,"- ","- ",32.813770294189453,-115.40617370605469,IMPERIAL,UNINCORPORATED,-115.4061279296875,32.813770294189453
90875391,2018,2018-12-04,9625,2018-11-22,0110,020704,,4,3,9,1300,0,1,1,,2,001,"I-8 (E/B)","IN KO PAH ROAD",2640.00,E,N,A,-,Y,,,8,,,,,,,Y,2,0,1,1,A,-,08,22107,,N,E,I,A,A,H,-,D,D,0,,,,,Y,,A,01,1,0,0,0,0,0,0,0,0,"- ","- ",32.649211883544922,-116.10263824462891,IMPERIAL,UNINCORPORATED,-116.10266876220703,32.649234771728516
90876512,2018,2018-12-05,9625,2018-11-21,0750,017055,,3,1,9,1300,0,1,3,,1,012,"SR-86 (S/B)",SR-78,0.00,,Y,A,-,Y,,,86,,,,,,,Y,3,0,3,2,A,-,09,21802,A,N,D,C,A,A,H,-,A,A,0,,,,Y,Y,,A,07,0,3,0,0,0,0,0,0,0,"- ","- ",33.125778198242188,-115.85543823242188,IMPERIAL,UNINCORPORATED,-115.85543060302734,33.125782012939453
9087973,2020,2020-10-21,1304,2020-05-07,1629,326,EWES,4,5,4,1304,0,0,0,,0,,IMPERIAL,BRADSHAW,0.00,,Y,A,-,Y,IMP,11,86,-,-,8.302,I,5,S,Y,4,0,2,2,A,-,12,21453,A,N,D,C,A,A,H,-,A,A,0,,,,,Y,,-,"- ",0,0,2,0,0,0,0,0,0,"- ","- ",,,IMPERIAL,"EL CENTRO",-115.56992340087891,32.811126708984375
90881050,2018,2018-12-12,9625,2018-12-01,2030,019035,,6,2,9,1300,0,1,3,,2,053,"SR-111 N/B","MCCABE ROAD",2112.00,N,N,A,-,Y,,,111,,,,,,N,Y,3,0,1,1,A,-,01,23152,A,N,F,A,A,A,H,-,C,D,0,,,,,Y,Y,D,22,0,1,0,0,0,0,0,0,0,"- ","- ",32.758701324462891,-115.50070190429688,IMPERIAL,UNINCORPORATED,-115.50083923339844,32.758697509765625
90881552,2018,2018-12-12,9625,2018-12-06,2019,019035,,4,2,9,1300,0,1,3,,2,053,"SR-111 S/B","JASPER ROAD",2640.00,N,N,C,-,Y,,,111,,,,,,S,Y,4,0,1,2,A,-,08,22107,,N,B,C,A,A,H,-,C,D,0,,,,,Y,,A,01,0,0,1,0,0,0,0,0,0,"- ","- ",32.713298797607422,-115.49960327148438,IMPERIAL,UNINCORPORATED,-115.49946594238281,32.713302612304688
90881579,2018,2018-12-12,9625,2018-12-06,1425,019225,,4,2,9,1300,0,1,1,,2,001,"INTERSTATE 8 (EASTBOUND)","MOUNTAIN SPRINGS ROAD",20856.00,E,N,B,C,Y,,,8,,,,,,,Y,4,0,1,1,A,-,08,22107,,N,E,I,A,B,H,-,A,D,0,,,,,Y,,A,01,0,0,1,0,0,0,0,0,0,"- ","- ",32.694789886474609,-116.06331634521484,IMPERIAL,UNINCORPORATED,-116.06331634521484,32.694786071777344