CASE_ID,ACCIDENT_YEAR,PROC_DATE,JURIS,COLLISION_DATE,COLLISION_TIME,OFFICER_ID,REPORTING_DISTRICT,DAY_OF_WEEK,CHP_SHIFT,POPULATION,CNTY_CITY_LOC,SPECIAL_COND,BEAT_TYPE,CHP_BEAT_TYPE,CITY_DIVISION_LAPD,CHP_BEAT_CLASS,BEAT_NUMBER,PRIMARY_RD,SECONDARY_RD,DISTANCE,DIRECTION,INTERSECTION,WEATHER_1,WEATHER_2,STATE_HWY_IND,CALTRANS_COUNTY,CALTRANS_DISTRICT,STATE_ROUTE,ROUTE_SUFFIX,POSTMILE_PREFIX,POSTMILE,LOCATION_TYPE,RAMP_INTERSECTION,SIDE_OF_HWY,TOW_AWAY,COLLISION_SEVERITY,NUMBER_KILLED,NUMBER_INJURED,PARTY_COUNT,PRIMARY_COLL_FACTOR,PCF_CODE_OF_VIOL,PCF_VIOL_CATEGORY,PCF_VIOLATION,PCF_VIOL_SUBSECTION,HIT_AND_RUN,TYPE_OF_COLLISION,MVIW,PED_ACTION,ROAD_SURFACE,ROAD_COND_1,ROAD_COND_2,LIGHTING,CONTROL_DEVICE,CHP_ROAD_TYPE,PEDESTRIAN_ACCIDENT,BICYCLE_ACCIDENT,MOTORCYCLE_ACCIDENT,TRUCK_ACCIDENT,NOT_PRIVATE_PROPERTY,ALCOHOL_INVOLVED,STWD_VEHTYPE_AT_FAULT,CHP_VEHTYPE_AT_FAULT,COUNT_SEVERE_INJ,COUNT_VISIBLE_INJ,COUNT_COMPLAINT_PAIN,COUNT_PED_KILLED,COUNT_PED_INJURED,COUNT_BICYCLIST_KILLED,COUNT_BICYCLIST_INJURED,COUNT_MC_KILLED,COUNT_MC_INJURED,PRIMARY_RAMP,SECONDARY_RAMP,LATITUDE,LONGITUDE,COUNTY,CITY,POINT_X,POINT_Y
9088165,2020,2020-09-23,1301,2020-02-28,0502,9A2,BRAWL,5,5,3,1301,0,0,0,,0,003,"RT 111","N BEST RD",0.00,,Y,A,-,Y,IMP,11,78,-,R,13.880,H,-,E,Y,3,0,1,2,A,-,09,21802,A,N,C,C,A,A,H,-,C,A,0,,,,Y,Y,,A,01,0,1,0,0,0,0,0,0,0,"- ","- ",,,IMPERIAL,BRAWLEY,-115.51034545898438,32.999397277832031
90883126,2018,2018-12-14,9625,2018-12-10,0450,019668,,1,3,9,1300,0,1,1,,2,005,"INTERSTATE 8 EASTBOUND","BONDS CORNER ROAD",3211.00,W,N,A,-,Y,,,,,,,,,,Y,4,0,1,2,C,-,18,,,N,E,J,A,A,H,-,C,D,0,,,,Y,Y,,-,"- ",0,0,1,0,0,0,0,0,0,"- ","- ",32.771999359130859,-115.30950164794922,IMPERIAL,UNINCORPORATED,-115.34757232666016,32.773239135742188
90883626,2018,2018-12-14,9625,2018-12-04,0001,013627,,2,3,9,1300,0,3,5,,2,050,"1903 MILLER ROAD","STATE ROUTE 115",35.00,N,N,A,-,N,,,,,,,,,,Y,3,0,1,1,A,-,08,22107,,M,E,I,A,A,H,-,D,A,0,,,,,Y,,A,01,0,1,0,0,0,0,0,0,0,"- ","- ",32.787681579589844,-115.30281829833984,IMPERIAL,UNINCORPORATED,-115.3028564453125,32.787540435791016
90884565,2018,2018-12-17,9625,2018-12-05,1200,013627,,3,1,9,1300,0,3,5,,2,050,"ROOD ROAD","MAGGIO ROAD",402.00,S,N,A,-,N,,,,,,,,,,Y,2,0,1,2,A,-,05,21651,A,N,B,C,A,A,H,-,A,D,0,,,,Y,Y,,-,"- ",1,0,0,0,0,0,0,0,0,"- ","- ",32.684539794921875,-115.37821960449219,IMPERIAL,UNINCORPORATED,-115.37818145751953,32.6846923828125
90884687,2018,2018-12-17,9620,2018-12-13,1933,020738,,4,2,9,1300,0,1,1,,2,081,"I-8 EASTBOUND","GRAYS WELLS RD",2640.00,E,N,A,-,Y,,,,,,,,,,Y,2,0,1,1,A,-,08,22107,,N,F,A,A,A,H,-,D,D,0,,,,,Y,,D,22,1,0,0,0,0,0,0,0,0,"- ","- ",34.746860504150391,-114.87525177001953,IMPERIAL,UNINCORPORATED,,
90886160,2018,2018-12-19,9625,2018-12-17,1800,019667,,1,2,9,1300,0,1,3,,2,053,"NORTHBOUND SR-111","HEBER ROAD",180.00,S,N,A,-,Y,,,111,,,,,,,N,4,0,1,2,A,-,03,22350,,N,C,C,A,A,H,-,C,A,0,,,,,Y,,A,01,0,0,1,0,0,0,0,0,0,"- ","- ",32.730018615722656,-115.50025177001953,IMPERIAL,UNINCORPORATED,-115.50039672851562,32.730018615722656
90887353,2018,2018-12-20,9625,2018-12-18,1500,019667,,2,2,9,1300,0,2,4,,2,046,"DOGWOOD ROAD, N/B","HEBER ROAD",1232.00,S,N,A,-,N,,,,,,,,,,Y,4,0,1,2,A,-,03,22350,,N,C,C,A,A,H,-,A,D,0,,,,,Y,,A,01,0,0,1,0,0,0,0,0,0,"- ","- ",32.727241516113281,-115.53440856933594,IMPERIAL,UNINCORPORATED,-115.53440093994141,32.727272033691406
90887926,2018,2018-12-21,9625,2018-12-16,2120,018792,,7,2,9,1300,0,1,3,,1,021,"111 S/B","FREDRICKS ROAD",350.00,N,N,A,-,Y,,,,,,,,,,Y,3,0,1,2,A,-,05,21460,A,N,D,C,A,A,H,-,D,D,0,,,,,Y,,A,01,0,1,0,0,0,0,0,0,0,"- ","- ",33.005241394042969,-115.52655029296875,IMPERIAL,UNINCORPORATED,,
90888086,2018,2018-12-21,9620,2018-12-14,1400,020738,,5,2,9,1300,0,1,1,,2,082,"I-8 WESTBOUND","OGILBY RD",250.00,E,N,B,-,Y,,,8,,,,,,W,Y,4,0,1,2,A,-,01,23152,F,N,B,C,A,A,H,-,A,D,0,,,,,Y,,A,01,0,0,1,0,0,0,0,0,0,"- ","- ",32.76055908203125,-114.83615112304688,IMPERIAL,UNINCORPORATED,-114.83615112304688,32.760551452636719
90890399,2018,2018-12-26,9620,2018-12-18,0655,016222,,2,1,9,1300,0,1,1,,2,081,"INTERSTATE 8","GORDONS WELL RD",8448.00,E,N,A,-,Y,,,8,,,,,,,Y,4,0,1,1,A,-,01,23152,F,N,E,I,A,A,H,-,A,D,0,,,,,Y,,A,07,0,0,1,0,0,0,0,0,0,"- ","- ",32.710441589355469,-114.93222045898438,IMPERIAL,UNINCORPORATED,-114.93221282958984,32.710403442382812
90891052,2018,2018-12-27,9625,2018-12-21,1930,019667,,5,2,9,1300,0,2,4,,2,046,"DOGWOOD ROAD","BLACK HILLS ROAD",85.00,S,N,B,-,N,,,,,,,,,,N,4,0,1,2,A,-,05,21202,A,N,B,G,A,A,H,-,C,D,0,,Y,,,Y,Y,L,04,0,0,1,0,0,0,1,0,0,"- ","- ",32.741268157958984,-115.53463745117188,IMPERIAL,UNINCORPORATED,-115.53466796875,32.741336822509766
90891862,2018,2018-12-27,9625,2018-12-17,0730,017432,,1,1,9,1300,0,3,5,,2,020,"FOURTH STREET","NILAND AVE",0.00,,Y,A,-,N,,,,,,,,,,N,4,0,1,2,A,-,09,21802,A,N,D,C,A,A,H,-,A,A,0,,,,Y,Y,,A,01,0,0,1,0,0,0,0,0,0,"- ","- ",33.237968444824219,-115.51262664794922,IMPERIAL,UNINCORPORATED,-115.51264953613281,33.237979888916016
90894218,2018,2018-12-31,9620,2018-12-24,1115,018247,,1,1,9,1300,0,1,1,,2,081,"I-8 W/B","GORDONS WELL RD",3168.00,E,N,A,-,Y,,,8,,,,,,W,Y,4,0,1,2,A,-,04,21703,,N,C,C,A,A,H,-,A,D,0,,,,,Y,,A,01,0,0,1,0,0,0,0,0,0,"- ","- ",32.708930969238281,-114.94423675537109,IMPERIAL,UNINCORPORATED,-114.94423675537109,32.708877563476562
90894540,2018,2018-12-31,9625,2018-12-20,1712,019035,,4,2,9,1300,0,3,5,,2,050,"YOURMAN ROAD","JASPER ROAD",528.00,N,N,A,-,N,,,,,,,,,,Y,3,0,1,1,A,-,08,22107,,N,E,I,A,A,H,-,D,D,0,,,,,Y,,D,22,0,1,0,0,0,0,0,0,0,"- ","- ",32.70989990234375,-115.49880218505859,IMPERIAL,UNINCORPORATED,-115.49884796142578,32.710159301757812
90897432,2018,2019-01-03,9625,2018-12-27,1700,019225,,4,2,9,1300,0,1,3,,2,053,"STATE ROUTE 111 S/B","HEBER ROAD",1584.00,N,N,A,-,Y,,,111,,,,,,S,Y,3,0,4,3,A,-,03,22350,,N,C,C,A,A,D,-,D,A,0,,,,,Y,,A,01,0,2,2,0,0,0,0,0,0,"- ","- ",32.736400604248047,-115.50060272216797,IMPERIAL,UNINCORPORATED,-115.50052642822266,32.736400604248047
90897782,2018,2019-01-04,9625,2018-12-28,1806,017809,,5,2,9,1300,0,1,3,,2,025,"STATE ROUTE 78","OGILBY ROAD",7920.00,W,N,A,-,Y,,,78,,,,,,,Y,4,0,1,2,C,-,18,,,N,E,I,A,A,H,-,D,D,0,,,,,Y,,-,"- ",0,0,1,0,0,0,0,0,0,"- ","- ",33.079200744628906,-114.93946838378906,IMPERIAL,UNINCORPORATED,-114.93947601318359,33.079212188720703
90899948,2018,2019-01-08,9625,2018-12-29,2005,017809,,6,2,9,1300,0,1,3,,1,011,"STATE ROUTE 86 EASTBOUND","HOSKINS ROAD",0.00,,Y,A,-,Y,,,,,,,,,,Y,2,0,2,2,A,-,09,21802,A,N,D,C,A,A,H,-,C,A,0,,,,,Y,,A,01,1,0,1,0,0,0,0,0,0,"- ","- ",33.037181854248047,-115.66464233398438,IMPERIAL,UNINCORPORATED,,
90900236,2018,2019-01-08,9625,2018-12-30,1925,020516,,7,2,9,1300,0,1,1,,2,004,"I-8 W/B","JEFFREY RD.",1929.00,W,N,A,-,Y,,,8,,,,,,W,Y,2,0,1,2,A,-,08,22107,,N,C,E,A,A,H,-,D,D,0,,,,,Y,,D,22,1,0,0,0,0,0,0,0,0,"- ","- ",32.773349761962891,-115.76792907714844,IMPERIAL,UNINCORPORATED,-115.76792907714844,32.773303985595703
90901876,2018,2019-01-10,9625,2018-12-04,2320,018773,,2,3,9,1300,0,3,5,,2,020,"BEAL ROAD","WIEST ROAD",1086.00,W,N,A,-,N,,,,,,,,,,Y,1,1,1,1,A,-,08,22107,,N,F,A,A,A,H,-,D,D,0,,,,,Y,,D,22,1,0,0,0,0,0,0,0,0,"- ","- ",33.241748809814453,-115.48509216308594,IMPERIAL,UNINCORPORATED,-115.48445129394531,33.241798400878906
90902075,2018,2019-01-10,9625,2018-10-24,2500,020111,,3,4,9,1300,0,1,1,,2,004,"I-8 W/B","DUNAWAY ROAD",1478.00,W,N,A,-,Y,,,8,,,,,,W,Y,1,1,0,1,A,-,08,22107,,N,F,A,A,A,H,-,A,D,0,,,Y,,Y,Y,C,02,0,0,0,0,0,0,0,1,0,"- ","- ",32.768089294433594,-115.8052978515625,IMPERIAL,UNINCORPORATED,-115.80531311035156,32.768138885498047
90903370,2019,2019-01-14,9620,2019-01-07,2315,020738,,1,3,9,1300,0,1,1,,2,082,"I-8 EASTBOUND","WINTERHAVEN DRIVE",5280.00,W,N,A,-,Y,,,8,,,,,,E,Y,4,0,2,2,A,-,03,22350,,N,B,C,A,A,H,-,D,D,0,,,,,Y,,A,01,0,0,2,0,0,0,0,0,0,"- ","- ",32.738391876220703,-114.66771697998047,IMPERIAL,UNINCORPORATED,-114.66771697998047,32.738414764404297
90903393,2019,2019-01-14,9625,2019-01-02,1305,017432,,3,1,9,1300,0,1,3,,2,053,"STATE ROUTE 111 N/B","JASPER ROAD",3168.00,N,N,A,-,Y,,,111,,,,,,N,Y,4,0,1,2,A,-,03,22350,,N,C,C,A,A,D,-,A,D,0,,,,,Y,,A,01,0,0,1,0,0,0,0,0,0,"- ","- ",32.717430114746094,-115.49948120117188,IMPERIAL,UNINCORPORATED,-115.49958038330078,32.717414855957031
90903683,2019,2019-01-14,9625,2019-01-09,1523,018773,,3,2,9,1300,0,1,3,,2,053,"SR-111 NORTHBOUND","HEBER ROAD",20.00,S,N,A,-,Y,,,111,,,,,,N,Y,4,0,2,3,C,-,18,,,N,C,C,A,A,D,-,A,A,0,,,,,Y,,-,"- ",0,0,2,0,0,0,0,0,0,"- ","- ",32.730400085449219,-115.50029754638672,IMPERIAL,UNINCORPORATED,-115.50040435791016,32.730400085449219
90905882,2019,2019-01-16,9625,2019-01-09,1904,019035,,3,2,9,1300,0,3,5,,2,010,SR-78,"ELDER ROAD",0.00,,Y,A,-,Y,,,78,,,,,,,N,4,0,1,1,A,-,03,22350,,N,E,I,A,A,H,-,C,D,0,,,,,Y,,D,22,0,0,1,0,0,0,0,0,0,"- ","- ",32.999000549316406,-115.58979797363281,IMPERIAL,UNINCORPORATED,-115.58898162841797,32.999275207519531
90906996,2019,2019-01-18,9620,2019-01-09,1158,018247,,3,1,9,1300,0,1,1,,2,082,"I-8 W/B","4TH AVE",920.00,W,N,A,-,Y,,,8,,,,,,W,Y,3,0,1,1,C,-,18,,,N,F,A,A,A,H,-,A,A,0,,,,,Y,,-,"- ",0,1,0,0,0,0,0,0,0,"- ","- ",32.732318878173828,-114.62760162353516,IMPERIAL,UNINCORPORATED,-114.62754821777344,32.732624053955078
9090768,2020,2020-06-10,1301,2020-02-02,1453,902,BRAW,7,5,3,1301,0,0,0,,0,001,"A ST","2ND ST",0.00,,Y,A,-,N,,,,,,,,,,N,2,0,1,2,A,-,09,21804,A,N,D,G,A,A,H,-,A,A,0,,Y,,,Y,,L,04,1,0,0,0,0,0,1,0,0,"- ","- ",,,IMPERIAL,BRAWLEY,-115.56461334228516,32.959129333496094
90908551,2019,2019-01-22,9625,2019-01-10,0609,013627,,4,1,9,1300,0,3,5,,2,050,"SNYDER ROAD","BONDS CORNER ROAD",1050.00,N,N,A,-,N,,,,,,,,,,Y,2,0,1,1,A,-,08,22107,,N,E,I,A,A,H,-,A,D,0,,,,,Y,,A,07,1,0,0,0,0,0,0,0,0,"- ","- ",32.782939910888672,-115.34150695800781,IMPERIAL,UNINCORPORATED,-115.34130096435547,32.782733917236328
90909084,2018,2019-03-21,9625,2018-10-20,0640,017432,,6,1,9,1300,0,1,1,,2,001,"I-8 (E/B)","IN-KO-PAH PARK RD",2376.00,E,N,A,-,Y,,,8,,,,,,,Y,1,1,1,1,A,-,08,22107,,N,F,A,A,A,H,-,A,D,0,,,,,Y,,A,01,1,0,0,0,0,0,0,0,0,"- ","- ",32.6473388671875,-116.10415649414062,IMPERIAL,UNINCORPORATED,-116.1041259765625,32.647315979003906
90912477,2019,2019-01-25,9625,2019-01-19,1755,017809,,6,2,9,1300,0,3,5,,2,020,"FRINK ROAD","STATE ROUTE 111",6864.00,N,N,A,-,N,,,,,,,,,,Y,4,0,1,2,A,-,08,22107,,N,A,C,A,A,H,-,D,A,0,,,,,Y,,A,01,0,0,1,0,0,0,0,0,0,"- ","- ",33.3756103515625,-115.64662933349609,IMPERIAL,UNINCORPORATED,-115.6466064453125,33.375339508056641
90915148,2019,2019-01-29,9625,2019-01-16,1135,017055,,3,1,9,1300,0,1,3,,1,012,"SR-86 (S/B)",SR-78,0.00,,Y,A,-,Y,,,86,,,,,,,Y,3,0,4,2,A,-,09,21802,A,N,D,C,A,A,H,-,A,A,0,,,,,Y,,-,36,0,1,3,0,0,0,0,0,0,"- ","- ",33.125778198242188,-115.85545349121094,IMPERIAL,UNINCORPORATED,-115.85543823242188,33.125785827636719
90915155,2019,2019-01-29,9625,2019-01-22,1640,019225,,2,2,9,1300,0,1,3,,2,058,SR-86,"MCCABE ROAD",0.00,,Y,A,-,Y,,,86,,,,,,,Y,3,0,1,2,A,-,12,21453,A,N,D,C,A,A,H,-,A,A,0,,,Y,,Y,,A,07,0,1,0,0,0,0,0,0,1,"- ","- ",32.752338409423828,-115.55191040039062,IMPERIAL,UNINCORPORATED,-115.55187225341797,32.752342224121094
90915782,2019,2019-01-30,9625,2019-01-18,0810,017432,,5,1,9,1300,0,1,1,,2,001,"MENVIELLE ROAD","GATEWAY ROAD",153.00,S,N,A,-,N,,,,,,,,,,Y,4,0,2,2,A,-,03,22350,,N,C,C,A,A,H,-,A,D,0,,,,,Y,,A,07,0,0,2,0,0,0,0,0,0,"- ","- ",32.689868927001953,-115.38722229003906,IMPERIAL,UNINCORPORATED,-115.38719177246094,32.689922332763672
90916233,2019,2019-02-06,9625,2019-01-14,0744,017432,,1,1,4,1302,1,4,S,,2,901,"STATE ROUTE 98","KLOKE ROAD",629.00,E,N,B,-,Y,,,98,,,,,,,N,4,0,7,2,A,-,03,22350,,N,C,C,A,A,H,-,A,D,0,,,,,Y,,H,13,0,0,7,0,0,0,0,0,0,"- ","- ",32.679191589355469,-115.51374816894531,IMPERIAL,CALEXICO,-115.51374816894531,32.679172515869141
90916359,2019,2019-01-31,9625,2019-01-21,1025,017727,,1,1,9,1300,0,1,3,,1,021,SR-111,"SIMPSON ROAD",77.00,S,N,A,-,Y,,,111,,,,,,,Y,3,0,1,2,A,-,09,21801,A,N,D,C,A,A,H,-,A,D,0,,,,,Y,,M,46,0,1,0,0,0,0,0,0,0,"- ","- ",33.190799713134766,-115.51909637451172,IMPERIAL,UNINCORPORATED,-115.51905822753906,33.190799713134766
90916388,2019,2019-01-31,9625,2019-01-22,0820,013627,,2,1,9,1300,0,1,3,,2,053,"E/B I-8 TO S/B 111 TRANSITION RAMP","INTERSTATE 8 E/B",1300.00,S,N,B,-,Y,,,,,,,,,,Y,2,0,1,1,A,-,08,22107,,N,F,A,A,A,H,-,A,D,0,,,,,Y,,D,22,1,0,0,0,0,0,0,0,0,"- ","- ",32.769969940185547,-115.50122833251953,IMPERIAL,UNINCORPORATED,,
90917296,2019,2019-02-01,9625,2019-01-30,1755,018773,,3,2,9,1300,0,1,3,,2,053,"SR-111 SOUTHBOUND","HEBER ROAD",800.00,N,N,A,-,Y,,,111,,,,,,S,N,4,0,1,2,A,-,03,22350,,N,C,C,A,A,H,-,A,A,0,,,,,Y,,A,07,0,0,1,0,0,0,0,0,0,"- ","- ",32.732921600341797,-115.50054931640625,IMPERIAL,UNINCORPORATED,-115.50045776367188,32.732921600341797
90917319,2019,2019-02-01,9625,2019-01-24,1800,018773,,4,2,9,1300,0,1,3,,2,053,"SR-111 SOUTHBOUND","HEBER ROAD",711.00,N,N,A,-,Y,,,111,,,,,,S,Y,4,0,1,3,A,-,03,22350,,N,C,C,A,A,H,-,A,A,0,,,,,Y,,D,22,0,0,1,0,0,0,0,0,0,"- ","- ",32.732669830322266,-115.50054168701172,IMPERIAL,UNINCORPORATED,-115.50045013427734,32.732673645019531
90918972,2019,2019-02-05,9620,2019-01-30,1608,017051,,3,2,9,1300,0,1,1,,2,082,"I-8 WB TO GRAYS WELLS ROAD SB","GRAYS WELLS RD OVER-CROSS",100.00,W,N,A,-,Y,,,8,,,,R,,W,Y,3,0,1,1,A,-,01,23152,A,N,E,J,A,A,H,-,A,D,0,,,,,Y,Y,D,22,0,1,0,0,0,0,0,0,0,"- ","- ",32.742061614990234,-114.88301849365234,IMPERIAL,UNINCORPORATED,-114.88301849365234,32.742061614990234
90919406,2019,2019-02-05,9625,2019-01-27,1715,018279,,7,2,9,1300,0,1,3,,1,044,"SR-86 N/B","SCHARTZ ROAD",175.00,N,N,A,-,Y,,,86,,,,,,N,Y,3,0,3,2,A,-,01,23152,A,F,B,C,A,A,H,-,B,D,0,,,,,Y,Y,A,01,0,1,2,0,0,0,0,0,0,"- ","- ",32.942100524902344,-115.56996154785156,IMPERIAL,UNINCORPORATED,-115.57009887695312,32.942100524902344
90919579,2019,2019-02-05,9620,2019-02-04,1240,016222,,1,1,9,1300,0,2,4,,1,075,"YORK RD","COLBY RD",194.00,N,N,A,-,N,,,,,,,,,,Y,2,0,2,1,A,-,08,22107,,N,F,A,A,A,H,-,A,D,0,,,Y,,Y,,C,02,2,0,0,0,0,0,0,0,2,"- ","- ",32.797019958496094,-114.54737091064453,IMPERIAL,UNINCORPORATED,-114.547607421875,32.796741485595703
90920395,2019,2019-02-06,9625,2019-01-25,1155,017727,,5,1,9,1300,0,1,3,,1,054,"SR-111 N/B","ATEN ROAD",2482.00,N,N,A,-,Y,,,111,,,,,,N,Y,2,0,1,1,C,-,18,,,N,E,I,A,A,H,-,A,D,0,,,,,Y,,-,"- ",1,0,0,0,0,0,0,0,0,"- ","- ",32.839298248291016,-115.50340270996094,IMPERIAL,UNINCORPORATED,-115.50303649902344,32.839492797851562
90920733,2018,2019-02-06,9625,2018-12-31,2303,019668,,1,3,9,1300,0,1,3,,1,011,"STATE ROUTE 86 SOUTHBOUND","STATE ROUTE 78",6758.00,S,N,A,-,Y,,,86,,,,,,S,Y,1,1,3,2,A,-,01,23152,A,N,C,E,A,A,H,-,D,D,0,,,,,Y,,D,22,2,1,0,0,0,0,0,0,0,"- ","- ",33.111030578613281,-115.84192657470703,IMPERIAL,UNINCORPORATED,-115.84188079833984,33.111099243164062
90921648,2019,2019-02-07,9625,2019-01-29,0528,022010,,2,3,9,1300,0,1,3,,1,054,"SR-111 N/B","EVAN HEWES HIGHWAY",0.00,,Y,A,-,Y,,,111,,,,,,N,Y,4,0,2,2,A,-,12,21453,A,N,D,C,A,A,H,-,B,A,0,,,,,Y,,A,07,0,0,2,0,0,0,0,0,0,"- ","- ",32.799869537353516,-115.50035095214844,IMPERIAL,UNINCORPORATED,-115.50056457519531,32.799877166748047
90921740,2019,2019-02-07,9625,2019-01-30,1125,013627,,3,1,9,1300,0,3,5,,2,050,"BOWKER ROAD","JASPER ROAD",0.00,,Y,B,-,N,,,,,,,,,,Y,4,0,1,2,A,-,09,21801,A,N,E,I,A,A,H,-,A,D,0,,,,,Y,,D,22,0,0,1,0,0,0,0,0,0,"- ","- ",32.708400726318359,-115.46517181396484,IMPERIAL,UNINCORPORATED,-115.46510314941406,32.708560943603516
90923535,2019,2019-02-11,9625,2019-02-10,2253,020054,,7,3,9,1300,0,3,5,,2,050,"HEBER ROAD","CLAVERIE ROAD",1003.00,W,N,A,-,N,,,,,,,,,,N,4,0,1,1,A,-,08,22107,,N,E,I,A,A,H,-,D,D,0,,,,,Y,,A,01,0,0,1,0,0,0,0,0,0,"- ","- ",32.730499267578125,-115.40514373779297,IMPERIAL,UNINCORPORATED,-115.40503692626953,32.730422973632812
90924036,2019,2019-02-11,9625,2019-02-04,1142,018279,,1,1,9,1300,0,1,1,,2,003,"I-8 E/B","4TH STREET",2000.00,E,N,B,-,Y,,,,,,,,,,N,4,0,1,2,A,-,01,23152,A,N,C,C,A,A,H,-,A,D,0,,,,,Y,Y,A,08,0,0,1,0,0,0,0,0,0,"- ","- ",32.773651123046875,-115.54393768310547,IMPERIAL,UNINCORPORATED,-115.54585266113281,32.773696899414062
90924362,2019,2019-02-12,9620,2019-02-03,1450,017837,,7,2,9,1300,0,1,1,,2,082,"I-8 E/B","SEMINOLE RD",528.00,E,N,A,-,Y,,,8,,,,,,E,Y,2,0,2,1,A,-,08,22107,,N,F,I,A,A,H,-,A,D,0,,,,,Y,,A,01,1,1,0,0,0,0,0,0,0,"- ","- ",32.746829986572266,-114.70169830322266,IMPERIAL,UNINCORPORATED,-114.70172119140625,32.746910095214844
90924376,2019,2019-02-12,9625,2019-01-31,2042,018773,,4,2,9,1300,0,2,4,,2,046,"DOGWOOD ROAD","WILLOUGHBY ROAD",0.00,,Y,C,-,N,,,,,,,,,,Y,3,0,2,2,A,-,09,21802,A,N,D,C,A,B,H,-,D,A,0,,,,,Y,,A,07,0,2,0,0,0,0,0,0,0,"- ","- ",32.708488464355469,-115.53407287597656,IMPERIAL,UNINCORPORATED,-115.53408050537109,32.708450317382812
90925038,2019,2019-03-01,9625,2019-02-01,0905,016248,,5,1,9,1300,0,3,5,,2,050,"NINA LEE ROAD",SR-7,350.00,E,N,A,-,N,,,,,,,,,,N,2,0,1,3,A,-,09,21802,A,N,D,C,A,A,H,-,A,D,0,,,Y,Y,Y,,G,27,1,0,0,0,0,0,0,0,1,"- ","- ",32.682140350341797,-115.38465118408203,IMPERIAL,UNINCORPORATED,-115.38436889648438,32.681991577148438
90926640,2018,2019-02-14,9625,2018-12-31,0345,020111,,1,3,9,1300,0,1,3,,1,054,"SR-111 S/B","KEYSTONE ROAD",0.00,,Y,A,-,Y,,,111,,,,,,S,Y,1,1,1,2,A,-,12,21453,A,N,D,C,A,A,H,-,C,A,0,,,,,Y,,A,01,1,0,0,0,0,0,0,0,0,"- ","- ",32.912509918212891,-115.50919342041016,IMPERIAL,UNINCORPORATED,-115.50914001464844,32.912509918212891
90928687,2019,2019-02-19,9625,2019-02-11,1947,020516,,1,2,9,1300,0,1,1,,2,004,"INTERSTATE 8 W/B","DUNAWAY ROAD",3640.00,W,N,A,-,Y,,,8,,,,,,W,Y,2,0,1,1,A,-,08,22107,,N,F,A,A,A,H,-,D,D,0,,,,,Y,,D,22,1,0,0,0,0,0,0,0,0,"- ","- ",32.766571044921875,-115.81265258789062,IMPERIAL,UNINCORPORATED,-115.81266784667969,32.766639709472656
90928914,2019,2019-02-19,9625,2019-02-14,0240,020263,,4,3,9,1300,0,1,3,,2,055,SR-115,"HARRIS ROAD",20.00,S,N,B,-,Y,,,115,,,,,,,N,4,0,1,1,C,-,18,,,N,E,H,A,B,H,-,D,D,0,,,,,Y,,-,"- ",0,0,1,0,0,0,0,0,0,"- ","- ",32.883399963378906,-115.40619659423828,IMPERIAL,UNINCORPORATED,-115.40624237060547,32.883399963378906
90929370,2019,2019-02-19,9625,2019-01-02,1930,018792,,3,2,9,1300,0,3,5,,2,020,"EAST BEAL ROAD","LOW ROAD",768.00,W,N,A,-,N,,,,,,,,,,Y,1,1,1,2,A,-,03,22350,,N,A,G,A,A,H,-,D,D,0,,Y,,,Y,,D,22,1,0,0,0,0,1,1,0,0,"- ","- ",33.258090972900391,-115.46771240234375,IMPERIAL,UNINCORPORATED,-115.46751403808594,33.258213043212891
90929417,2019,2019-02-19,9625,2019-02-07,1315,017432,,4,1,9,1300,0,1,3,,1,044,"STATE ROUTE 86 N/B","LEGION ROAD",1467.00,S,N,A,-,Y,,,86,,,,,,N,Y,4,0,1,1,A,-,08,22107,,N,E,I,A,A,H,-,A,D,0,,,,,Y,,A,01,0,0,1,0,0,0,0,0,0,"- ","- ",32.956230163574219,-115.552978515625,IMPERIAL,UNINCORPORATED,-115.55308532714844,32.956371307373047
90930455,2018,2019-02-20,9625,2018-12-27,0500,018773,,4,3,9,1300,0,1,3,,2,052,SR-98,"HOLDRIDGE ROAD",15840.00,E,N,A,-,Y,,,98,,,,,,,Y,1,3,1,2,A,-,05,21650,,N,A,C,A,A,H,-,D,D,0,,,,,Y,,A,01,0,0,1,0,0,0,0,0,0,"- ","- ",32.712779998779297,-115.24163818359375,IMPERIAL,UNINCORPORATED,-115.24163818359375,32.712787628173828
90931459,2019,2019-02-21,9625,2019-02-11,0753,013627,,1,1,9,1300,0,1,3,,1,054,"STATE ROUTE 111","ATEN ROAD",1066.00,S,N,B,-,Y,,,111,,,,,,,Y,4,0,1,5,A,-,04,21703,,N,C,C,A,A,H,-,A,D,0,,,,,Y,,A,01,0,0,1,0,0,0,0,0,0,"- ","- ",32.822761535644531,-115.50012969970703,IMPERIAL,UNINCORPORATED,-115.500244140625,32.822761535644531