CASE_ID,ACCIDENT_YEAR,PROC_DATE,JURIS,COLLISION_DATE,COLLISION_TIME,OFFICER_ID,REPORTING_DISTRICT,DAY_OF_WEEK,CHP_SHIFT,POPULATION,CNTY_CITY_LOC,SPECIAL_COND,BEAT_TYPE,CHP_BEAT_TYPE,CITY_DIVISION_LAPD,CHP_BEAT_CLASS,BEAT_NUMBER,PRIMARY_RD,SECONDARY_RD,DISTANCE,DIRECTION,INTERSECTION,WEATHER_1,WEATHER_2,STATE_HWY_IND,CALTRANS_COUNTY,CALTRANS_DISTRICT,STATE_ROUTE,ROUTE_SUFFIX,POSTMILE_PREFIX,POSTMILE,LOCATION_TYPE,RAMP_INTERSECTION,SIDE_OF_HWY,TOW_AWAY,COLLISION_SEVERITY,NUMBER_KILLED,NUMBER_INJURED,PARTY_COUNT,PRIMARY_COLL_FACTOR,PCF_CODE_OF_VIOL,PCF_VIOL_CATEGORY,PCF_VIOLATION,PCF_VIOL_SUBSECTION,HIT_AND_RUN,TYPE_OF_COLLISION,MVIW,PED_ACTION,ROAD_SURFACE,ROAD_COND_1,ROAD_COND_2,LIGHTING,CONTROL_DEVICE,CHP_ROAD_TYPE,PEDESTRIAN_ACCIDENT,BICYCLE_ACCIDENT,MOTORCYCLE_ACCIDENT,TRUCK_ACCIDENT,NOT_PRIVATE_PROPERTY,ALCOHOL_INVOLVED,STWD_VEHTYPE_AT_FAULT,CHP_VEHTYPE_AT_FAULT,COUNT_SEVERE_INJ,COUNT_VISIBLE_INJ,COUNT_COMPLAINT_PAIN,COUNT_PED_KILLED,COUNT_PED_INJURED,COUNT_BICYCLIST_KILLED,COUNT_BICYCLIST_INJURED,COUNT_MC_KILLED,COUNT_MC_INJURED,PRIMARY_RAMP,SECONDARY_RAMP,LATITUDE,LONGITUDE,COUNTY,CITY,POINT_X,POINT_Y
90931513,2019,2019-02-21,9625,2019-02-13,1242,017731,,3,1,9,1300,0,1,3,,2,052,"SR-98 W/B","BARBARA WORTH ROAD",2640.00,W,N,A,-,Y,,,98,,,,,,W,N,4,0,1,2,A,-,03,22350,,N,C,A,A,A,D,-,A,A,0,,,,,Y,,A,08,0,0,1,0,0,0,0,0,0,"- ","- ",32.694000244140625,-115.44114685058594,IMPERIAL,UNINCORPORATED,-115.44114685058594,32.693851470947266
90931527,2019,2019-02-21,9625,2019-02-12,1215,017731,,2,1,9,1300,0,1,3,,1,042,SR-98,"CRUCIFIXION TORN",214.00,W,N,A,-,Y,,,98,,,,,,,Y,3,0,3,2,A,-,05,21650,,N,B,C,A,A,H,-,A,D,0,,,,Y,Y,,A,07,0,1,2,0,0,0,0,0,0,"- ","- ",32.667171478271484,-115.8739013671875,IMPERIAL,UNINCORPORATED,-115.8739013671875,32.667236328125
90932047,2019,2019-02-22,9625,2019-02-15,1950,017809,,5,2,9,1300,0,1,3,,1,012,"STATE ROUTE 86 SB","SUNRISE DRIVE",0.00,,Y,A,-,Y,,,,,,,,,,Y,2,0,2,2,A,-,09,21802,A,N,D,C,A,A,H,-,D,A,0,,,,,Y,,A,07,1,1,0,0,0,0,0,0,0,"- ","- ",33.284759521484375,-115.96360778808594,IMPERIAL,UNINCORPORATED,,
90932336,2018,2019-02-22,9625,2018-12-30,2055,017809,,7,2,9,1300,0,3,5,,2,010,"SUBURBAN AVENUE","CATALINA AVENUE",520.00,S,N,A,-,N,,,,,,,,,,Y,1,1,0,1,A,-,01,23152,A,N,F,A,A,A,A,-,D,D,0,,,,,Y,Y,D,22,0,0,0,0,0,0,0,0,0,"- ","- ",33.295021057128906,-115.98930358886719,IMPERIAL,UNINCORPORATED,-115.98917388916016,33.294742584228516
90932967,2019,2019-02-25,9625,2019-02-18,2048,018792,,1,2,9,1300,0,1,3,,1,011,"SR-86 N/B","BAUGHMAN ROAD",581.00,S,N,A,-,Y,,,86,,,,,,N,Y,3,0,1,1,A,-,08,22107,,N,E,I,A,A,H,-,D,D,0,,,,,Y,,A,07,0,1,0,0,0,0,0,0,0,"- ","- ",33.028659820556641,-115.60803985595703,IMPERIAL,UNINCORPORATED,-115.60813140869141,33.028598785400391
90933005,2019,2019-02-25,9625,2019-02-15,1640,019035,,5,2,9,1300,0,1,3,,2,053,"SR-111 N/B","MCCABE ROAD",45.00,S,N,A,-,Y,,,111,,,,,,N,N,3,0,1,2,A,-,03,22350,,N,C,C,A,A,H,-,B,A,0,,,,,Y,,A,01,0,1,0,0,0,0,0,0,0,"- ","- ",32.751499176025391,-115.50050354003906,IMPERIAL,UNINCORPORATED,-115.50075531005859,32.751499176025391
90933606,2019,2019-10-01,9625,2019-02-18,1556,018773,,1,2,9,1300,0,3,5,,2,050,"BARBARA WORTH ROAD","ROSS ROAD",0.00,,Y,A,-,N,,,,,,,,,,Y,4,0,1,2,A,-,09,21802,A,N,D,C,A,A,H,-,A,A,0,,,,,Y,,D,22,0,0,1,0,0,0,0,0,0,"- ","- ",32.781078338623047,-115.43079376220703,IMPERIAL,UNINCORPORATED,-115.43076324462891,32.781150817871094
90934045,2019,2019-02-26,9625,2019-02-21,1641,018773,,4,2,9,1300,0,1,3,,2,055,SR-115,"BRIDENSTEIN ROAD",950.00,E,N,B,-,Y,,,115,,,,,,,Y,3,0,1,1,A,-,08,22107,,N,F,A,A,A,H,-,A,D,0,,,,,Y,,A,01,0,1,0,0,0,0,0,0,0,"- ","- ",32.811069488525391,-115.35173034667969,IMPERIAL,UNINCORPORATED,-115.35173034667969,32.811134338378906
90939267,2019,2019-03-04,9625,2019-02-20,0625,017432,,3,1,9,1300,0,1,3,,1,022,"STATE ROUTE 111","BEACH ROAD",1056.00,N,N,A,-,Y,,,111,,,,,,,Y,3,0,1,1,A,-,08,22107,,N,E,I,A,A,H,-,A,D,0,,,,,Y,,A,01,0,1,0,0,0,0,0,0,0,"- ","- ",33.266040802001953,-115.56307220458984,IMPERIAL,UNINCORPORATED,-115.56309509277344,33.266006469726562
90939286,2019,2019-03-04,9625,2019-02-23,1713,018792,,6,2,9,1300,0,3,5,,2,010,"BORREGO SALTON SEAWAY","ALTADENA AVE",15.00,E,N,A,-,N,,,,,,,,,,Y,3,0,1,2,A,-,09,21801,A,N,D,C,A,A,H,-,B,D,0,,,,,Y,,A,01,0,1,0,0,0,0,0,0,0,"- ","- ",33.273651123046875,-115.97540283203125,IMPERIAL,UNINCORPORATED,-115.97553253173828,33.273639678955078
90939667,2019,2019-03-05,9620,2019-02-27,0827,016222,,3,1,9,1300,0,1,3,,1,062,SR-186,"ALL AMERICAN CANAL",12.00,N,N,A,-,Y,,,186,,,,,,,Y,3,0,3,2,A,-,05,21650,,N,A,C,A,A,H,-,A,D,0,,,,,Y,,A,01,0,2,1,0,0,0,0,0,0,"- ","- ",32.737388610839844,-114.71694183349609,IMPERIAL,UNINCORPORATED,-114.71703338623047,32.737312316894531
90940476,2019,2019-03-06,9625,2019-02-28,0400,019225,,4,3,9,1300,0,1,1,,2,003,"INTERSTATE 8 (EASTBOUND)","SILSBEE ROAD",3168.00,W,N,A,-,Y,,,8,,,,,,,Y,4,0,1,1,A,-,01,23152,A,N,F,A,A,A,H,-,D,D,0,,,,,Y,Y,D,22,0,0,1,0,0,0,0,0,0,"- ","- ",32.773738861083984,-115.65654754638672,IMPERIAL,UNINCORPORATED,-115.65654754638672,32.773799896240234
90941183,2019,2019-03-06,9625,2019-02-24,0555,017727,,7,3,9,1300,0,1,3,,2,023,SR-115,"WIEST ROAD",4752.00,W,N,A,-,Y,,,115,,,,,,,Y,3,0,1,1,A,-,08,22107,,N,F,A,A,A,H,-,D,D,0,,,,,Y,,A,07,0,1,0,0,0,0,0,0,0,"- ","- ",33.125499725341797,-115.46610260009766,IMPERIAL,UNINCORPORATED,-115.46610260009766,33.125625610351562
90941738,2019,2019-06-17,9620,2019-01-28,2255,018703,,1,3,9,1300,0,2,4,,1,061,"S-34 (OGILBY ROAD)",SR-78,20592.00,S,N,A,-,N,,,,,,,,,,Y,1,1,0,1,A,-,08,22107,,N,E,I,A,A,H,-,D,D,0,,,,,Y,,A,01,0,0,0,0,0,0,0,0,0,"- ","- ",33.03179931640625,-114.9039306640625,IMPERIAL,UNINCORPORATED,-114.90398406982422,33.031791687011719
90941984,2019,2019-03-07,9625,2019-02-26,1545,018930,,2,2,9,1300,0,1,3,,1,021,"SR-111, S/B","HOOBER ROAD",5.00,N,N,A,-,Y,,,111,,,,,,S,Y,2,0,2,1,A,-,08,22107,,N,E,I,A,A,H,-,A,D,0,,,,,Y,,D,22,1,1,0,0,0,0,0,0,0,"- ","- ",33.169101715087891,-115.51889801025391,IMPERIAL,UNINCORPORATED,-115.51905822753906,33.169101715087891
90942710,2019,2019-03-08,9625,2019-02-26,0730,017727,,2,1,9,1300,0,3,5,,2,020,"SR-78 (E/B)","HOVLEY ROAD",55.00,W,N,A,-,Y,,,78,,,,,,,Y,3,0,1,2,A,-,03,22350,,N,C,D,A,A,H,-,A,A,0,,,,Y,Y,,G,26,0,1,0,0,0,0,0,0,0,"- ","- ",33.001701354980469,-115.54419708251953,IMPERIAL,UNINCORPORATED,-115.54420471191406,33.001712799072266
90944782,2019,2019-03-12,9625,2019-02-28,0625,017432,,4,1,9,1300,0,1,3,,1,054,"SR-111 (S/B)","KEYSTONE ROAD",1056.00,N,N,A,-,Y,,,111,,,,,,,Y,2,0,1,1,A,-,08,22107,,N,F,A,A,A,H,-,A,A,0,,,,,Y,,D,22,1,0,0,0,0,0,0,0,0,"- ","- ",32.915390014648438,-115.50920104980469,IMPERIAL,UNINCORPORATED,-115.50913238525391,32.915390014648438
90946558,2019,2019-03-14,9625,2019-03-04,1335,017432,,1,1,9,1300,0,1,3,,2,014,"STATE ROUTE 78 E/B","HOVLEY ROAD",140.00,W,N,A,-,Y,,,78,,,,,,E,Y,4,0,4,2,A,-,03,22350,,N,C,C,A,A,H,-,A,A,0,,,,,Y,,A,01,0,0,4,0,0,0,0,0,0,"- ","- ",33.001621246337891,-115.5447998046875,IMPERIAL,UNINCORPORATED,-115.54479217529297,33.001590728759766
90946575,2019,2019-03-14,9625,2019-03-05,0804,013627,,2,1,9,1300,0,3,5,,2,050,"SINGH ROAD","ROSS ROAD",0.00,,Y,B,-,N,,,,,,,,,,N,3,0,1,2,A,-,09,21802,A,F,D,C,A,A,H,-,A,A,0,,,,,Y,,A,01,0,1,0,0,0,0,0,0,0,"- ","- ",32.781509399414062,-115.50241088867188,IMPERIAL,UNINCORPORATED,-115.50238037109375,32.781490325927734
90949828,2019,2019-03-20,9625,2019-03-14,0940,019668,,4,1,9,1300,0,2,4,,2,046,"DOGWOOD ROAD","SCHARTZ ROAD",54.00,N,N,A,-,N,,,,,,,,,,Y,4,0,1,4,A,-,03,22350,,N,C,C,A,A,H,-,A,D,0,,,,,Y,,A,01,0,0,1,0,0,0,0,0,0,"- ","- ",32.941928863525391,-115.53559112548828,IMPERIAL,UNINCORPORATED,-115.53553771972656,32.941936492919922
90952980,2019,2019-03-25,9625,2019-03-18,1525,019667,,1,2,9,1300,0,1,1,,2,001,"I-8 E/B","IN KO PAH PARK ROAD",2415.00,E,N,A,-,Y,,,8,,,,,,E,Y,3,0,1,2,A,-,08,22107,,N,F,D,A,A,H,-,A,D,0,,,,,Y,,A,01,0,1,0,0,0,0,0,0,0,"- ","- ",32.6485595703125,-116.10315704345703,IMPERIAL,UNINCORPORATED,-116.10321044921875,32.648601531982422
90954394,2019,2019-03-27,9625,2019-03-21,2230,020054,,4,3,9,1300,0,3,5,,2,040,"CLARK ROAD","WILLOUGHBY ROAD",188.00,N,N,A,-,N,,,,,,,,,,Y,3,0,1,1,A,-,01,23152,A,N,E,I,A,A,H,-,D,D,0,,,,,Y,Y,A,07,0,1,0,0,0,0,0,0,0,"- ","- ",32.707969665527344,-115.55992889404297,IMPERIAL,UNINCORPORATED,-115.55997467041016,32.709018707275391
90955590,2019,2019-03-28,9625,2019-03-22,0550,018279,,5,3,9,1300,0,3,5,,2,050,"MCCABE RD","BOWKER RD",0.00,,Y,A,-,N,,,,,,,,,,Y,4,0,1,2,A,-,09,21802,A,N,D,C,A,A,H,-,B,A,0,,,,,Y,,D,22,0,0,1,0,0,0,0,0,0,"- ","- ",32.752128601074219,-115.96498107910156,IMPERIAL,UNINCORPORATED,-115.46501922607422,32.752109527587891
90957172,2019,2019-03-29,9625,2019-03-19,2130,019225,,2,2,9,1300,0,3,5,,2,040,"NANCE ROAD","WORTHINGTON ROAD",0.00,,Y,A,-,N,,,,,,,,,,Y,3,0,1,1,A,-,01,23152,A,N,H,J,A,A,H,-,C,A,0,,,,,Y,Y,A,01,0,1,0,0,0,0,0,0,0,"- ","- ",32.847431182861328,-115.58619689941406,IMPERIAL,UNINCORPORATED,-115.58644104003906,32.847358703613281
90958724,2019,2019-04-02,9625,2019-03-17,1110,016248,,7,1,9,1300,0,1,3,,2,053,"SR-111 S/B","MCCABE ROAD",0.00,,Y,A,-,Y,,,111,,,,,,S,Y,3,0,3,2,A,-,09,21804,A,N,D,C,A,A,H,-,A,A,0,,,,,Y,,J,41,0,1,2,0,0,0,0,0,0,"- ","- ",32.742439270019531,-115.50083923339844,IMPERIAL,UNINCORPORATED,-115.5006103515625,32.742443084716797
90959005,2019,2019-04-11,9625,2019-03-22,1720,019667,,5,2,9,1300,0,1,3,,1,012,"SR-86 S/B","BLACK DIAMOND ROAD",0.00,,Y,A,-,Y,,,86,,,,,,S,Y,2,0,7,2,A,-,09,21802,A,N,D,C,A,A,H,-,A,A,0,,,,,Y,,A,07,3,4,0,0,0,0,0,0,0,"- ","- ",33.357929229736328,-116.01889038085938,IMPERIAL,UNINCORPORATED,-116.01898956298828,33.357898712158203
90960997,2019,2019-04-04,9625,2019-03-26,1612,018773,,2,2,9,1300,0,1,3,,1,054,"SR-111 SOUTHBOUND","ATEN ROAD",2627.00,S,N,A,-,Y,,,111,,,,,,S,Y,2,0,4,4,A,-,03,22350,,N,C,C,A,A,D,-,A,A,0,,,,,Y,,D,22,1,2,1,0,0,0,0,0,0,"- ","- ",32.821388244628906,-115.50039672851562,IMPERIAL,UNINCORPORATED,-115.50026702880859,32.821388244628906
90961444,2019,2019-04-04,9625,2019-03-25,1235,017432,,1,1,9,1300,0,1,1,,2,006,"INTERSTATE 8 (W/B)","ORCHARD ROAD",1584.00,W,N,A,-,Y,,,8,,,,,,,N,4,0,1,2,A,-,03,22350,,N,C,C,A,A,H,-,A,D,0,,,,,Y,,A,01,0,0,1,0,0,0,0,0,0,"- ","- ",32.773429870605469,-115.39006805419922,IMPERIAL,UNINCORPORATED,-115.39006805419922,32.773464202880859
90963263,2019,2019-04-08,9625,2019-03-29,0640,016248,,5,1,9,1300,0,1,3,,1,054,"SR-111 N/B","EVAN HEWES HIGHWAY",239.00,S,N,A,-,Y,,,111,,,,,,N,Y,4,0,2,2,A,-,03,22350,,N,C,C,A,A,H,-,A,A,0,,,,,Y,,A,01,0,0,2,0,0,0,0,0,0,"- ","- ",32.798809051513672,-115.50054931640625,IMPERIAL,UNINCORPORATED,-115.50062561035156,32.798809051513672
90963556,2019,2019-04-08,9625,2019-03-29,1455,017727,,5,2,9,1300,0,1,3,,2,013,SR-78,"OLD MINE ROAD",3190.00,E,N,A,-,Y,,,78,,,,,,,Y,3,0,1,1,C,-,18,,,N,F,A,A,A,H,-,A,D,0,,,Y,,Y,,-,"- ",0,1,0,0,0,0,0,0,1,"- ","- ",33.125701904296875,-116.04450225830078,IMPERIAL,UNINCORPORATED,-116.04450225830078,33.125724792480469
90963579,2019,2019-04-08,9625,2019-03-31,0957,013627,,7,1,9,1300,0,3,5,,2,050,"HARRIS ROAD","CASEY ROAD",24.00,E,N,A,-,N,,,,,,,,,,Y,4,0,1,1,A,-,08,22107,,N,F,A,A,A,H,-,A,D,0,,,Y,,Y,,C,02,0,0,1,0,0,0,0,0,1,"- ","- ",32.883640289306641,-115.42327117919922,IMPERIAL,UNINCORPORATED,-115.42330169677734,32.883590698242188
90963971,2019,2019-04-09,9625,2019-03-29,1350,019667,,5,1,9,1300,0,3,5,,2,040,"CLARK ROAD","KUBLER ROAD",1256.00,S,N,A,-,N,,,,,,,,,,Y,2,0,1,2,A,-,09,21804,A,N,D,C,A,A,H,-,A,D,0,,,,,Y,,M,46,1,0,0,0,0,0,0,0,0,"- ","- ",32.6904296875,-115.55977630615234,IMPERIAL,UNINCORPORATED,-115.55975341796875,32.690486907958984
90964113,2019,2019-04-09,9625,2019-03-20,1145,017055,,3,1,9,1300,0,3,5,,2,010,"WALKER ROAD","GENTRY ROAD",110.00,W,N,A,-,N,,,,,,,,,,Y,3,0,1,1,A,-,03,22350,,N,F,A,A,A,H,-,A,A,0,,,,Y,Y,,G,25,0,1,0,0,0,0,0,0,0,"- ","- ",33.075279235839844,-115.61463928222656,IMPERIAL,UNINCORPORATED,-115.61453247070312,33.075260162353516
90964818,2019,2019-04-10,9625,2019-03-31,0143,022010,,7,3,9,1300,0,2,4,,2,046,"DOGWOOD ROAD S/B","MCCABE ROAD",528.00,S,N,A,-,N,,,,,,,,,,Y,4,0,1,1,A,-,01,23152,A,N,F,A,A,A,H,-,C,D,0,,,Y,,Y,Y,C,02,0,0,1,0,0,0,0,0,1,"- ","- ",32.752048492431641,-115.53498840332031,IMPERIAL,UNINCORPORATED,-115.53479766845703,32.750930786132812
90965435,2019,2019-04-10,9625,2019-03-29,0900,017055,,5,1,9,1300,0,1,3,,1,012,"SR-86 (S/B)","NORM NIVER ROAD",0.00,,Y,A,-,Y,,,86,,,,,,,Y,4,0,1,2,A,-,09,21802,A,N,D,C,A,A,H,-,A,A,0,,,,,Y,,A,07,0,0,1,0,0,0,0,0,0,"- ","- ",33.357398986816406,-116.01878356933594,IMPERIAL,UNINCORPORATED,-116.01882934570312,33.357383728027344
90966291,2019,2019-05-07,9625,2019-04-05,0942,017731,,5,1,9,1300,0,2,4,,2,047,"FORRESTER ROAD","LARSEN ROAD",30.00,S,N,A,-,N,,,,,,,,,,Y,3,0,2,2,A,-,03,22350,,N,C,C,A,A,H,-,A,D,0,,,,,Y,,J,48,0,1,1,0,0,0,0,0,0,"- ","- ",32.876190185546875,-115.62098693847656,IMPERIAL,UNINCORPORATED,-115.62104034423828,32.876197814941406
90966696,2019,2019-04-12,9625,2019-04-07,1945,017809,,7,2,9,1300,0,1,3,,2,025,"STATE ROUTE 78","HASTAIN ROAD",400.00,W,N,A,-,Y,,,78,,,,,,,Y,2,0,1,1,A,-,08,22107,,N,F,A,A,A,H,-,D,A,0,,,,,Y,,A,01,1,0,0,0,0,0,0,0,0,"- ","- ",32.97454833984375,-115.4078369140625,IMPERIAL,UNINCORPORATED,-115.40776824951172,32.974460601806641
90966720,2019,2019-04-12,9620,2019-04-10,1700,018703,,3,2,9,1300,0,2,4,,1,075,"QUECHAN RD","QUECHAN DR",405.00,W,N,A,-,N,,,,,,,,,,N,4,0,1,2,A,-,08,22107,,F,A,G,A,A,H,-,A,D,0,,Y,,,Y,,A,07,0,0,1,0,0,0,1,0,0,"- ","- ",32.730308532714844,-114.61622619628906,IMPERIAL,UNINCORPORATED,-114.61623382568359,32.730205535888672
90967685,2019,2019-04-15,9625,2019-04-01,1847,018930,,1,2,9,1300,0,1,3,,1,051,SR-7,"HEBER ROAD",0.00,,Y,A,-,Y,,,7,,,,,,,Y,4,0,1,2,A,-,12,22450,A,N,D,C,A,A,H,-,A,A,0,,,,,Y,,A,01,0,0,1,0,0,0,0,0,0,"- ","- ",32.730899810791016,-115.38230133056641,IMPERIAL,UNINCORPORATED,-115.38242340087891,32.73089599609375
90967731,2019,2019-04-15,9625,2019-04-08,2055,018207,,1,2,9,1300,0,1,1,,2,003,"INTERSTATE 8 E/B","IMPERIAL HIGHWAY",10560.00,E,N,A,-,Y,,,8,,,,,,E,Y,3,0,1,2,D,-,00,,,N,B,D,A,A,H,-,B,D,0,,,,,Y,,-,"- ",0,1,0,0,0,0,0,0,0,"- ","- ",32.737419128417969,-115.97901153564453,IMPERIAL,UNINCORPORATED,-115.97903442382812,32.737537384033203
90967768,2019,2019-04-15,9625,2019-04-07,0715,013627,,7,1,9,1300,0,1,3,,1,051,"STATE ROUTE 7 N/B","HEBER ROAD",4311.00,N,N,B,-,Y,,,7,,,,,,N,Y,4,0,1,1,A,-,08,22107,,N,F,A,A,A,H,-,A,D,0,,,,,Y,,A,01,0,0,1,0,0,0,0,0,0,"- ","- ",32.742820739746094,-115.38285827636719,IMPERIAL,UNINCORPORATED,-115.38297271728516,32.742820739746094
90968193,2019,2019-04-15,9625,2019-04-09,0605,017731,,2,1,9,1300,0,1,3,,1,011,"S/B SR-86","BARLEY DITCH",100.00,N,N,A,-,N,,,86,,,,,,,Y,2,0,1,1,A,-,08,22107,,N,E,I,A,A,H,-,A,D,0,,,,,Y,,A,01,1,0,0,0,0,0,0,0,0,"- ","- ",33.143718719482422,-115.86322784423828,IMPERIAL,UNINCORPORATED,-115.86318206787109,33.14373779296875
90968748,2019,2019-04-16,9625,2019-04-10,2050,018279,,3,2,9,1300,0,3,5,,2,040,"WORTHINGTON RD","P ST",2870.00,E,N,A,-,N,,,,,,,,,,Y,4,0,1,1,A,-,08,22107,,N,F,A,A,A,H,-,D,D,0,,,,,Y,,D,22,0,0,1,0,0,0,0,0,0,"- ","- ",32.847320556640625,-115.55236053466797,IMPERIAL,UNINCORPORATED,-115.55217742919922,32.847381591796875
90968963,2019,2019-04-16,9625,2019-04-05,1250,019886,,5,1,9,1300,0,1,3,,1,011,"SR-86 S/B","LACK ROAD",0.00,,Y,A,-,Y,,,,,,,,,,Y,2,0,1,1,A,-,08,22107,,N,E,I,A,A,H,-,A,D,0,,,,,Y,,A,01,1,0,0,0,0,0,0,0,0,"- ","- ",33.213001251220703,-115.385009765625,IMPERIAL,UNINCORPORATED,,
90969841,2019,2019-04-17,9625,2019-04-08,0108,018464,,1,3,9,1300,0,1,1,,2,006,"I-8 (W/B)","VAN DER LINDEN ROAD",17952.00,E,N,A,-,Y,,,8,,,,,,,Y,3,0,1,1,A,-,01,23152,A,N,F,A,A,A,H,-,D,D,0,,,,,Y,Y,A,01,0,1,0,0,0,0,0,0,0,"- ","- ",32.7552490234375,-115.23126983642578,IMPERIAL,UNINCORPORATED,-115.23126983642578,32.755241394042969
90969857,2019,2019-04-17,9625,2019-04-08,1636,018930,,1,2,9,1300,0,2,4,,2,046,"DOGWOOD ROAD","WILLOUGHBY ROAD",0.00,,Y,A,-,N,,,,,,,,,,Y,3,0,2,2,A,-,01,23152,A,F,D,C,A,A,H,-,A,A,0,,,,,Y,Y,A,01,0,1,1,0,0,0,0,0,0,"- ","- ",32.708400726318359,-115.53410339355469,IMPERIAL,UNINCORPORATED,-115.53408050537109,32.708450317382812
90970381,2019,2019-04-18,9625,2019-04-11,1250,017731,,4,1,9,1300,0,2,4,,2,045,"EVAN HEWES HIGHWAY","AUSTIN ROAD",1056.00,W,N,A,-,N,,,,,,,,,,Y,4,0,1,2,A,-,08,22107,,N,D,C,A,A,H,-,A,D,0,,,,,Y,,A,01,0,0,1,0,0,0,0,0,0,"- ","- ",32.796550750732422,-115.59765625,IMPERIAL,UNINCORPORATED,-115.598388671875,32.796573638916016
90970714,2019,2019-04-18,9625,2019-04-13,0210,020111,,6,3,9,1300,0,1,1,,2,005,"I-8 E/B","BARBARA WORTH ROAD",65.00,W,N,A,-,Y,,,8,,,,,,E,Y,2,0,2,1,A,-,08,22107,,N,F,A,A,A,H,-,D,D,0,,,,,Y,,A,07,1,0,1,0,0,0,0,0,0,"- ","- ",32.773250579833984,-115.43097686767578,IMPERIAL,UNINCORPORATED,-115.43097686767578,32.773334503173828
9097277,2020,2020-10-29,1304,2020-05-18,0702,327,EAST,1,5,4,1304,0,0,0,,0,EAST,"W ROSS","W ROSS  100",0.00,,Y,A,-,N,,,,,,,,,,Y,4,0,1,2,A,-,08,22107,,N,-,C,A,A,H,-,A,D,0,,,,,Y,,A,01,0,0,1,0,0,0,0,0,0,"- ","- ",32.781459808349609,-115.54405975341797,IMPERIAL,"EL CENTRO",-115.54389999999999,32.781486000000001
90974539,2019,2019-04-24,9625,2019-04-12,0635,017432,,5,1,9,1300,0,1,3,,1,044,"STATE ROUTE 86","AUSTIN ROAD",0.00,,Y,A,-,Y,,,86,,,,,,,Y,4,0,3,2,A,-,09,21802,A,N,D,C,A,A,H,-,A,A,0,,,,,Y,,A,01,0,0,3,0,0,0,0,0,0,"- ","- ",32.950439453125,-115.56712341308594,IMPERIAL,UNINCORPORATED,-115.56709289550781,32.950366973876953
90974615,2019,2019-04-24,9620,2019-04-20,0955,018247,,6,1,9,1300,0,1,3,,1,063,"SR-78 W/B","OGILBY RD",3168.00,E,N,A,-,N,,,78,,,,,,W,N,4,0,1,1,A,-,03,22350,,N,E,I,A,A,H,-,A,D,0,,,,,Y,,E,22,0,0,1,0,0,0,0,0,0,"- ","- ",33.092128753662109,-114.90287780761719,IMPERIAL,UNINCORPORATED,-114.90292358398438,33.0921630859375
90977971,2019,2019-04-29,9625,2019-04-18,2045,018773,,4,2,9,1300,0,1,3,,2,053,"SR-111 SOUTHBOUND","HEBER ROAD",99.00,N,N,A,-,Y,,,111,,,,,,S,Y,4,0,1,2,A,-,08,22107,,N,C,C,A,A,H,-,C,A,0,,,,,Y,,D,22,0,0,1,0,0,0,0,0,0,"- ","- ",32.731090545654297,-115.50048065185547,IMPERIAL,UNINCORPORATED,-115.50041961669922,32.731090545654297
90978019,2019,2019-04-29,9625,2019-04-20,0830,017727,,6,1,9,1300,0,1,3,,1,042,SR-98,"DREW ROAD",18480.00,W,N,A,-,Y,,,98,,,,,,,Y,4,0,1,1,A,-,08,22107,,N,F,A,A,A,H,-,A,D,0,,,,,Y,,A,01,0,0,1,0,0,0,0,0,0,"- ","- ",32.678199768066406,-115.73020172119141,IMPERIAL,UNINCORPORATED,-115.73023986816406,32.678897857666016
90978033,2019,2019-04-29,9625,2019-04-19,1535,017809,,5,2,9,1300,0,1,3,,2,024,"STATE ROUTE 78","GECKO ROAD",55.00,W,N,A,-,Y,,,78,,,,,,,Y,4,0,1,2,A,-,03,22350,,N,C,C,A,A,H,-,A,A,0,,,,,Y,,A,07,0,0,1,0,0,0,0,0,0,"- ","- ",32.976200103759766,-115.17415618896484,IMPERIAL,UNINCORPORATED,-115.17417907714844,32.976272583007812
90979376,2019,2019-05-01,9625,2019-04-22,1510,018279,,1,2,9,1300,0,1,3,,2,053,"SR-111, N/B","MCCABE RD",700.00,S,N,A,-,Y,,,111,,,,,,N,N,4,0,1,2,A,-,03,22350,,N,C,C,A,A,H,-,A,A,0,,,,,Y,,A,01,0,0,1,0,0,0,0,0,0,"- ","- ",32.750198364257812,-115.50060272216797,IMPERIAL,UNINCORPORATED,-115.500732421875,32.750198364257812