CASE_ID,ACCIDENT_YEAR,PROC_DATE,JURIS,COLLISION_DATE,COLLISION_TIME,OFFICER_ID,REPORTING_DISTRICT,DAY_OF_WEEK,CHP_SHIFT,POPULATION,CNTY_CITY_LOC,SPECIAL_COND,BEAT_TYPE,CHP_BEAT_TYPE,CITY_DIVISION_LAPD,CHP_BEAT_CLASS,BEAT_NUMBER,PRIMARY_RD,SECONDARY_RD,DISTANCE,DIRECTION,INTERSECTION,WEATHER_1,WEATHER_2,STATE_HWY_IND,CALTRANS_COUNTY,CALTRANS_DISTRICT,STATE_ROUTE,ROUTE_SUFFIX,POSTMILE_PREFIX,POSTMILE,LOCATION_TYPE,RAMP_INTERSECTION,SIDE_OF_HWY,TOW_AWAY,COLLISION_SEVERITY,NUMBER_KILLED,NUMBER_INJURED,PARTY_COUNT,PRIMARY_COLL_FACTOR,PCF_CODE_OF_VIOL,PCF_VIOL_CATEGORY,PCF_VIOLATION,PCF_VIOL_SUBSECTION,HIT_AND_RUN,TYPE_OF_COLLISION,MVIW,PED_ACTION,ROAD_SURFACE,ROAD_COND_1,ROAD_COND_2,LIGHTING,CONTROL_DEVICE,CHP_ROAD_TYPE,PEDESTRIAN_ACCIDENT,BICYCLE_ACCIDENT,MOTORCYCLE_ACCIDENT,TRUCK_ACCIDENT,NOT_PRIVATE_PROPERTY,ALCOHOL_INVOLVED,STWD_VEHTYPE_AT_FAULT,CHP_VEHTYPE_AT_FAULT,COUNT_SEVERE_INJ,COUNT_VISIBLE_INJ,COUNT_COMPLAINT_PAIN,COUNT_PED_KILLED,COUNT_PED_INJURED,COUNT_BICYCLIST_KILLED,COUNT_BICYCLIST_INJURED,COUNT_MC_KILLED,COUNT_MC_INJURED,PRIMARY_RAMP,SECONDARY_RAMP,LATITUDE,LONGITUDE,COUNTY,CITY,POINT_X,POINT_Y
90979894,2019,2019-05-01,9625,2019-02-25,1250,018279,,1,1,9,1300,0,3,5,,2,040,"CLARK ROAD","PALMVIEW AVENUE",220.00,S,N,A,-,N,,,,,,,,,,Y,1,1,0,2,A,-,09,21804,A,N,D,C,A,A,H,-,A,D,0,,,Y,,Y,,A,01,0,0,0,0,0,0,0,1,0,"- ","- ",32.755779266357422,-115.56063842773438,IMPERIAL,UNINCORPORATED,-115.56067657470703,32.755939483642578
90983761,2019,2019-05-07,9620,2019-05-02,1500,016222,,4,2,9,1300,0,3,5,,2,070,"MCDANIEL RD","ROSS RD",230.00,N,N,A,-,N,,,,,,,,,,Y,3,0,1,1,A,-,03,22350,,N,F,A,A,A,H,-,A,D,0,,,,,Y,,A,01,0,1,0,0,0,0,0,0,0,"- ","- ",32.782600402832031,-114.57360076904297,IMPERIAL,UNINCORPORATED,-114.57376861572266,32.782238006591797
90985708,2019,2019-05-10,9625,2019-04-29,2105,018773,,1,2,9,1300,0,1,3,,1,051,"SR-7 NORTHBOUND","MAGGIO ROAD",19.00,S,N,A,-,Y,,,7,,,,,,N,N,4,0,2,2,A,-,03,22350,,N,C,C,A,A,H,-,C,A,0,,,,,Y,,D,22,0,0,2,0,0,0,0,0,0,"- ","- ",32.686271667480469,-115.38034057617188,IMPERIAL,UNINCORPORATED,-115.38034057617188,32.686267852783203
90988249,2019,2019-05-14,9625,2019-05-03,0920,017727,,5,1,9,1300,0,3,5,,2,020,"KERSHAW ROAD","QUAY ROAD",695.00,N,N,A,-,N,,,,,,,,,,Y,4,0,1,1,A,-,08,22107,,N,B,I,A,A,H,-,A,D,0,,,,,Y,,A,01,0,0,1,0,0,0,0,0,0,"- ","- ",33.083900451660156,-115.50900268554688,IMPERIAL,UNINCORPORATED,-115.50894165039062,33.083892822265625
90988280,2019,2019-05-14,9625,2019-05-04,0357,020054,,6,3,9,1300,0,1,1,,2,001,"I-8 E/B","IN-KO-PAH PARK ROAD",6072.00,E,N,A,-,Y,,,,,,,,,,Y,3,0,4,1,A,-,03,22350,,N,E,I,A,A,H,-,D,D,0,,,,,Y,,A,07,0,4,0,0,0,0,0,0,0,"- ","- ",32.650779724121094,-116.09690093994141,IMPERIAL,UNINCORPORATED,,
90989118,2019,2019-05-15,9625,2019-05-06,0355,021107,,1,3,9,1300,0,2,4,,2,045,"E/B EVAN HEWES HIGHWAY","JAMES ROAD",560.00,E,N,A,G,N,,,,,,,,,,Y,2,0,1,2,A,-,03,22350,,N,C,C,A,A,H,-,D,D,0,,,,,Y,,A,07,1,0,0,0,0,0,0,0,0,"- ","- ",32.803188323974609,-115.46405029296875,IMPERIAL,UNINCORPORATED,-115.46347808837891,32.803153991699219
90989125,2019,2019-05-15,9625,2019-05-06,2140,019886,,1,2,9,1300,0,2,4,,2,046,"DOGWOOD ROAD","NECKEL ROAD",80.00,S,N,G,-,N,,,,,,,,,,Y,4,0,1,2,A,-,08,22107,,N,B,C,A,A,H,-,D,D,0,,,,,Y,,A,01,0,0,1,0,0,0,0,0,0,"- ","- ",32.514129638671875,-115.32804870605469,IMPERIAL,UNINCORPORATED,-115.53559112548828,32.861560821533203
90989771,2019,2019-05-16,9625,2019-05-06,0805,013627,,1,1,9,1300,0,3,5,,2,050,"BOWKER ROAD","HEBER ROAD",1698.00,S,N,A,-,N,,,,,,,,,,Y,3,0,2,4,A,-,05,21650,,N,B,C,A,A,H,-,A,D,0,,,,,Y,,D,22,0,2,0,0,0,0,0,0,0,"- ","- ",32.728618621826172,-115.46501159667969,IMPERIAL,UNINCORPORATED,-115.46505737304688,32.725711822509766
90989861,2019,2019-05-16,9625,2019-05-07,1350,019886,,2,1,9,1300,0,2,4,,2,047,"FORRESTER ROAD","ROSS ROAD",0.00,,Y,A,-,N,,,,,,,,,,Y,2,0,1,2,A,-,09,21802,A,N,D,C,A,A,H,-,A,A,0,,,,Y,Y,,A,07,1,0,0,0,0,0,0,0,0,"- ","- ",,,IMPERIAL,UNINCORPORATED,-115.62064361572266,32.781421661376953
90989867,2019,2019-05-16,9625,2019-05-13,1520,018279,,1,2,9,1300,0,1,3,,2,053,"SR-111, S/B","EVAN HEWES HIGHWAY",200.00,N,N,A,-,Y,,,111,,,,,,S,N,4,0,1,2,A,-,03,22350,,N,C,C,A,A,H,-,A,A,0,,,,,Y,,A,01,0,0,1,0,0,0,0,0,0,"- ","- ",32.800498962402344,-115.50060272216797,IMPERIAL,UNINCORPORATED,-115.50054931640625,32.800498962402344
90991214,2019,2019-05-20,9625,2019-05-07,1736,019667,,2,2,9,1300,0,3,5,,2,050,"BOWKER ROAD","EVAN HEWES HIGHWAY",55.00,S,N,A,-,N,,,,,,,,,,Y,3,0,2,2,A,-,03,22350,,F,C,C,A,A,H,-,A,A,0,,,,,Y,,D,22,0,1,1,0,0,0,0,0,0,"- ","- ",32.8031005859375,-115.47379302978516,IMPERIAL,UNINCORPORATED,-115.47379302978516,32.803230285644531
90992237,2019,2019-05-20,9625,2019-05-09,0018,019668,,4,3,9,1300,0,3,5,,2,010,"BRANDT ROAD","RUEGGER ROAD",1584.00,S,N,A,-,N,,,,,,,,,,Y,3,0,2,2,A,-,01,23152,A,N,A,E,A,A,H,-,D,D,0,,,,,Y,Y,A,07,0,2,0,0,0,0,0,0,0,"- ","- ",33.091781616210938,-115.56259918212891,IMPERIAL,UNINCORPORATED,-115.56259155273438,33.092269897460938
90993489,2019,2019-05-22,9625,2019-05-11,1031,017727,,6,1,9,1300,0,1,1,,2,004,"I-8 (W/B)","DREW ROAD",2010.00,W,N,A,-,Y,,,8,,,,,,,Y,4,0,2,1,A,-,03,22350,,N,A,E,A,A,H,-,A,D,0,,,,,Y,,A,01,0,0,2,0,0,0,0,0,0,"- ","- ",32.774101257324219,-115.69039916992188,IMPERIAL,UNINCORPORATED,-115.69039916992188,32.774120330810547
90994124,2019,2019-05-22,9625,2019-05-12,2141,022010,,7,2,9,1300,0,3,5,,2,020,"MAIN STREET W/B","LYERLY ROAD",0.00,,Y,A,-,N,,,,,,,,,,Y,4,0,2,2,A,-,03,22350,,N,D,C,A,A,H,-,C,D,0,,,,,Y,,A,07,0,0,2,0,0,0,0,0,0,"- ","- ",33.125621795654297,-115.52770233154297,IMPERIAL,UNINCORPORATED,-115.52777099609375,33.125740051269531
90994132,2019,2019-05-22,9625,2019-05-11,1030,017727,,6,1,9,1300,0,1,1,,2,004,"I-8 (W/B)","DREW ROAD",1750.00,W,N,A,-,Y,,,8,,,,,,,Y,4,0,2,1,A,-,08,22107,,N,F,I,A,A,H,-,A,D,0,,,,Y,Y,,G,27,0,0,2,0,0,0,0,0,0,"- ","- ",32.774101257324219,-115.6968994140625,IMPERIAL,UNINCORPORATED,-115.6968994140625,32.774116516113281
90995789,2019,2019-05-24,9625,2019-05-14,2022,019668,,2,2,9,1300,0,1,3,,1,011,"STATE ROUTE 86 NORTHBOUND","BRANDT ROAD",735.00,N,N,A,-,Y,,,86,,,,,,N,N,2,0,1,2,D,-,00,,,F,G,B,E,A,H,-,C,D,0,Y,,,,Y,,-,"- ",1,0,0,0,1,0,0,0,0,"- ","- ",32.979240417480469,-115.56398773193359,IMPERIAL,UNINCORPORATED,-115.56398773193359,32.979148864746094
90997571,2019,2019-05-28,9625,2019-05-16,1345,016248,,4,1,9,1300,0,3,5,,2,050,"WILLOUGHBY ROAD","WARE ROAD",114.00,E,N,A,-,N,,,,,,,,,,Y,2,0,1,1,A,-,08,22107,,N,E,I,A,A,H,-,A,D,0,,,,,Y,,A,07,1,0,0,0,0,0,0,0,0,"- ","- ",32.708438873291016,-115.52503204345703,IMPERIAL,UNINCORPORATED,-115.52504730224609,32.708503723144531
90998139,2019,2019-05-29,9625,2019-05-18,1830,018279,,6,2,9,1300,0,1,1,,2,001,"I-8, E/B",SR-98,12144.00,W,N,A,G,Y,,,8,,,,,,E,Y,3,0,2,1,A,-,08,22107,,N,F,A,A,A,H,-,A,D,0,,,,,Y,,D,22,0,1,1,0,0,0,0,0,0,"- ","- ",32.711750030517578,-116.05393218994141,IMPERIAL,UNINCORPORATED,-116.05410766601562,32.711807250976562
90998521,2019,2019-05-29,9625,2019-05-20,0251,020054,,1,3,9,1300,0,3,5,,2,050,"MCCABE ROAD",SR-111,2376.00,W,N,A,-,N,,,,,,,,,,Y,4,0,1,1,A,-,08,22107,,N,E,I,A,A,H,-,D,D,0,,,,,Y,,A,07,0,0,1,0,0,0,0,0,0,"- ","- ",32.752399444580078,-115.50849151611328,IMPERIAL,UNINCORPORATED,-115.508544921875,32.752510070800781
90999280,2019,2019-05-30,9625,2019-05-23,1645,020263,,4,2,9,1300,0,3,5,,2,040,"ANZA ROAD","HAMMERS ROAD",200.00,E,N,A,-,N,,,,,,,,,,Y,3,0,1,2,A,-,01,23152,A,N,B,C,A,A,H,-,A,D,0,,,,,Y,Y,A,07,0,1,0,0,0,0,0,0,0,"- ","- ",32.664539337158203,-115.55030059814453,IMPERIAL,UNINCORPORATED,-115.55039215087891,32.664535522460938
90999507,2019,2019-05-30,9625,2019-05-30,0950,016489,,4,1,9,1300,0,1,3,,2,053,"SR-111, S/B","MCCABE ROAD",665.00,N,N,A,-,Y,,,111,,,,,,S,Y,4,0,1,2,A,-,03,22350,,N,C,C,A,A,H,-,A,A,0,,,,,Y,,A,01,0,0,1,0,0,0,0,0,0,"- ","- ",32.754329681396484,-115.50086975097656,IMPERIAL,UNINCORPORATED,-115.50078582763672,32.754329681396484
91001690,2019,2019-06-03,9625,2019-05-21,0748,013627,,2,1,9,1300,0,3,5,,2,050,"BOWKER ROAD","EVAN HEWES HWY",0.00,,Y,B,G,N,,,,,,,,,,Y,4,0,1,2,A,-,09,21802,A,N,D,C,A,A,H,-,A,D,0,,,,,Y,,A,01,0,0,1,0,0,0,0,0,0,"- ","- ",32.803230285644531,-115.47377014160156,IMPERIAL,UNINCORPORATED,-115.47379302978516,32.803379058837891
91003331,2019,2019-06-04,9625,2019-05-24,0700,020111,,5,1,9,1300,0,2,4,,2,046,"DOGWOOD ROAD","RALPH ROAD",1200.00,N,N,A,-,N,,,,,,,,,,Y,4,0,1,1,A,-,08,22107,,N,E,I,A,A,H,-,A,A,0,,,,,Y,,A,01,0,0,1,0,0,0,0,0,0,"- ","- ",32.873249053955078,-115.53566741943359,IMPERIAL,UNINCORPORATED,-115.53556823730469,32.872428894042969
91003748,2019,2019-06-05,9625,2019-04-22,2500,020516,,1,4,9,1300,0,1,1,,2,001,"I-8, E/B","STATE ROUTE 98",8606.00,W,N,A,-,Y,,,8,,,,,,E,Y,1,1,0,1,A,-,08,22107,,N,F,I,A,A,H,-,D,D,0,,,,,Y,Y,A,07,0,0,0,0,0,0,0,0,0,"- ","- ",32.720268249511719,-116.04685211181641,IMPERIAL,UNINCORPORATED,-116.04682159423828,32.720211029052734
91003782,2019,2019-06-05,9625,2019-05-26,0115,021107,,7,3,9,1300,0,3,5,,2,010,"AUSTIN ROAD","KEYSTONE ROAD",5174.00,N,N,A,-,N,,,,,,,,,,Y,2,0,1,1,A,-,08,22107,,N,E,J,A,A,H,-,C,D,0,,,,,Y,,A,01,1,0,0,0,0,0,0,0,0,"- ","- ",32.926471710205078,-115.59483337402344,IMPERIAL,UNINCORPORATED,-115.59468078613281,32.9266357421875
91004018,2019,2019-06-05,9625,2019-04-09,1655,017809,,2,2,9,1300,0,3,5,,2,010,"S-22 (BORREGO SALTON SEA WAY)","SAN DIEGO COUNTY LINE",11246.00,E,N,G,-,N,,,,,,,,,,Y,1,2,0,1,A,-,03,22350,,N,F,A,A,A,H,-,A,A,0,,,Y,,Y,,C,02,0,0,0,0,0,0,0,2,0,"- ","- ",33.275360107421875,-116.04093170166016,IMPERIAL,UNINCORPORATED,-116.04703521728516,33.274696350097656
91004951,2019,2019-06-06,9620,2019-06-02,1915,018290,,7,2,9,1300,0,1,3,,1,063,SR-78,"BLACK MOUNTAIN ROAD",13728.00,E,N,A,-,Y,,,78,,,,,,,Y,3,0,1,1,A,-,01,23152,A,N,E,I,A,A,H,-,A,D,0,,,,,Y,Y,D,22,0,1,0,0,0,0,0,0,0,"- ","- ",33.156970977783203,-114.86895751953125,IMPERIAL,UNINCORPORATED,-114.86891174316406,33.156970977783203
91005873,2019,2019-06-07,9620,2019-05-30,1717,020738,,4,2,9,1300,0,1,3,,1,062,SR-186,"I-8 EASTBOUND",6864.00,S,N,A,-,Y,,,186,,,,,,,Y,3,0,5,2,A,-,03,22350,,N,C,C,A,A,H,-,A,D,0,,,,,Y,,D,22,0,2,3,0,0,0,0,0,0,"- ","- ",32.726810455322266,-114.72128295898438,IMPERIAL,UNINCORPORATED,-114.72115325927734,32.726699829101562
91006049,2019,2019-06-10,9625,2019-05-29,1805,019667,,3,2,9,1300,0,1,3,,1,054,"SOUTHBOUND STATE ROUTE 111","HARRIS ROAD",550.00,S,N,A,-,Y,,,111,,,,,,,Y,2,0,1,1,A,-,08,22107,,N,F,I,A,A,H,-,A,D,0,,,,,Y,,A,07,1,0,0,0,0,0,0,0,0,"- ","- ",32.882061004638672,-115.50933074951172,IMPERIAL,UNINCORPORATED,-115.5091552734375,32.882061004638672
91006051,2019,2019-06-10,9625,2019-06-01,2204,020054,,6,3,9,1300,0,1,3,,2,052,SR-98,"BONDS CORNER ROAD",5174.00,E,N,A,-,Y,,,98,,,,,,,Y,2,0,1,1,A,-,01,23152,F,N,F,A,A,A,H,-,D,D,0,,,,,Y,,A,07,1,0,0,0,0,0,0,0,0,"- ","- ",32.694190979003906,-115.31999969482422,IMPERIAL,UNINCORPORATED,-115.31999969482422,32.694206237792969
9101020,2020,2020-08-11,1304,2020-05-27,1140,359,,3,5,4,1304,0,0,0,,0,,"ROSS AV",FAIRFIELD,0.00,W,N,A,-,N,,,,,,,,,,Y,4,0,1,2,A,-,06,21754,,N,D,C,A,A,H,-,A,A,0,,,,Y,Y,,A,01,0,0,1,0,0,0,0,0,0,"- ","- ",,,IMPERIAL,"EL CENTRO",-115.54170227050781,32.781501770019531
91010744,2019,2019-06-17,9625,2019-06-04,1445,019035,,2,2,9,1300,0,1,3,,2,053,"STATE ROUTE 111 NORTHBOUND","HEBER ROAD",3968.00,N,N,A,-,Y,,,111,,,,,,N,N,4,0,1,1,A,-,03,22350,,N,F,A,A,A,D,H,A,D,0,,,Y,,Y,,C,02,0,0,1,0,0,0,0,0,1,"- ","- ",32.74169921875,-115.50039672851562,IMPERIAL,UNINCORPORATED,-115.50060272216797,32.741695404052734
91013370,2019,2019-06-19,9620,2019-06-16,2031,019582,Quech,7,2,9,1300,0,2,4,,1,075,"SAN PASCUAL SCHOOL RD","BASE LINE RD",1795.00,W,N,A,-,N,,,,,,,,,,N,3,0,1,2,A,-,11,21956,,N,G,B,E,A,H,-,D,D,0,Y,,,,Y,Y,N,60,0,1,0,0,1,0,0,0,0,"- ","- ",32.745529174804688,-114.60466003417969,IMPERIAL,UNINCORPORATED,-114.60463714599609,32.745498657226562
91013385,2019,2019-06-19,9625,2019-06-08,0245,020111,,6,3,9,1300,0,1,3,,1,021,SR-111,"FREDERICKS ROAD",120.00,N,N,A,-,Y,,,111,,,,,,,Y,2,0,1,1,A,-,08,22107,,N,F,A,A,A,H,-,D,A,0,,,,,Y,,A,01,1,0,0,0,0,0,0,0,0,"- ","- ",33.005489349365234,-115.52661895751953,IMPERIAL,UNINCORPORATED,-115.52654266357422,33.005489349365234
91013722,2019,2019-06-27,9625,2019-06-07,1520,019667,,5,2,9,1300,0,1,3,,2,056,"STATE ROUTE 115","ALAMO ROAD",0.00,,Y,A,-,Y,,,115,,,,,,,Y,2,0,3,2,A,-,09,21802,A,N,D,C,A,A,H,-,A,A,0,,,,,Y,,D,22,3,0,0,0,0,0,0,0,0,"- ","- ",32.818359375,-115.40614318847656,IMPERIAL,UNINCORPORATED,-115.40613555908203,32.818359375
91014004,2019,2019-06-20,9625,2019-06-04,0708,017432,,2,1,9,1300,1,1,3,,2,058,"STATE ROUTE 86","HEFFERNAN ROAD",415.00,E,N,A,-,Y,,,86,,,,,,,N,4,0,2,2,A,-,03,22350,,N,C,C,A,A,H,-,A,D,0,,,,,Y,,A,07,0,0,2,0,0,0,0,0,0,"- ","- ",32.730690002441406,-115.52613830566406,IMPERIAL,UNINCORPORATED,-115.52613830566406,32.730709075927734
91014632,2019,2019-06-20,9625,2019-06-10,1425,019035,,1,2,9,1300,0,1,1,,2,003,"I-8 EASTBOUND","SILSBEE ROAD",4252.00,W,N,A,-,Y,,,8,,,,,,E,Y,2,0,2,1,A,-,08,22107,,N,E,I,A,A,H,-,A,D,0,,,,,Y,,A,01,2,0,0,0,0,0,0,0,0,"- ","- ",32.773700714111328,-115.6614990234375,IMPERIAL,UNINCORPORATED,-115.6614990234375,32.773799896240234
91015357,2019,2019-06-21,9625,2019-06-17,0200,020111,,1,3,9,1300,0,1,1,,2,001,"I-8 E/B","MOUNTAIN SPRINGS ROAD",4176.00,W,N,A,-,Y,,,8,,,,,,E,Y,2,0,1,1,A,-,08,22107,,N,E,I,A,A,H,-,D,D,0,,,,,Y,,A,07,1,0,0,0,0,0,0,0,0,"- ","- ",32.671848297119141,-116.10588836669922,IMPERIAL,UNINCORPORATED,-116.10588073730469,32.671855926513672
91017857,2019,2019-06-26,9625,2019-06-20,2210,021107,,4,3,9,1300,0,3,5,,2,050,"ROSS ROAD","BASS COVE ROAD",350.00,E,N,A,G,N,,,,,,,,,,Y,2,0,1,2,A,-,08,22107,,F,E,I,A,A,H,-,D,D,0,,,Y,,Y,,-,99,1,0,0,0,0,0,0,0,1,"- ","- ",32.781509399414062,-115.52018737792969,IMPERIAL,UNINCORPORATED,-115.52019500732422,32.781490325927734
91018027,2019,2019-06-26,9625,2019-06-14,0605,017055,,5,1,9,1300,0,1,3,,1,011,"SR-86 (N/B)","LACK ROAD",0.00,,Y,A,-,Y,,,86,,,,,,,Y,3,0,1,2,A,-,09,21803,A,N,D,C,A,A,H,-,A,A,0,,,,,Y,,A,01,0,1,0,0,0,0,0,0,0,"- ","- ",33.037418365478516,-115.64742279052734,IMPERIAL,UNINCORPORATED,-115.64742279052734,33.037391662597656
91021324,2019,2019-07-01,9620,2019-06-23,1310,020738,Quech,7,1,9,1300,0,3,5,,2,070,"BASELINE RD","COCOPAH CANAL",68.00,S,N,A,-,N,,,,,,,,,,Y,4,0,1,2,A,-,05,21460,A,N,A,C,A,A,H,-,A,D,0,,,,,Y,,A,07,0,0,1,0,0,0,0,0,0,"- ","- ",32.742549896240234,-114.59880828857422,IMPERIAL,UNINCORPORATED,-114.59880828857422,32.742378234863281
91021707,2019,2019-07-01,9625,2019-06-20,2320,022010,,4,3,9,1300,0,1,1,,2,005,"I-8 E/B",SR-98,2957.00,W,N,A,-,Y,,,8,,,,,,E,Y,4,0,1,1,A,-,08,22107,,N,E,I,A,A,D,-,D,D,0,,,,,Y,,A,07,0,0,1,0,0,0,0,0,0,"- ","- ",32.713581085205078,-115.09844970703125,IMPERIAL,UNINCORPORATED,-115.09850311279297,32.713417053222656
91023244,2019,2019-07-02,9625,2019-06-30,1214,018207,,7,1,9,1300,0,1,1,,2,001,"I-8 E/B","IN-KO-PAH PARK RD",5280.00,E,N,A,-,Y,,,8,,,,,,E,Y,2,0,2,1,C,-,18,,,N,E,J,A,A,H,-,A,D,0,,,,,Y,,-,"- ",1,1,0,0,0,0,0,0,0,"- ","- ",32.658859252929688,-116.09745788574219,IMPERIAL,UNINCORPORATED,-116.09745025634766,32.658866882324219
91023779,2019,2019-07-03,9625,2019-06-26,2112,019668,,3,2,9,1300,0,1,3,,2,043,"STATE ROUTE 86 S/B","MCCABE ROAD",0.00,,Y,A,-,Y,,,86,,,,,,S,Y,3,0,2,2,A,-,12,21453,A,N,D,C,A,A,H,-,C,A,0,,,,,Y,,A,01,0,2,0,0,0,0,0,0,0,"- ","- ",32.752361297607422,-115.55181884765625,IMPERIAL,UNINCORPORATED,-115.55187225341797,32.752357482910156
91025211,2019,2019-07-05,9620,2019-07-02,0650,016222,,2,1,9,1300,0,2,4,,1,061,"OGILBY RD","STATE ROUTE 78",0.00,,Y,A,-,Y,,,,,,,,,,Y,3,0,1,1,A,-,12,22450,A,N,E,I,A,A,H,-,A,A,0,,,,,Y,,A,01,0,1,0,0,0,0,0,0,0,"- ","- ",33.085498809814453,-114.91120147705078,IMPERIAL,UNINCORPORATED,-114.91136169433594,33.085491180419922
91026643,2019,2019-07-08,9625,2019-06-28,0242,021107,,5,3,9,1300,0,1,3,,1,044,SR-86,"LARSEN ROAD",0.00,,Y,A,-,Y,,,86,,,,,,,Y,2,0,3,2,A,-,01,23152,A,N,D,C,A,A,H,-,D,A,0,,,,,Y,Y,A,01,2,1,0,0,0,0,0,0,0,"- ","- ",32.876468658447266,-115.57015991210938,IMPERIAL,UNINCORPORATED,-115.57023620605469,32.876468658447266
91026650,2019,2019-07-08,9625,2019-06-28,1553,018279,,5,2,9,1300,0,1,3,,1,011,"SR-86, S/B","BARTH RD",2112.00,S,N,A,-,Y,,,86,,,,,,S,Y,3,0,1,1,A,-,01,23152,A,N,E,I,A,A,H,-,A,D,0,,,,,Y,Y,A,07,0,1,0,0,0,0,0,0,0,"- ","- ",33.08599853515625,-115.76419830322266,IMPERIAL,UNINCORPORATED,-115.76417541503906,33.086029052734375
91026675,2019,2019-07-08,9625,2019-06-29,0450,020516,,6,3,9,1300,0,1,3,,1,012,"N/B SR-86","BRAWLEY AVENUE",1263.00,N,N,B,-,Y,,,86,,,,,,,Y,3,0,1,1,A,-,08,22107,,N,F,A,A,A,H,-,D,D,0,,,,,Y,,A,08,0,1,0,0,0,0,0,0,0,"- ","- ",33.377578735351562,-116.02770233154297,IMPERIAL,UNINCORPORATED,-116.02760314941406,33.377662658691406
91027695,2019,2019-07-09,9625,2019-06-28,1938,018464,,5,2,9,1300,0,1,3,,1,011,"SR-86 (N/B)","KALIN ROAD",0.00,,Y,A,-,Y,,,86,,,,,,,Y,4,0,2,2,A,-,09,21803,A,N,D,C,A,A,H,-,A,A,0,,,,,Y,,A,01,0,0,2,0,0,0,0,0,0,"- ","- ",32.985000610351562,-115.57803344726562,IMPERIAL,UNINCORPORATED,-115.57798004150391,32.985042572021484
91028552,2019,2019-07-10,9625,2019-07-06,0455,020054,,6,3,9,1300,0,1,3,,2,053,"SR-111 S/B","MCCABE ROAD",162.00,N,N,A,-,Y,,,111,,,,,,S,Y,3,0,1,2,A,-,01,23152,A,N,C,C,A,A,H,-,B,A,0,,,,,Y,Y,A,07,0,1,0,0,0,0,0,0,0,"- ","- ",32.752891540527344,-115.50084686279297,IMPERIAL,UNINCORPORATED,-115.50076293945312,32.752891540527344
91029045,2019,2019-07-11,9625,2019-07-01,2035,018930,,1,2,9,1300,0,1,3,,2,053,"SR-111, S/B","MCCABE ROAD",1290.00,N,N,A,-,Y,,,111,,,,,,S,Y,2,0,3,3,A,-,03,22350,,N,C,C,A,A,H,-,B,D,0,,,,,Y,,A,01,1,0,2,0,0,0,0,0,0,"- ","- ",32.757400512695312,-115.50099945068359,IMPERIAL,UNINCORPORATED,-115.50082397460938,32.757400512695312
91029302,2019,2019-07-11,9625,2019-07-07,1447,019668,,7,2,9,1300,0,1,1,,2,005,"INTERSTATE 8 E/B",SR-115,998.00,W,N,A,-,Y,,,8,,,,,,E,Y,3,0,1,3,A,-,03,22350,,N,C,C,A,A,H,-,A,D,0,,,,,Y,,A,07,0,1,0,0,0,0,0,0,0,"- ","- ",32.773239135742188,-115.28875732421875,IMPERIAL,UNINCORPORATED,-115.28875732421875,32.773162841796875
91030644,2019,2019-07-15,9625,2019-07-06,1540,019667,,6,2,9,1300,0,3,5,,2,040,"BROCKMAN ROAD","LYONS ROAD",0.00,,Y,A,-,N,,,,,,,,,,Y,3,0,6,3,A,-,09,21802,A,N,D,C,A,A,H,-,A,A,0,,,,,Y,,A,01,0,1,5,0,0,0,0,0,0,"- ","- ",32.716098785400391,-115.63803863525391,IMPERIAL,UNINCORPORATED,-115.63777923583984,32.716068267822266
91031063,2019,2019-07-15,9625,2019-05-01,2315,022010,,3,3,9,1300,0,1,3,,2,024,"SR-78 W/B","BUTTERS ROAD",2112.00,E,N,A,-,Y,,,78,,,,,,W,Y,1,1,1,2,A,-,01,23152,G,N,A,C,A,A,H,-,D,D,0,,,,Y,Y,Y,D,22,0,0,1,0,0,0,0,0,0,"- ","- ",32.974510192871094,-115.36459350585938,IMPERIAL,UNINCORPORATED,-115.36459350585938,32.97467041015625
91032193,2019,2019-07-17,9625,2019-07-14,0035,020111,,7,3,9,1300,0,3,5,,2,040,"LA BRUCHERIE ROAD","VAN DER POEL ROAD",280.00,S,N,A,-,N,,,,,,,,,,Y,2,0,2,2,A,-,08,22107,,N,B,C,A,A,H,-,D,D,0,,,,,Y,,A,01,1,0,1,0,0,0,0,0,0,"- ","- ",32.737319946289062,-115.57766723632812,IMPERIAL,UNINCORPORATED,-115.57764434814453,32.737224578857422
91032961,2019,2019-07-18,9625,2019-07-07,1155,018773,,7,1,9,1300,0,1,3,,2,052,SR-98,SR-7,0.00,,Y,A,-,Y,,,98,,,,,,,Y,3,0,2,2,A,-,12,21453,A,N,D,C,A,A,H,-,A,A,0,,,,,Y,,J,48,0,1,1,0,0,0,0,0,0,"- ","- ",32.693771362304688,-115.37918090820312,IMPERIAL,UNINCORPORATED,-115.37918090820312,32.693775177001953