CASE_ID,ACCIDENT_YEAR,PROC_DATE,JURIS,COLLISION_DATE,COLLISION_TIME,OFFICER_ID,REPORTING_DISTRICT,DAY_OF_WEEK,CHP_SHIFT,POPULATION,CNTY_CITY_LOC,SPECIAL_COND,BEAT_TYPE,CHP_BEAT_TYPE,CITY_DIVISION_LAPD,CHP_BEAT_CLASS,BEAT_NUMBER,PRIMARY_RD,SECONDARY_RD,DISTANCE,DIRECTION,INTERSECTION,WEATHER_1,WEATHER_2,STATE_HWY_IND,CALTRANS_COUNTY,CALTRANS_DISTRICT,STATE_ROUTE,ROUTE_SUFFIX,POSTMILE_PREFIX,POSTMILE,LOCATION_TYPE,RAMP_INTERSECTION,SIDE_OF_HWY,TOW_AWAY,COLLISION_SEVERITY,NUMBER_KILLED,NUMBER_INJURED,PARTY_COUNT,PRIMARY_COLL_FACTOR,PCF_CODE_OF_VIOL,PCF_VIOL_CATEGORY,PCF_VIOLATION,PCF_VIOL_SUBSECTION,HIT_AND_RUN,TYPE_OF_COLLISION,MVIW,PED_ACTION,ROAD_SURFACE,ROAD_COND_1,ROAD_COND_2,LIGHTING,CONTROL_DEVICE,CHP_ROAD_TYPE,PEDESTRIAN_ACCIDENT,BICYCLE_ACCIDENT,MOTORCYCLE_ACCIDENT,TRUCK_ACCIDENT,NOT_PRIVATE_PROPERTY,ALCOHOL_INVOLVED,STWD_VEHTYPE_AT_FAULT,CHP_VEHTYPE_AT_FAULT,COUNT_SEVERE_INJ,COUNT_VISIBLE_INJ,COUNT_COMPLAINT_PAIN,COUNT_PED_KILLED,COUNT_PED_INJURED,COUNT_BICYCLIST_KILLED,COUNT_BICYCLIST_INJURED,COUNT_MC_KILLED,COUNT_MC_INJURED,PRIMARY_RAMP,SECONDARY_RAMP,LATITUDE,LONGITUDE,COUNTY,CITY,POINT_X,POINT_Y
91035620,2019,2019-07-23,9620,2019-07-16,2159,018468,,2,2,9,1300,0,1,1,,2,081,"INTERSTATE 8 (W/B)","BROCK REASEARCH CENTER ROAD",11088.00,E,N,A,-,Y,,,8,,,,,,,Y,4,0,2,2,A,-,03,22350,,N,C,C,A,A,H,-,D,D,0,,,,,Y,,A,01,0,0,2,0,0,0,0,0,0,"- ","- ",32.708160400390625,-114.99897766113281,IMPERIAL,UNINCORPORATED,-114.99897766113281,32.708091735839844
91037090,2019,2019-07-24,9625,2019-07-18,0010,020263,,4,3,9,1300,0,1,1,,2,002,"I-8 W/B",SR-98,22176.00,W,N,A,-,Y,,,8,,,,,,W,Y,2,0,3,1,A,-,08,22107,,N,F,A,A,A,H,-,D,D,0,,,,,Y,,A,01,1,2,0,0,0,0,0,0,0,"- ","- ",32.706748962402344,-116.06603240966797,IMPERIAL,UNINCORPORATED,-116.06589508056641,32.706657409667969
91039794,2019,2019-07-26,9625,2019-07-21,1846,019668,,7,2,9,1300,0,2,4,,2,046,"DOGWOOD ROAD","WILLOUGHBY ROAD",1174.00,S,N,A,-,N,,,,,,,,,,Y,4,0,2,1,A,-,03,22350,,N,F,A,A,A,H,-,A,D,0,,,Y,,Y,,C,02,0,0,2,0,0,0,0,0,2,"- ","- ",32.705188751220703,-115.53402709960938,IMPERIAL,UNINCORPORATED,-115.53407287597656,32.705242156982422
9104008,2020,2020-10-21,1304,2020-05-05,1755,320,EAST,2,5,4,1304,0,0,0,,0,EAST,"4TH ST","DESERT GARDENS DR",0.00,,Y,A,-,Y,IMP,11,86,-,-,6.499,I,5,N,N,3,0,1,2,A,-,09,21802,A,N,D,G,A,A,H,-,A,A,0,,Y,,,Y,,A,01,0,1,0,0,0,0,1,0,0,"- ","- ",,,IMPERIAL,"EL CENTRO",-115.55242919921875,32.780948638916016
91040521,2019,2019-07-29,9625,2019-07-23,1636,018792,,2,2,9,1300,0,3,5,,2,040,"WORTHINGTON ROAD","HALL ROAD",3907.00,W,N,A,-,N,,,,,,,,,,Y,4,0,1,2,A,-,03,22350,,N,C,C,A,A,H,-,A,D,0,,,,,Y,,A,08,0,0,1,0,0,0,0,0,0,"- ","- ",32.847381591796875,-115.68502807617188,IMPERIAL,UNINCORPORATED,-115.68494415283203,32.847347259521484
91042010,2019,2019-09-19,9620,2019-07-25,1615,017051,,4,2,9,1300,0,1,1,,2,081,"I8 WB","GORDONS WELL RD",15840.00,E,N,A,-,Y,,,,,,,,,,Y,1,1,0,1,A,-,08,22107,,N,E,I,A,A,H,-,A,D,0,,,,,Y,,D,22,0,0,0,0,0,0,0,0,0,"- ","- ",32.697540283203125,-114.90096282958984,IMPERIAL,UNINCORPORATED,,
91044347,2019,2019-08-02,9625,2019-07-27,0835,018279,,6,1,9,1300,0,1,3,,1,044,"SR-86, S/B","AUSTIN RD",1584.00,N,N,A,-,Y,,,86,,,,,,S,Y,3,0,1,1,A,-,08,22107,,N,F,A,A,A,H,-,A,D,0,,,,,Y,,A,01,0,1,0,0,0,0,0,0,0,"- ","- ",32.95220947265625,-115.56336212158203,IMPERIAL,UNINCORPORATED,-115.56325531005859,32.951950073242188
91045311,2019,2019-08-05,9625,2019-07-30,0932,018464,,2,1,9,1300,0,1,3,,1,012,SR-86,"NORM NIVER ROAD",66.00,N,N,A,-,Y,,,86,,,,,,,Y,4,0,1,1,C,-,18,,,N,E,I,A,A,H,-,A,D,0,,,,,Y,,-,"- ",0,0,1,0,0,0,0,0,0,"- ","- ",33.357578277587891,-116.01905059814453,IMPERIAL,UNINCORPORATED,-116.01890563964844,33.357624053955078
91046921,2019,2019-08-07,9625,2019-07-28,0830,018773,,7,1,9,1300,0,2,4,,2,045,"EVAN HEWES HIGHWAY","JOHNSON LANE",42.00,E,N,A,-,N,,,,,,,,,,Y,3,0,1,1,A,-,01,23152,A,N,E,I,A,A,H,-,A,D,0,,,,,Y,Y,A,01,0,1,0,0,0,0,0,0,0,"- ","- ",32.796600341796875,-115.61190032958984,IMPERIAL,UNINCORPORATED,-115.61193084716797,32.796588897705078
91046958,2019,2019-08-07,9625,2019-07-30,0854,013627,,2,1,9,1300,0,1,3,,1,054,"STATE ROUTE 111 SOUTHBOUND","WORTHINGTON ROAD",113.00,N,N,B,-,Y,,,111,,,,,,S,N,4,0,1,2,A,-,03,22350,,N,C,C,A,A,H,-,A,A,0,,,,,Y,,D,22,0,0,1,0,0,0,0,0,0,"- ","- ",32.847728729248047,-115.50791931152344,IMPERIAL,UNINCORPORATED,-115.50778961181641,32.8477783203125
91047826,2019,2019-08-08,9625,2019-08-02,2308,021107,,5,3,9,1300,0,3,5,,2,020,"BUTTERS ROAD","JONES ROAD",30.00,N,N,A,-,N,,,,,,,,,,Y,3,0,1,1,A,-,08,22107,,N,E,I,A,A,H,-,D,D,0,,,,,Y,,D,22,0,1,0,0,0,0,0,0,0,"- ","- ",33.015499114990234,-115.37168884277344,IMPERIAL,UNINCORPORATED,-115.37135314941406,33.015529632568359
91048818,2019,2019-08-09,9625,2019-08-04,1820,019225,,7,2,9,1300,0,1,1,,2,003,"I-8 E/B","DUNAWAY ROAD",5280.00,E,N,A,-,Y,,,8,,,,,,E,Y,2,0,2,1,A,-,08,22107,,N,F,A,A,A,H,-,A,D,0,,,,,Y,,D,22,2,0,0,0,0,0,0,0,0,"- ","- ",32.771800994873047,-115.78524780273438,IMPERIAL,UNINCORPORATED,-115.78525543212891,32.771842956542969
91049932,2019,2019-08-12,9625,2019-08-05,1115,017727,,1,1,9,1300,0,3,5,,2,010,"KALIN ROAD","BOARTS ROAD",360.00,N,N,A,-,N,,,,,,,,,,Y,4,0,1,1,A,-,08,22107,,N,E,I,A,A,H,-,A,D,0,,,,,Y,,A,01,0,0,1,0,0,0,0,0,0,"- ","- ",33.038200378417969,-115.57839965820312,IMPERIAL,UNINCORPORATED,-115.57852935791016,33.038253784179688
91050957,2019,2019-08-13,9625,2019-08-04,2356,019668,,7,3,9,1300,0,1,3,,1,044,"STATE ROUTE 86 S/B","KEYSTONE ROAD",0.00,,Y,A,-,Y,,,86,,,,,,S,Y,4,0,2,2,A,-,01,23152,A,N,C,C,A,A,H,-,C,A,0,,,,,Y,Y,A,01,0,0,2,0,0,0,0,0,0,"- ","- ",32.912601470947266,-115.57013702392578,IMPERIAL,UNINCORPORATED,-115.57006072998047,32.912605285644531
91052956,2019,2019-08-15,9625,2019-08-07,1015,017727,,3,1,9,1300,0,1,3,,1,012,"SR-86 (S/B)","SOUTH MARINA DRIVE",0.00,,Y,A,-,Y,,,86,,,,,,,Y,4,0,2,2,A,-,12,21453,A,N,D,C,A,A,H,-,A,A,0,,,,,Y,,A,07,0,0,2,0,0,0,0,0,0,"- ","- ",33.279098510742188,-115.96440124511719,IMPERIAL,UNINCORPORATED,-115.96439361572266,33.279102325439453
91053800,2019,2019-08-16,9625,2019-08-14,1611,020054,,3,2,9,1300,0,2,4,,2,045,"EVAN HEWES HIGHWAY","BROWN ROAD",841.00,E,N,A,-,N,,,,,,,,,,Y,4,0,1,2,A,-,03,22350,,N,C,C,A,A,D,-,A,A,0,,,,,Y,,A,01,0,0,1,0,0,0,0,0,0,"- ","- ",32.791061401367188,-115.77162933349609,IMPERIAL,UNINCORPORATED,-115.77178955078125,32.791084289550781
91053821,2019,2019-08-16,9625,2019-08-07,0645,018773,,3,1,9,1300,0,3,5,,2,040,"WAHL ROAD","CLARK ROAD",3168.00,W,N,A,-,N,,,,,,,,,,Y,3,0,1,1,A,-,08,22107,,N,E,I,A,A,H,-,A,D,0,,,,,Y,,A,01,0,1,0,0,0,0,0,0,0,"- ","- ",32.723480224609375,-115.57109832763672,IMPERIAL,UNINCORPORATED,-115.57049560546875,32.723411560058594
91057666,2019,2019-08-22,9625,2019-08-13,1100,016248,,2,1,9,1300,0,1,3,,2,053,"SR-111 N/B","MCCABE ROAD",359.00,S,N,A,-,Y,,,111,,,,,,N,Y,4,0,1,2,A,-,03,22350,,N,C,C,A,A,H,-,A,A,0,,,,,Y,,D,22,0,0,1,0,0,0,0,0,0,"- ","- ",32.751468658447266,-115.50041961669922,IMPERIAL,UNINCORPORATED,-115.50074768066406,32.75146484375
91057800,2019,2019-08-22,9625,2019-08-18,2246,020111,,7,3,9,1300,0,2,4,,2,057,"EVAN HEWES HIGHWAY E/B","MCCONNELL ROAD",243.00,W,N,A,-,N,,,,,,,,,,Y,2,0,1,1,A,-,01,23152,A,N,F,A,A,A,H,-,C,D,0,,,,,Y,Y,A,01,1,0,0,0,0,0,0,0,0,"- ","- ",32.803070068359375,-115.48458099365234,IMPERIAL,UNINCORPORATED,-115.48477935791016,32.803276062011719
91058525,2019,2019-08-23,9625,2019-08-16,2015,019667,,5,2,9,1300,0,1,1,,2,003,"I-8 E/B","IMPERIAL HIGHWAY",29568.00,E,N,A,-,Y,,,8,,,,,,E,Y,4,0,1,2,A,-,07,21658,A,N,C,C,A,A,H,-,D,D,0,,,,,Y,,A,01,0,0,1,0,0,0,0,0,0,"- ","- ",32.751480102539062,-115.89906311035156,IMPERIAL,UNINCORPORATED,-115.89906311035156,32.751480102539062
91059127,2019,2019-08-26,9625,2019-08-20,1305,017809,,2,1,9,1300,0,3,5,,2,010,"BERING BOULEVARD","CHARON AVENUE",0.00,,Y,A,-,N,,,,,,,,,,Y,3,0,1,2,A,-,09,21800,A,N,D,C,A,A,H,-,A,D,0,,,,,Y,,A,01,0,1,0,0,0,0,0,0,0,"- ","- ",33.338520050048828,-115.96826934814453,IMPERIAL,UNINCORPORATED,-115.96849822998047,33.338611602783203
91059184,2019,2019-08-26,9625,2019-08-21,0511,021107,,3,3,9,1300,0,2,4,,2,047,"FORRESTER ROAD","HACKLEMAN ROAD",0.00,,Y,A,-,N,,,,,,,,,,Y,3,0,1,2,A,-,09,21802,A,N,D,C,A,A,H,-,D,A,0,,,,,Y,,A,01,0,1,0,0,0,0,0,0,0,"- ","- ",32.810989379882812,-115.62065124511719,IMPERIAL,UNINCORPORATED,-115.62065887451172,32.811100006103516
91061625,2019,2019-08-28,9620,2019-08-26,1253,019582,,1,1,9,1300,0,2,4,,1,061,"OGILBY RD","HYDUKE MINE RD.",1584.00,S,N,A,-,N,,,,,,,,,,Y,4,0,1,1,A,-,08,22107,,N,E,J,A,A,H,-,A,A,0,,,,,Y,,D,22,0,0,1,0,0,0,0,0,0,"- ","- ",32.9285888671875,-117.84293365478516,IMPERIAL,UNINCORPORATED,-114.84317779541016,32.928657531738281
91062694,2019,2019-08-29,9625,2019-06-07,0830,018279,,5,1,9,1300,0,1,1,,2,001,"I-8, E/B","IN-KO-PAH PARK RD.",1584.00,E,N,A,-,Y,,,8,,,,,,E,Y,1,1,2,1,A,-,08,22107,,N,F,A,A,A,H,-,A,D,0,,,,,Y,,A,07,2,0,0,0,0,0,0,0,0,"- ","- ",32.648601531982422,-116.10299682617188,IMPERIAL,UNINCORPORATED,-116.10311889648438,32.648704528808594
9106596,2020,2020-06-30,1301,2020-03-07,2019,00434,BRAW,6,5,3,1301,0,0,0,,0,0B2,"DOGWOOD RD","MONTEREY AV",212.00,S,N,A,-,N,,,,,,,,,,Y,2,0,2,2,A,-,08,22107,,N,D,C,A,A,H,-,D,D,0,,,,,Y,,A,01,1,0,1,0,0,0,0,0,0,"- ","- ",,,IMPERIAL,BRAWLEY,-115.53511047363281,32.962291717529297
91065965,2019,2019-09-03,9625,2019-08-21,1305,017727,,3,1,9,1300,0,1,3,,1,012,"SR-86 (S/B)","SOUTH MARINA DRIVE",0.00,,N,A,-,Y,,,86,,,,,,,Y,4,0,2,3,A,-,07,21658,A,N,C,C,A,A,H,-,A,A,0,,,,Y,Y,,D,22,0,0,2,0,0,0,0,0,0,"- ","- ",33.279399871826172,-115.964599609375,IMPERIAL,UNINCORPORATED,-115.96461486816406,33.279392242431641
91066004,2019,2020-02-18,9625,2019-08-21,1915,017432,,3,2,9,1300,0,3,5,,2,050,"BARBARA WORTH ROAD","HEBER ROAD",0.00,,Y,A,-,N,,,,,,,,,,Y,4,0,3,2,A,-,09,21802,A,N,D,C,A,A,H,-,D,A,0,,,,Y,Y,,A,01,0,0,3,0,0,0,0,0,0,"- ","- ",32.730060577392578,-115.43068695068359,IMPERIAL,UNINCORPORATED,-115.43087768554688,32.730239868164062
91066047,2019,2019-09-03,9625,2019-08-24,1638,020054,,6,2,9,1300,0,3,5,,2,020,"WILKINS ROAD","MAIN STREET",3168.00,N,N,A,-,N,,,,,,,,,,Y,3,0,1,1,A,-,08,22107,,N,E,I,A,A,H,-,A,D,0,,,,,Y,,D,22,0,1,0,0,0,0,0,0,0,"- ","- ",33.248039245605469,-115.510498046875,IMPERIAL,UNINCORPORATED,-115.51039886474609,33.248054504394531
91067195,2019,2019-09-04,9625,2019-08-26,2251,019668,,1,3,9,1300,0,2,4,,2,046,"DOGWOOD ROAD","FAWCETT ROAD",2469.00,S,N,A,-,N,,,,,,,,,,Y,3,0,1,1,A,-,08,22107,,N,F,A,A,A,H,-,D,D,0,,,,,Y,,A,01,0,1,0,0,0,0,0,0,0,"- ","- ",32.717098236083984,-115.53414154052734,IMPERIAL,UNINCORPORATED,-115.53422546386719,32.716602325439453
9106828,2020,2020-10-21,1304,2020-05-20,1912,339,EEAST,3,5,4,1304,0,0,0,,0,EAST,4TH,"WENSLEY AV",6.00,S,N,A,-,Y,IMP,11,86,-,-,6.704,I,5,S,N,2,0,1,2,A,-,12,22450,A,N,D,G,A,A,H,-,A,D,0,,Y,,,Y,,L,04,1,0,0,0,0,0,1,0,0,"- ","- ",,,IMPERIAL,"EL CENTRO",-115.55247497558594,32.784015655517578
91070803,2019,2019-09-09,9625,2019-08-30,2235,020516,,5,3,9,1300,0,1,3,,1,044,"S/B SR-86","WEST CAREY ROAD",373.00,N,N,A,-,Y,,,86,,,,,,,Y,3,0,2,2,A,-,03,22350,,N,C,C,A,A,H,-,D,D,0,,,,,Y,,A,01,0,2,0,0,0,0,0,0,0,"- ","- ",32.928180694580078,-115.57010650634766,IMPERIAL,UNINCORPORATED,-115.57003784179688,32.928180694580078
91071338,2019,2019-09-10,9625,2019-08-30,1645,019667,,5,2,9,1300,0,2,4,,2,046,"DOGWOOD ROAD","FAWCETT ROAD",300.00,N,N,A,-,N,,,,,,,,,,Y,3,0,1,2,A,-,03,22350,,N,C,C,A,A,H,-,A,D,0,,,,,Y,,A,01,0,1,0,0,0,0,0,0,0,"- ","- ",32.723800659179688,-115.53439331054688,IMPERIAL,UNINCORPORATED,-115.53435516357422,32.724170684814453
91071412,2019,2019-09-10,9625,2019-09-02,0350,020516,,1,3,9,1300,0,1,3,,1,012,"SR-86 S/B","COOMBS ROAD",1816.00,S,N,B,-,Y,,,86,,,,,,S,Y,3,0,2,2,A,-,01,23152,A,N,C,C,A,A,H,-,D,D,0,,,,,Y,Y,A,01,0,2,0,0,0,0,0,0,0,"- ","- ",33.318840026855469,-115.99369812011719,IMPERIAL,UNINCORPORATED,-115.99387359619141,33.318710327148438
91074243,2019,2019-09-13,9625,2019-09-06,2100,019225,,5,2,9,1300,0,3,5,,2,050,"BOYD ROAD","HIGHWAY 115",19536.00,E,N,A,-,Y,,,,,,,,,,Y,4,0,1,1,A,-,01,23152,A,N,E,I,A,A,H,-,D,D,0,,,,,Y,Y,D,22,0,0,1,0,0,0,0,0,0,"- ","- ",32.901939392089844,-115.39964294433594,IMPERIAL,UNINCORPORATED,-115.34294891357422,32.902099609375
91074537,2019,2019-09-13,9625,2019-09-08,0732,018207,,7,1,9,1300,0,1,3,,1,011,"SR-86 S/B","BANNISTER ROAD",0.00,,Y,A,-,Y,,,86,,,,,,S,Y,2,0,2,2,A,-,09,21803,A,N,D,C,A,A,H,-,A,A,0,,,,,Y,,A,07,1,0,1,0,0,0,0,0,0,"- ","- ",33.051700592041016,-115.72178649902344,IMPERIAL,UNINCORPORATED,-115.72177124023438,33.051723480224609
91077097,2019,2019-09-18,9625,2019-09-06,1630,017809,,5,2,9,1300,0,1,3,,1,022,"STATE ROUTE 111","AVENUE A",3168.00,S,N,A,-,Y,,,111,,,,,,,Y,3,0,1,1,A,-,08,22107,,N,E,I,A,A,H,-,A,D,0,,,,,Y,,A,01,0,1,0,0,0,0,0,0,0,"- ","- ",33.362640380859375,-115.72554016113281,IMPERIAL,UNINCORPORATED,-115.72561645507812,33.362747192382812
91077340,2019,2019-09-18,9625,2019-09-10,1645,018279,,2,2,9,1300,0,3,5,,2,050,"ATEN RD","COOLEY ROAD",185.00,W,N,A,-,N,,,,,,,,,,N,4,0,1,2,A,-,07,21658,A,N,B,C,A,A,H,-,A,D,0,,,,,Y,,A,01,0,0,1,0,0,0,0,0,0,"- ","- ",32.825450897216797,-115.51847839355469,IMPERIAL,UNINCORPORATED,-115.51914215087891,32.825538635253906
91077365,2019,2019-09-18,9625,2019-09-06,0745,017432,,5,1,9,1300,0,2,4,,2,045,"EVAN HEWES HIGHWAY","WESTSIDE ROAD",0.00,,Y,A,-,N,,,,,,,,,,Y,3,0,1,2,A,-,05,21460,C,N,D,C,A,A,H,-,A,D,0,,,,,Y,,A,01,0,1,0,0,0,0,0,0,0,"- ","- ",32.791069030761719,-115.73323822021484,IMPERIAL,UNINCORPORATED,-115.73332214355469,32.791069030761719
91078366,2019,2019-09-19,9625,2019-09-12,1715,017809,,4,2,9,1300,0,1,3,,2,024,"STATE ROUTE 78","STATE ROUTE 115",0.00,,Y,A,-,Y,,,78,,,,,,,Y,3,0,2,2,A,-,09,21802,B,N,D,C,A,A,H,-,A,A,0,,,,,Y,,D,22,0,2,0,0,0,0,0,0,0,"- ","- ",32.974208831787109,-115.40541076660156,IMPERIAL,UNINCORPORATED,-115.40540313720703,32.974571228027344
91080386,2019,2019-09-23,9625,2019-09-13,1512,018279,,5,2,9,1300,0,1,3,,2,024,SR-78,"GREEN RD",118.00,W,N,A,-,Y,,,78,,,,,,,Y,4,0,1,2,A,-,03,22350,,N,C,C,A,A,H,-,A,D,0,,,,,Y,,A,01,0,0,1,0,0,0,0,0,0,"- ","- ",32.974819183349609,-115.32405853271484,IMPERIAL,UNINCORPORATED,-115.32405853271484,32.974761962890625
91080519,2019,2019-09-23,9625,2019-09-17,0537,021107,,2,3,9,1300,0,1,3,,2,053,"STATE ROUTE 111 NORTHBOUND","ROSS ROAD",0.00,,Y,A,-,Y,,,111,,,,,,N,Y,3,0,1,2,A,-,03,22350,,N,C,C,A,A,H,-,C,A,0,,,,,Y,,A,01,0,1,0,0,0,0,0,0,0,"- ","- ",32.781471252441406,-115.50135040283203,IMPERIAL,UNINCORPORATED,-115.50151062011719,32.781467437744141
91081064,2019,2019-09-23,9625,2019-09-13,2130,018930,,5,2,9,1300,0,3,5,,2,050,"ANDERHOLT ROAD","JASPER ROAD",36.00,S,N,A,-,N,,,,,,,,,,Y,4,0,1,1,A,-,08,22107,,N,F,A,A,A,H,-,C,D,0,,,Y,,Y,,C,02,0,0,1,0,0,0,0,0,1,"- ","- ",32.708091735839844,-115.41425323486328,IMPERIAL,UNINCORPORATED,-115.41426086425781,32.708271026611328
91083137,2019,2019-09-25,9625,2019-08-31,1725,017432,,6,2,9,1300,0,1,3,,1,054,"STATE ROUTE 111 S/B","WORTHINGTON ROAD",0.00,,Y,A,-,Y,,,111,,,,,,S,Y,2,0,7,2,A,-,12,21453,A,N,D,C,A,A,H,-,A,A,0,,,,,Y,,A,01,4,1,2,0,0,0,0,0,0,"- ","- ",32.84735107421875,-115.50775909423828,IMPERIAL,UNINCORPORATED,-115.50764465332031,32.847400665283203
91083722,2019,2019-09-26,9620,2019-09-23,1835,017051,,1,2,9,1300,0,1,1,,2,081,"I-8 E/B","GORDONS WELL RD O/C",3168.00,E,N,C,-,Y,,,8,,,,,,E,Y,4,0,1,1,A,-,03,22350,,N,F,A,A,B,H,-,D,D,0,,,,,Y,,A,08,0,0,1,0,0,0,0,0,0,"- ","- ",32.708770751953125,-114.94288635253906,IMPERIAL,UNINCORPORATED,-114.94287872314453,32.708545684814453
91083914,2019,2019-09-26,9625,2019-09-24,1741,018773,,2,2,9,1300,0,1,3,,2,053,"SR-111 SOUTHBOUND","HEBER ROAD",75.00,N,N,A,-,Y,,,111,,,,,,S,Y,4,0,1,2,A,-,03,22350,,N,C,C,A,A,H,-,A,A,0,,,,,Y,,A,01,0,0,1,0,0,0,0,0,0,"- ","- ",32.730888366699219,-115.50051116943359,IMPERIAL,UNINCORPORATED,-115.50041198730469,32.730892181396484
91085904,2019,2019-09-27,9625,2019-09-25,1516,018773,,3,2,9,1300,0,3,5,,2,050,"PITZER ROAD","MCCABE ROAD",11.00,N,N,C,-,N,,,,,,,,,,Y,4,0,2,2,A,-,03,22350,,N,B,C,A,B,F,-,A,A,0,,,,,Y,,A,01,0,0,2,0,0,0,0,0,0,"- ","- ",32.752559661865234,-115.51761627197266,IMPERIAL,UNINCORPORATED,-115.51763153076172,32.752490997314453
91086906,2019,2019-09-30,9625,2019-09-06,0730,013627,,5,1,9,1300,0,1,3,,1,022,"STATE ROUTE 111","AVENUE A",7920.00,N,N,B,-,Y,,,111,,,,,,,Y,2,0,1,1,A,-,03,22350,,N,F,A,A,D,F,-,A,D,0,,,,,Y,,A,07,1,0,0,0,0,0,0,0,0,"- ","- ",33.363819122314453,-115.76371765136719,IMPERIAL,UNINCORPORATED,-115.76407623291016,33.363269805908203
91088164,2019,2019-10-01,9625,2019-08-13,1928,018792,,2,2,9,1300,0,3,5,,2,040,"AUSTIN ROAD","KEYSTONE ROAD",3696.00,N,N,A,-,N,,,,,,,,,,Y,1,1,2,1,A,-,08,22107,,N,F,A,A,A,H,-,B,A,0,,,,,Y,,A,01,0,2,0,0,0,0,0,0,0,"- ","- ",32.92694091796875,-115.59439849853516,IMPERIAL,UNINCORPORATED,-115.59493255615234,32.922653198242188
91091938,2019,2019-10-07,9625,2019-05-27,1935,018930,,1,2,9,1300,0,2,4,,2,046,"DOGWOOD ROAD","HAWK STREET",0.00,,Y,A,-,N,,,,,,,,,,Y,1,1,1,4,A,-,12,22450,A,N,D,C,A,A,H,-,A,A,0,,,,,Y,,A,07,1,0,0,0,0,0,0,0,0,"- ","- ",32.734798431396484,-115.53459930419922,IMPERIAL,UNINCORPORATED,-115.53450775146484,32.734821319580078
91092539,2019,2019-10-08,9620,2019-10-01,1530,017837,Quech,2,2,9,1300,0,2,4,,1,075,"S-24 (PICACHO RD)","INDIAN ROCK RD",30.00,S,N,A,-,N,,,,,,,,,,N,3,0,1,2,A,-,08,22107,,N,B,C,A,A,H,-,A,D,0,,,,,Y,,E,22,0,1,0,0,0,0,0,0,0,"- ","- ",32.760040283203125,-114.61612701416016,IMPERIAL,UNINCORPORATED,-114.61613464355469,32.759963989257812
91093367,2019,2019-10-09,9625,2019-09-27,1233,019667,,5,1,9,1300,0,2,4,,2,046,"DOGWOOD RD","HARRIS RD.",3168.00,N,N,A,-,N,,,,,,,,,,Y,3,0,2,2,A,-,01,23153,A,N,A,C,A,A,H,-,A,D,0,,,,,Y,Y,D,22,0,1,1,0,0,0,0,0,0,"- ","- ",32.892719268798828,-115.53549957275391,IMPERIAL,UNINCORPORATED,-115.53549957275391,32.892307281494141
91093704,2019,2019-10-09,9625,2019-09-29,0550,017432,,7,3,9,1300,0,1,1,,2,001,"INTERSTATE 8 (E/B)","IN KO PAH ROAD",2640.00,E,N,A,-,Y,,,8,,,,,,,Y,3,0,1,1,A,-,08,22107,,N,E,I,A,A,H,-,A,D,0,,,,,Y,,A,01,0,1,0,0,0,0,0,0,0,"- ","- ",32.649879455566406,-116.10218811035156,IMPERIAL,UNINCORPORATED,-116.10215759277344,32.649852752685547
91094129,2019,2019-10-09,9625,2019-09-27,0855,017055,,5,1,9,1300,0,1,3,,1,012,"SR-86 (N/B)","AIR PARK DRIVE",2640.00,N,N,A,-,Y,,,86,,,,,,,Y,2,0,1,1,A,-,08,22107,,N,E,I,A,A,H,-,A,A,0,,,,,Y,,A,01,1,0,0,0,0,0,0,0,0,"- ","- ",33.258029937744141,-115.94827270507812,IMPERIAL,UNINCORPORATED,-115.94830322265625,33.258007049560547
91094665,2019,2019-10-10,9625,2019-09-30,2100,018279,,1,2,9,1300,0,1,3,,2,024,SR-78,SR-111,1056.00,E,N,A,-,Y,,,78,,,,,,,Y,3,0,2,2,A,-,03,22350,,N,C,C,A,A,H,-,D,D,0,,,,,Y,,A,01,0,2,0,0,0,0,0,0,0,"- ","- ",32.978630065917969,-115.49742126464844,IMPERIAL,UNINCORPORATED,-115.49742126464844,32.978656768798828
91098763,2019,2019-10-16,9625,2019-06-10,1210,016248,,1,1,9,1300,0,3,5,,2,050,"NORRISH ROAD","HOLT ROAD",0.00,,Y,A,-,N,,,,,,,,,,Y,1,1,1,2,A,-,12,22450,A,N,D,C,A,A,H,-,A,A,0,,,,Y,Y,,G,27,1,0,0,0,0,0,0,0,0,"- ","- ",32.832759857177734,-115.38031768798828,IMPERIAL,UNINCORPORATED,-115.38027954101562,32.832748413085938
91098765,2019,2019-10-16,9625,2019-10-05,2043,018464,,6,2,9,1300,0,1,3,,2,053,"SR-111 (S/B)","HEBER ROAD",400.00,N,N,A,-,Y,,,111,,,,,,,N,4,0,1,2,A,-,03,22350,,N,C,C,A,A,H,-,A,D,0,,,,,Y,,D,22,0,0,1,0,0,0,0,0,0,"- ","- ",32.731468200683594,-115.50060272216797,IMPERIAL,UNINCORPORATED,-115.50042724609375,32.731472015380859