CASE_ID,ACCIDENT_YEAR,PROC_DATE,JURIS,COLLISION_DATE,COLLISION_TIME,OFFICER_ID,REPORTING_DISTRICT,DAY_OF_WEEK,CHP_SHIFT,POPULATION,CNTY_CITY_LOC,SPECIAL_COND,BEAT_TYPE,CHP_BEAT_TYPE,CITY_DIVISION_LAPD,CHP_BEAT_CLASS,BEAT_NUMBER,PRIMARY_RD,SECONDARY_RD,DISTANCE,DIRECTION,INTERSECTION,WEATHER_1,WEATHER_2,STATE_HWY_IND,CALTRANS_COUNTY,CALTRANS_DISTRICT,STATE_ROUTE,ROUTE_SUFFIX,POSTMILE_PREFIX,POSTMILE,LOCATION_TYPE,RAMP_INTERSECTION,SIDE_OF_HWY,TOW_AWAY,COLLISION_SEVERITY,NUMBER_KILLED,NUMBER_INJURED,PARTY_COUNT,PRIMARY_COLL_FACTOR,PCF_CODE_OF_VIOL,PCF_VIOL_CATEGORY,PCF_VIOLATION,PCF_VIOL_SUBSECTION,HIT_AND_RUN,TYPE_OF_COLLISION,MVIW,PED_ACTION,ROAD_SURFACE,ROAD_COND_1,ROAD_COND_2,LIGHTING,CONTROL_DEVICE,CHP_ROAD_TYPE,PEDESTRIAN_ACCIDENT,BICYCLE_ACCIDENT,MOTORCYCLE_ACCIDENT,TRUCK_ACCIDENT,NOT_PRIVATE_PROPERTY,ALCOHOL_INVOLVED,STWD_VEHTYPE_AT_FAULT,CHP_VEHTYPE_AT_FAULT,COUNT_SEVERE_INJ,COUNT_VISIBLE_INJ,COUNT_COMPLAINT_PAIN,COUNT_PED_KILLED,COUNT_PED_INJURED,COUNT_BICYCLIST_KILLED,COUNT_BICYCLIST_INJURED,COUNT_MC_KILLED,COUNT_MC_INJURED,PRIMARY_RAMP,SECONDARY_RAMP,LATITUDE,LONGITUDE,COUNTY,CITY,POINT_X,POINT_Y
91098773,2019,2019-10-16,9625,2019-10-06,2250,019225,,7,3,9,1300,0,1,3,,1,011,"STATE ROUTE 86 (SOUTHBOUND)","LACK ROAD",100.00,N,N,A,-,Y,,,86,,,,,,,Y,3,0,1,2,A,-,03,22350,,N,C,C,A,A,H,-,D,D,0,,,,,Y,,A,01,0,1,0,0,0,0,0,0,0,"- ","- ",33.037181854248047,-115.64774322509766,IMPERIAL,UNINCORPORATED,-115.64774322509766,33.037082672119141
91098804,2019,2019-10-16,9625,2019-10-04,0300,016248,,5,3,9,1300,0,3,5,,2,050,"BARBARA WORTH DRIVE","EVAN HEWES HIGHWAY",2587.00,S,N,A,-,N,,,,,,,,,,Y,3,0,1,1,A,-,08,22107,,N,E,I,A,A,H,-,A,D,0,,,,,Y,,A,01,0,1,0,0,0,0,0,0,0,"- ","- ",32.796310424804688,-115.43077087402344,IMPERIAL,UNINCORPORATED,-115.43061828613281,32.79669189453125
91100538,2019,2019-10-18,9625,2019-10-08,1255,013627,,2,1,9,1300,0,1,3,,2,056,"EVAN HEWES HIGHWAY","MCCONNELL ROAD",0.00,,Y,A,-,N,,,,,,,,,,Y,4,0,2,3,A,-,09,21801,A,N,D,C,A,A,H,-,A,D,0,,,,,Y,,D,22,0,0,2,0,0,0,0,0,0,"- ","- ",32.803298950195312,-115.4840087890625,IMPERIAL,UNINCORPORATED,-115.48400115966797,32.803348541259766
91101287,2019,2019-10-21,9625,2019-10-09,0605,017432,,3,1,9,1300,0,1,1,,2,001,"I-8 W/B TO DREW RD S/B","DREW ROAD",0.00,,Y,A,-,Y,,,8,,,,R,,W,Y,4,0,2,2,A,-,12,22450,A,N,D,C,A,A,H,-,B,A,0,,,,,Y,,D,22,0,0,2,0,0,0,0,0,0,"- ","- ",32.774570465087891,-115.69033050537109,IMPERIAL,UNINCORPORATED,-115.69033050537109,32.774570465087891
91102697,2019,2019-10-23,9625,2019-10-18,2052,018464,,5,2,9,1300,0,1,3,,2,052,SR-98,"VENCILL ROAD",1267.00,W,N,A,-,Y,,,98,,,,,,,Y,2,0,3,2,A,-,01,23152,A,F,A,C,A,A,H,-,D,D,0,,,,,Y,Y,A,07,1,1,1,0,0,0,0,0,0,"- ","- ",32.693859100341797,-115.35845184326172,IMPERIAL,UNINCORPORATED,-115.35845184326172,32.693813323974609
91103099,2019,2019-10-22,9625,2019-10-10,1723,018464,,4,2,9,1300,0,3,5,,2,050,"BARBARA WORTH ROAD","MCCABE ROAD",0.00,,Y,A,-,N,,,,,,,,,,Y,4,0,2,2,A,-,09,21802,A,N,D,C,A,A,H,-,A,A,0,,,,,Y,,A,01,0,0,2,0,0,0,0,0,0,"- ","- ",32.751949310302734,-115.43074035644531,IMPERIAL,UNINCORPORATED,-115.43074035644531,32.751941680908203
91103479,2019,2019-10-23,9625,2019-10-11,1005,019667,,5,1,9,1300,0,1,3,,1,042,SR-98,"HAMMERS ROAD",1350.00,E,N,A,-,Y,,,98,,,,,,,Y,4,0,2,3,A,-,03,22350,,N,C,C,A,A,H,-,A,D,0,,,,,Y,,A,01,0,0,2,0,0,0,0,0,0,"- ","- ",32.67926025390625,-115.55113220214844,IMPERIAL,UNINCORPORATED,-115.55113220214844,32.679313659667969
91103511,2019,2019-10-23,9625,2019-10-11,1431,020054,,5,2,4,1304,0,1,1,,2,004,"I-8 W/B OFF-RAMP TO IMPERIAL AVENUE","IMPERIAL AVENUE",250.00,E,N,A,-,Y,,,8,,,,R,,W,Y,4,0,1,1,A,-,08,22107,,N,E,I,A,A,H,-,A,D,0,,,,,Y,,A,01,0,0,1,0,0,0,0,0,0,"- ","- ",32.774620056152344,-115.56858825683594,IMPERIAL,"EL CENTRO",-115.56858825683594,32.774620056152344
91106794,2019,2019-10-25,9625,2019-10-03,1621,018464,,4,2,9,1300,0,3,5,,2,050,"OLD HIGHWAY 111","ATEN ROAD",0.00,,Y,A,-,N,,,,,,,,,,Y,4,0,1,2,A,-,09,21802,A,N,D,C,A,A,H,-,A,D,0,,,,,Y,,A,01,0,0,1,0,0,0,0,0,0,"- ","- ",32.825778961181641,-115.50128936767578,IMPERIAL,UNINCORPORATED,-115.50131225585938,32.825771331787109
91106812,2019,2019-10-25,9625,2019-10-17,0156,021107,,4,3,9,1300,0,1,3,,1,054,"STATE ROUTE 111 NORTHBOUND","WORTHINGTON ROAD",0.00,,Y,A,-,Y,,,111,,,,,,N,Y,4,0,1,1,A,-,08,22107,,N,E,I,A,A,H,-,C,A,0,,,,,Y,,A,01,0,0,1,0,0,0,0,0,0,"- ","- ",32.847679138183594,-115.50753784179688,IMPERIAL,UNINCORPORATED,-115.50772094726562,32.847610473632812
91106818,2019,2019-10-25,9625,2019-10-17,1455,018464,,4,2,9,1300,0,3,5,,2,050,"PITZER ROAD","MCCABE ROAD",0.00,,Y,A,-,N,,,,,,,,,,Y,4,0,1,2,A,-,09,21801,A,N,A,C,A,A,H,-,A,A,0,,,,,Y,,A,01,0,0,1,0,0,0,0,0,0,"- ","- ",32.752449035644531,-115.517578125,IMPERIAL,UNINCORPORATED,-115.51763153076172,32.752460479736328
91109089,2019,2019-10-29,9625,2019-10-18,1500,017809,,5,2,9,1300,0,3,5,,2,020,"ENGLISH ROAD","SCHRIMPF ROAD",0.00,,Y,A,-,N,,,,,,,,,,Y,2,0,1,2,A,-,09,21800,A,N,D,C,A,A,H,-,A,D,0,,,,,Y,,D,22,1,0,0,0,0,0,0,0,0,"- ","- ",33.198238372802734,-115.54502105712891,IMPERIAL,UNINCORPORATED,-115.54499053955078,33.198329925537109
91110622,2019,2019-10-31,9625,2019-10-21,0858,013627,,1,1,9,1300,0,3,5,,2,050,"ALAMO ROAD","STATE ROUTE 115",2160.00,E,N,A,-,N,,,,,,,,,,Y,4,0,1,2,A,-,04,21703,,N,C,C,A,A,H,-,A,D,0,,,,,Y,,D,22,0,0,1,0,0,0,0,0,0,"- ","- ",32.818389892578125,-115.39904022216797,IMPERIAL,UNINCORPORATED,-115.39910125732422,32.818363189697266
91110880,2019,2019-10-31,9625,2019-10-23,1505,020111,,3,2,9,1300,0,3,5,,2,040,"CLARK ROAD","HEBER ROAD",0.00,,Y,A,-,N,,,,,,,,,,Y,4,0,1,3,A,-,09,21802,A,N,D,C,A,A,H,-,A,A,0,,,,,Y,,A,01,0,0,1,0,0,0,0,0,0,"- ","- ",32.730678558349609,-115.56005096435547,IMPERIAL,UNINCORPORATED,-115.56031799316406,32.730640411376953
91112690,2019,2019-11-04,9625,2019-10-24,1540,020054,,4,2,9,1300,0,2,4,,2,046,"DOGWOOD ROAD","WILLOUGHBY ROAD",843.00,N,N,A,-,N,,,,,,,,,,Y,4,0,3,2,A,-,03,22350,,N,C,C,A,A,H,-,A,D,0,,,,,Y,,A,01,0,0,3,0,0,0,0,0,0,"- ","- ",32.711219787597656,-115.53407287597656,IMPERIAL,UNINCORPORATED,-115.53412628173828,32.71075439453125
91113152,2019,2019-11-04,9625,2019-10-27,0800,019668,,7,1,9,1300,0,1,3,,1,012,"STATE ROUTE 86 SOUTHBOUND","NORM NIVER ROAD",0.00,,Y,A,-,Y,,,86,,,,,,S,Y,3,0,1,2,A,-,09,21802,A,N,D,C,A,A,H,-,A,A,0,,,,,Y,,E,22,0,1,0,0,0,0,0,0,0,"- ","- ",33.357398986816406,-116.01838684082031,IMPERIAL,UNINCORPORATED,-116.018798828125,33.357273101806641
91113325,2019,2019-11-05,9625,2019-10-27,0715,013627,,7,1,9,1300,0,1,3,,1,042,"STATE ROUTE 98","COYOTE 1",7920.00,E,N,B,-,Y,,,98,,,,,,,Y,4,0,1,1,A,-,08,22107,,N,F,A,A,A,H,-,B,D,0,,,,,Y,,A,07,0,0,1,0,0,0,0,0,0,"- ","- ",32.677928924560547,-115.89629364013672,IMPERIAL,UNINCORPORATED,-115.89629364013672,32.677925109863281
91114048,2019,2019-11-05,9625,2019-10-28,1910,017727,,1,2,9,1300,0,3,5,,2,020,"COACHELLA CANAL ROAD","BEAL ROAD",370.00,W,N,A,-,N,,,,,,,,,,Y,3,0,1,3,A,-,08,22107,,M,A,E,A,A,H,-,D,D,0,,,,,Y,,D,22,0,1,0,0,0,0,0,0,0,"- ","- ",33.263401031494141,-115.46330261230469,IMPERIAL,UNINCORPORATED,-115.46322631835938,33.263435363769531
91115395,2019,2019-11-07,9625,2019-11-05,0335,020263,,2,3,9,1300,0,1,1,,2,001,"I-8 E/B","MOUNTAIN SPRINGS ROAD",7180.00,W,N,A,-,Y,,,8,,,,,,E,Y,2,0,1,1,A,-,08,22107,,N,E,I,A,A,H,-,D,D,0,,,,Y,Y,,F,27,1,0,0,0,0,0,0,0,0,"- ","- ",32.663959503173828,-116.10566711425781,IMPERIAL,UNINCORPORATED,-116.10552978515625,32.664020538330078
91115622,2019,2019-11-07,9620,2019-11-04,1720,018535,,1,2,9,1300,0,1,1,,2,082,"WB INTERSTATE 8","SIDEWINDER RD",11616.00,W,N,A,-,Y,,,8,,,,,,,Y,4,0,1,2,A,-,08,22107,,N,B,C,A,A,H,-,D,D,0,,,,,Y,,D,22,0,0,1,0,0,0,0,0,0,"- ","- ",32.752780914306641,-114.79160308837891,IMPERIAL,UNINCORPORATED,-114.79158782958984,32.752838134765625
91117974,2019,2019-11-12,9625,2019-11-02,1330,017727,,6,1,9,1300,0,1,3,,1,021,SR-111,"1ST ST",680.00,N,N,A,-,Y,,,111,,,,,,,Y,3,0,1,1,A,-,01,23152,A,N,F,I,A,A,H,-,A,A,0,,,,,Y,Y,D,22,0,1,0,0,0,0,0,0,0,"- ","- ",33.243198394775391,-115.51930236816406,IMPERIAL,UNINCORPORATED,-115.51930999755859,33.243198394775391
91119421,2019,2019-11-13,9620,2019-11-10,1322,018734,,7,1,9,1300,0,1,1,,2,082,"I-8 W/B","WINTERHAVEN DR",14256.00,W,N,A,-,Y,,,8,,,,,,W,Y,2,0,6,2,A,-,07,21658,A,N,B,C,A,A,H,-,A,D,0,,,,,Y,,A,07,1,1,4,0,0,0,0,0,0,"- ","- ",32.741168975830078,-114.68122100830078,IMPERIAL,UNINCORPORATED,-114.68122863769531,32.741115570068359
91121010,2019,2019-11-15,9625,2019-11-03,0905,017432,,7,1,9,1300,0,1,1,,2,001,"INTERSTATE 8 (E/B)","MOUNTAIN SPRINGS ROAD",1780.00,E,N,A,-,Y,,,8,,,,,,,Y,3,0,1,1,A,-,08,22107,,N,E,I,A,A,H,-,A,D,0,,,,,Y,,A,07,0,1,0,0,0,0,0,0,0,"- ","- ",32.6728515625,-116.09423828125,IMPERIAL,UNINCORPORATED,-116.09420776367188,32.672931671142578
91122481,2019,2019-11-18,9625,2019-11-07,1622,017809,,4,2,9,1300,0,1,3,,1,011,"STATE ROUTE 86 S/B","VENDEL ROAD",975.00,S,N,A,-,Y,,,86,,,,,,S,Y,3,0,1,2,A,-,03,22350,,N,C,C,A,A,H,-,A,D,0,,,Y,,Y,,C,02,0,1,0,0,0,0,0,0,1,"- ","- ",33.037769317626953,-115.70467376708984,IMPERIAL,UNINCORPORATED,-115.70467376708984,33.037765502929688
91124251,2019,2019-11-20,9620,2019-11-14,1500,018290,,4,2,9,1300,0,1,3,,1,063,SR-78,"MIDWAY WELL RD",1584.00,E,N,A,-,Y,,,78,,,,,,,Y,3,0,3,1,A,-,06,21751,,N,E,I,A,A,H,-,A,D,0,,,,,Y,,A,01,0,3,0,0,0,0,0,0,0,"- ","- ",33.223491668701172,-114.85063934326172,IMPERIAL,UNINCORPORATED,-114.85068511962891,33.223522186279297
91129399,2019,2019-11-25,9625,2019-11-18,1400,018773,,1,2,9,1300,0,1,3,,2,052,SR-98,"BORNT ROAD",2904.00,W,N,A,-,Y,,,98,,,,,,,Y,4,0,1,1,A,-,03,22350,,N,E,I,A,A,H,-,A,D,0,,,,Y,Y,,G,25,0,0,1,0,0,0,0,0,0,"- ","- ",32.694568634033203,-115.28961181640625,IMPERIAL,UNINCORPORATED,-115.28961181640625,32.694576263427734
91132010,2019,2019-12-02,9625,2019-11-19,1855,018930,,2,2,9,1300,0,3,5,,2,050,"ATEN ROAD",SR-111,20.00,W,N,B,-,N,,,,,,,,,,Y,4,0,2,2,A,-,03,22350,,N,C,C,A,B,H,-,C,A,0,,,,,Y,,A,01,0,0,2,0,0,0,0,0,0,"- ","- ",32.825698852539062,-115.50039672851562,IMPERIAL,UNINCORPORATED,-115.49930572509766,32.825759887695312
91133491,2019,2019-12-02,9625,2019-11-21,1340,016248,,4,1,9,1300,0,2,4,,2,046,"DOGWOOD ROAD","KEYSTONE ROAD",1584.00,S,N,A,-,N,,,,,,,,,,Y,4,0,1,3,A,-,03,22350,,N,C,C,A,A,G,-,A,D,0,,,,,Y,,A,01,0,0,1,0,0,0,0,0,0,"- ","- ",32.90850830078125,-115.53556823730469,IMPERIAL,UNINCORPORATED,-115.53553009033203,32.908390045166016
91133905,2019,2019-12-03,9625,2019-11-22,1645,017809,,5,2,9,1300,0,2,4,,2,047,"FORRESTER ROAD","KEYSTONE ROAD",3396.00,N,N,A,-,N,,,,,,,,,,Y,2,0,2,2,A,-,03,22350,,N,A,J,A,A,H,-,B,D,0,,,,,Y,,M,46,1,0,1,0,0,0,0,0,0,"- ","- ",32.923168182373047,-115.62146759033203,IMPERIAL,UNINCORPORATED,-115.62142944335938,32.922985076904297
91135380,2019,2019-12-04,9625,2019-11-28,1455,019225,,4,2,9,1300,0,1,3,,1,012,"SR-86 S/B","AIR PARK DRIVE",18480.00,S,N,C,-,Y,,,86,,,,,,S,Y,3,0,2,3,A,-,03,22350,,N,C,C,A,D,G,-,A,D,0,,,,,Y,,A,07,0,2,0,0,0,0,0,0,0,"- ","- ",33.185150146484375,-115.90215301513672,IMPERIAL,UNINCORPORATED,-115.90169525146484,33.185878753662109
91135580,2019,2019-12-04,9625,2019-11-28,1440,020054,,4,2,9,1300,0,1,1,,2,002,"I-8 W/B","MOUNTAIN SPRINGS ROAD",5438.00,E,N,C,-,Y,,,8,,,,,,W,Y,3,0,2,1,A,-,03,22350,,N,E,J,A,B,H,-,A,D,0,,,,,Y,,A,01,0,1,1,0,0,0,0,0,0,"- ","- ",32.689430236816406,-116.09123992919922,IMPERIAL,UNINCORPORATED,-116.09121704101562,32.689411163330078
91136269,2019,2019-12-05,9625,2019-11-22,1940,018930,,5,2,9,1300,0,1,3,,2,052,SR-98,"BONESTEELE ROAD",1056.00,W,N,A,-,Y,,,98,,,,,,,Y,3,0,1,1,A,-,08,22107,,N,F,I,A,A,H,-,D,D,0,,,,,Y,,A,07,0,1,0,0,0,0,0,0,0,"- ","- ",32.694301605224609,-115.31829833984375,IMPERIAL,UNINCORPORATED,-115.31830596923828,32.694385528564453
91136706,2019,2019-12-05,9625,2019-11-27,1821,020054,,3,2,9,1300,0,1,1,,2,001,"I-8 E/B","IN-KO-PAH PARK ROAD",6283.00,E,N,B,C,Y,,,8,,,,,,E,Y,4,0,1,1,A,-,03,22350,,N,E,I,A,B,H,-,D,D,0,,,,,Y,,A,01,0,0,1,0,0,0,0,0,0,"- ","- ",32.657459259033203,-116.09694671630859,IMPERIAL,UNINCORPORATED,-116.09696197509766,32.657459259033203
91136841,2019,2019-12-05,9625,2019-11-29,1815,019035,,5,2,9,1300,0,1,3,,2,053,"STATE ROUTE 111 SOUTHBOUND","HEBER ROAD",250.00,N,N,A,-,Y,,,111,,,,,,S,Y,4,0,1,2,A,-,03,22350,,N,C,C,A,A,H,-,D,A,0,,,,,Y,,A,01,0,0,1,0,0,0,0,0,0,"- ","- ",32.731300354003906,-115.50050354003906,IMPERIAL,UNINCORPORATED,-115.50041961669922,32.731300354003906
91139759,2019,2019-12-10,9625,2019-11-25,0715,016248,,1,1,9,1300,0,3,5,,2,050,"MCCABE ROAD","PITZER ROAD",0.00,,Y,A,-,N,,,,,,,,,,Y,4,0,3,2,A,-,12,21453,A,N,D,C,A,A,H,-,A,A,0,,,,,Y,,A,01,0,0,3,0,0,0,0,0,0,"- ","- ",32.752490997314453,-115.51760864257812,IMPERIAL,UNINCORPORATED,-115.51763153076172,32.752460479736328
91141309,2019,2019-12-11,9625,2019-12-02,1900,022010,,1,2,9,1300,0,1,3,,2,052,"SR-98 W/B","INTERSTATE 8",2240.00,W,N,A,-,Y,,,98,,,,,,W,Y,4,0,1,2,A,-,01,23152,A,N,B,C,A,A,H,-,D,D,0,,,,,Y,Y,A,07,0,0,1,0,0,0,0,0,0,"- ","- ",32.708938598632812,-115.09687042236328,IMPERIAL,UNINCORPORATED,-115.09687042236328,32.708938598632812
91141374,2019,2019-12-11,9625,2019-12-01,1225,017055,,7,1,9,1300,0,1,3,,1,012,"SR-86 (S/B)","NORM NIVER ROAD",0.00,,Y,A,-,Y,,,86,,,,,,,Y,3,0,1,2,A,-,09,21802,A,N,D,C,A,A,H,-,A,A,0,,,,,Y,,A,01,0,1,0,0,0,0,0,0,0,"- ","- ",33.357391357421875,-116.01879119873047,IMPERIAL,UNINCORPORATED,-116.01882934570312,33.357376098632812
91142739,2019,2019-12-13,9625,2019-12-03,0755,017432,,2,1,9,1300,0,1,3,,2,053,"STATE ROUTE 111 S/B","JASPER ROAD",345.00,N,N,A,-,Y,,,111,,,,,,S,N,4,0,1,2,A,-,03,22350,,N,C,C,A,A,H,-,A,A,0,,,,,Y,,A,01,0,0,1,0,0,0,0,0,0,"- ","- ",32.708778381347656,-115.49967956542969,IMPERIAL,UNINCORPORATED,-115.49942016601562,32.708782196044922
91143303,2019,2019-12-13,9625,2019-12-04,1410,019886,,3,2,9,1300,0,3,5,,2,010,"ARGUS AVE","BLACK SEA AVE",0.00,,Y,B,C,N,,,,,,,,,,Y,3,0,1,2,A,-,03,22352,A,N,D,C,A,B,H,-,A,D,0,,,,,Y,,A,01,0,1,0,0,0,0,0,0,0,"- ","- ",33.335861206054688,-115.97412872314453,IMPERIAL,UNINCORPORATED,-115.97409057617188,33.335830688476562
91144099,2019,2019-12-16,9625,2019-12-07,2030,022010,,6,2,9,1300,0,1,1,,2,001,"INTERSTATE 8 E/B","IN KO PAH PARK ROAD",6019.00,E,N,A,-,Y,,,8,,,,,,E,Y,4,0,2,1,A,-,08,22107,,N,E,I,A,A,H,-,D,D,0,,,,,Y,,A,01,0,0,2,0,0,0,0,0,0,"- ","- ",32.657150268554688,-116.09747314453125,IMPERIAL,UNINCORPORATED,-116.09699249267578,32.657024383544922
91144147,2019,2019-12-16,9625,2019-12-04,0605,017432,,3,1,9,1300,0,3,5,,2,010,"GENTRY ROAD","VAIL ROAD",105.00,N,N,B,C,N,,,,,,,,,,Y,4,0,2,2,A,-,03,22350,,N,C,D,A,B,H,-,A,D,0,,,,Y,Y,,G,25,0,0,2,0,0,0,0,0,0,"- ","- ",33.104400634765625,-115.61460113525391,IMPERIAL,UNINCORPORATED,-115.61434936523438,33.104526519775391
91144246,2019,2019-12-16,9625,2019-12-07,0330,018773,,6,3,9,1300,0,3,5,,2,010,"NORM NIVER ROAD","NURSERY ROAD",140.00,S,N,A,-,N,,,,,,,,,,Y,4,0,1,1,A,-,01,23152,A,N,E,I,A,A,H,-,D,D,0,,,,,Y,Y,A,01,0,0,1,0,0,0,0,0,0,"- ","- ",33.356891632080078,-116.02036285400391,IMPERIAL,UNINCORPORATED,-116.02085876464844,33.357025146484375
91146146,2019,2019-12-18,9625,2019-12-08,1703,019035,,7,2,9,1300,0,3,5,,2,020,"BEAL ROAD","CUFF ROAD",350.00,E,N,A,-,N,,,,,,,,,,N,4,0,2,2,A,-,08,22107,,N,A,C,A,A,H,-,C,D,0,,,,,Y,,A,07,0,0,2,0,0,0,0,0,0,"- ","- ",33.241798400878906,-115.49320220947266,IMPERIAL,UNINCORPORATED,-115.49340057373047,33.241798400878906
91146283,2019,2019-12-18,9625,2019-12-08,0620,018464,,7,1,9,1300,0,1,1,,2,003,"I-8 (E/B)","IMPERIAL HIGHWAY",24288.00,E,N,A,-,Y,,,8,,,,,,,Y,2,0,1,1,A,-,08,22107,,N,F,A,A,A,H,-,B,D,0,,,,,Y,,A,01,1,0,0,0,0,0,0,0,0,"- ","- ",32.749340057373047,-115.91696929931641,IMPERIAL,UNINCORPORATED,-115.91697692871094,32.749397277832031
91147599,2019,2020-01-22,9625,2019-12-10,1315,018279,,2,1,9,1300,0,1,3,,1,021,SR-111,"DOWDEN ROAD",3696.00,S,N,A,-,Y,,,111,,,,,,,N,4,0,1,2,D,-,00,,,N,B,C,A,A,H,-,A,D,0,,,,,Y,,-,"- ",0,0,1,0,0,0,0,0,0,"- ","- ",33.080799102783203,-115.52429962158203,IMPERIAL,UNINCORPORATED,-115.52428436279297,33.080783843994141
91147685,2019,2019-12-19,9625,2019-12-16,1500,019035,,1,2,9,1300,0,1,3,,2,025,SR-78,"GECKO PARK ROAD",1500.00,E,N,A,-,Y,,,78,,,,,,,Y,4,0,1,1,A,-,03,22350,,N,F,A,A,A,G,-,A,D,0,,,,,Y,,A,01,0,0,1,0,0,0,0,0,0,"- ","- ",32.980201721191406,-115.15360260009766,IMPERIAL,UNINCORPORATED,-115.15361022949219,32.980270385742188
91149978,2019,2019-12-23,9625,2019-12-12,1745,019035,,4,2,9,1300,0,3,5,,2,050,"KLOKE ROAD","MADDOX ROAD",96.00,N,N,A,-,N,,,,,,,,,,Y,4,0,1,2,A,-,03,22350,,N,C,C,A,A,H,-,C,D,0,,,,,Y,,D,22,0,0,1,0,0,0,0,0,0,"- ","- ",32.690399169921875,-115.5166015625,IMPERIAL,UNINCORPORATED,-115.51658630371094,32.69061279296875
91150692,2019,2019-12-23,9625,2019-12-14,1240,016248,,6,1,9,1300,0,1,1,,2,038,"JAIME OBESO SUNBEAM E/B REST AREA","DREW ROAD",5808.00,E,N,A,-,Y,,,,,,,,,,N,4,0,1,2,A,-,11,21954,A,N,G,B,E,A,H,-,A,D,0,Y,,,,Y,,N,60,0,0,1,0,1,0,0,0,0,"- ","- ",32.773681640625,-115.66999053955078,IMPERIAL,UNINCORPORATED,,
91150987,2019,2019-12-23,9625,2019-12-12,0820,017055,,4,1,9,1300,0,3,5,,2,010,"IMLER ROAD","FORRESTER ROAD",8448.00,W,N,A,-,N,,,,,,,,,,Y,3,0,1,2,A,-,08,22107,,N,D,C,A,A,H,-,A,D,0,,,,,Y,,M,46,0,1,0,0,0,0,0,0,0,"- ","- ",32.926509857177734,-115.64929962158203,IMPERIAL,UNINCORPORATED,-115.64897918701172,32.926521301269531
91152857,2019,2019-12-26,9620,2019-12-21,0950,18028,,6,1,9,1300,0,1,3,,1,063,"SR-78 (BEN HULSE HIGHWAY)","MITCHELLS CAMP RD",517.00,W,N,A,-,Y,,,78,,,,,,,Y,3,0,2,2,A,-,05,21460,A,N,A,C,A,A,H,-,A,D,0,,,,,Y,,A,01,0,2,0,0,0,0,0,0,0,"- ","- ",33.308261871337891,-114.74043273925781,IMPERIAL,UNINCORPORATED,-114.74043273925781,33.308261871337891
91154071,2019,2019-12-27,9625,2019-12-18,0756,018464,,3,1,9,1300,0,1,3,,2,043,SR-86,"DOGWOOD ROAD",10.00,W,N,A,-,Y,,,86,,,,,,,N,4,0,1,2,A,-,21,22106,,N,C,C,A,A,H,-,A,D,0,,,,,Y,,A,01,0,0,1,0,0,0,0,0,0,"- ","- ",32.730628967285156,-115.53459167480469,IMPERIAL,UNINCORPORATED,-115.53459167480469,32.730655670166016
91154207,2019,2019-12-27,9625,2019-12-20,1635,017809,,5,2,9,1300,0,1,3,,1,011,"STATE ROUTE 86","BRANDT ROAD",0.00,,Y,A,-,Y,,,86,,,,,,,Y,4,0,1,2,A,-,09,21801,A,N,D,C,A,A,H,-,B,A,0,,,,,Y,,D,22,0,0,1,0,0,0,0,0,0,"- ","- ",32.978950500488281,-115.5615234375,IMPERIAL,UNINCORPORATED,-115.5615234375,32.9791259765625
91154333,2019,2019-12-27,9625,2019-12-21,0042,021107,,6,3,9,1300,0,1,3,,2,053,"STATE ROUTE 111 NORTHBOUND","INTERSTATE 8 E/B O/C",15.00,S,N,A,-,Y,,,111,,,,,,N,Y,4,0,1,1,A,-,08,22107,,N,E,I,A,A,H,-,C,D,0,,,,,Y,,A,01,0,0,1,0,0,0,0,0,0,"- ","- ",32.773479461669922,-115.50116729736328,IMPERIAL,UNINCORPORATED,-115.50119781494141,32.773479461669922
91154365,2019,2019-12-27,9625,2019-12-20,0008,021107,,5,3,9,1300,0,1,1,,2,004,"INTERSTATE 8 WESTBOUND","SILSBEE ROAD",2600.00,E,N,A,-,Y,,,8,,,,,,W,Y,4,0,1,2,C,-,18,,,N,D,C,A,A,H,-,D,D,0,,,,,Y,,-,"- ",0,0,1,0,0,0,0,0,0,"- ","- ",32.773960113525391,-115.63764953613281,IMPERIAL,UNINCORPORATED,-115.63764953613281,32.773983001708984
91157492,2019,2020-01-02,9625,2019-12-26,0950,018279,,4,1,9,1300,0,3,5,,2,010,"BRANDT ROAD","STATE ROUTE 86",600.00,S,N,B,C,N,,,,,,,,,,Y,4,0,1,1,A,-,08,22107,,N,E,I,A,B,H,-,A,D,0,,,,,Y,,A,01,0,0,1,0,0,0,0,0,0,"- ","- ",32.976600646972656,-115.5614013671875,IMPERIAL,UNINCORPORATED,-115.56145477294922,32.977470397949219