CASE_ID,ACCIDENT_YEAR,PROC_DATE,JURIS,COLLISION_DATE,COLLISION_TIME,OFFICER_ID,REPORTING_DISTRICT,DAY_OF_WEEK,CHP_SHIFT,POPULATION,CNTY_CITY_LOC,SPECIAL_COND,BEAT_TYPE,CHP_BEAT_TYPE,CITY_DIVISION_LAPD,CHP_BEAT_CLASS,BEAT_NUMBER,PRIMARY_RD,SECONDARY_RD,DISTANCE,DIRECTION,INTERSECTION,WEATHER_1,WEATHER_2,STATE_HWY_IND,CALTRANS_COUNTY,CALTRANS_DISTRICT,STATE_ROUTE,ROUTE_SUFFIX,POSTMILE_PREFIX,POSTMILE,LOCATION_TYPE,RAMP_INTERSECTION,SIDE_OF_HWY,TOW_AWAY,COLLISION_SEVERITY,NUMBER_KILLED,NUMBER_INJURED,PARTY_COUNT,PRIMARY_COLL_FACTOR,PCF_CODE_OF_VIOL,PCF_VIOL_CATEGORY,PCF_VIOLATION,PCF_VIOL_SUBSECTION,HIT_AND_RUN,TYPE_OF_COLLISION,MVIW,PED_ACTION,ROAD_SURFACE,ROAD_COND_1,ROAD_COND_2,LIGHTING,CONTROL_DEVICE,CHP_ROAD_TYPE,PEDESTRIAN_ACCIDENT,BICYCLE_ACCIDENT,MOTORCYCLE_ACCIDENT,TRUCK_ACCIDENT,NOT_PRIVATE_PROPERTY,ALCOHOL_INVOLVED,STWD_VEHTYPE_AT_FAULT,CHP_VEHTYPE_AT_FAULT,COUNT_SEVERE_INJ,COUNT_VISIBLE_INJ,COUNT_COMPLAINT_PAIN,COUNT_PED_KILLED,COUNT_PED_INJURED,COUNT_BICYCLIST_KILLED,COUNT_BICYCLIST_INJURED,COUNT_MC_KILLED,COUNT_MC_INJURED,PRIMARY_RAMP,SECONDARY_RAMP,LATITUDE,LONGITUDE,COUNTY,CITY,POINT_X,POINT_Y
91160099,2019,2020-01-06,9625,2019-12-25,1328,018279,,3,1,9,1300,0,3,5,,2,020,"EDDINS ROAD","CORN ROAD",1056.00,W,N,A,-,N,,,,,,,,,,Y,2,0,2,1,A,-,01,23152,A,N,E,I,A,A,H,-,A,D,0,,,,,Y,Y,A,01,1,1,0,0,0,0,0,0,0,"- ","- ",33.125801086425781,-115.53389739990234,IMPERIAL,UNINCORPORATED,-115.53542327880859,33.125728607177734
91160480,2019,2020-01-07,9625,2019-12-25,1427,018930,,3,2,9,1300,0,2,4,,2,046,"DOGWOOD ROAD","FAWCETT ROAD",1500.00,S,N,A,-,N,,,,,,,,,,Y,4,0,1,1,A,-,08,22107,,N,E,I,A,A,H,-,A,D,0,,,,,Y,,A,01,0,0,1,0,0,0,0,0,0,"- ","- ",32.717601776123047,-115.53410339355469,IMPERIAL,UNINCORPORATED,-115.53427124023438,32.719249725341797
91162770,2019,2020-01-10,9625,2019-12-31,1612,019035,,2,2,9,1300,0,3,5,,2,040,"LA BRUCHERIE ROAD","WAHL ROAD",0.00,,Y,A,-,N,,,,,,,,,,Y,4,0,3,2,A,-,09,21802,A,N,D,C,A,A,H,-,A,A,0,,,,,Y,,A,01,0,0,3,0,0,0,0,0,0,"- ","- ",32.723598480224609,-115.57749938964844,IMPERIAL,UNINCORPORATED,-115.57868957519531,32.820308685302734
91163887,2020,2020-01-13,9625,2020-01-01,1844,020054,,3,2,9,1300,0,1,1,,2,003,"I-8 EASTBOUND","DUNAWAY ROAD",4752.00,W,N,A,-,Y,,,8,,,,,,E,Y,3,0,1,1,A,-,08,22107,,N,F,A,A,A,H,-,D,D,0,,,,,Y,,A,01,0,1,0,0,0,0,0,0,0,"- ","- ",32.765830993652344,-115.81495666503906,IMPERIAL,UNINCORPORATED,-115.81495666503906,32.765819549560547
91164073,2019,2020-01-13,9625,2019-12-31,1637,018792,,2,2,9,1300,0,1,3,,2,052,SR-98,"WEED ROAD",12.00,E,N,A,-,Y,,,98,,,,,,,Y,4,0,1,2,A,-,03,22350,,N,B,C,A,A,H,-,A,D,0,,,Y,,Y,,C,02,0,0,1,0,0,0,0,0,1,"- ","- ",32.679359436035156,-115.56845855712891,IMPERIAL,UNINCORPORATED,-115.56845855712891,32.679359436035156
91164167,2020,2020-01-13,9625,2020-01-02,0805,016248,,4,1,9,1300,0,2,4,,2,057,"EVAN HEWES HIGHWAY W/B",SR-115,100.00,W,N,A,-,N,,,,,,,,,,Y,3,0,1,2,A,-,07,21658,A,N,B,C,A,A,H,-,A,D,0,,,,,Y,,A,01,0,1,0,0,0,0,0,0,0,"- ","- ",32.805858612060547,-115.40646362304688,IMPERIAL,UNINCORPORATED,-115.40640258789062,32.805763244628906
91164233,2020,2020-01-13,9625,2020-01-04,2230,019668,,6,3,9,1300,0,1,3,,2,053,"SR-111 S/B","MCCABE ROAD",367.00,S,N,A,-,Y,,,111,,,,,,S,N,4,0,2,2,A,-,03,22350,,N,C,C,A,B,H,-,C,D,0,,,,,Y,,A,01,0,0,2,0,0,0,0,0,0,"- ","- ",32.751270294189453,-115.50093078613281,IMPERIAL,UNINCORPORATED,-115.50074768066406,32.751270294189453
91164265,2020,2020-01-13,9625,2020-01-04,1723,020516,,6,2,9,1300,0,3,5,,2,040,"CLARK ROAD","ATEN ROAD",268.00,S,N,A,-,N,,,,,,,,,,N,4,0,2,2,A,-,03,22350,,N,C,C,A,A,H,-,C,A,0,,,,,Y,,A,01,0,0,2,0,0,0,0,0,0,"- ","- ",32.824581146240234,-115.56156921386719,IMPERIAL,UNINCORPORATED,-115.56154632568359,32.824699401855469
91166326,2020,2020-01-15,9625,2020-01-04,1045,018279,,6,1,9,1300,0,1,1,,2,001,"I-8 E/B",SR-98,16368.00,W,N,A,-,Y,,,8,,,,,,E,Y,3,0,2,1,A,-,03,22350,,N,E,I,A,A,H,-,A,D,0,,,,,Y,,A,01,0,2,0,0,0,0,0,0,0,"- ","- ",32.701900482177734,-116.05528259277344,IMPERIAL,UNINCORPORATED,-116.05518341064453,32.701850891113281
91168199,2020,2020-01-20,9625,2020-01-07,1319,017055,,2,1,9,1300,0,3,5,,2,010,"WAKER ROAD","GENTRY ROAD",0.00,,Y,A,-,N,,,,,,,,,,Y,3,0,1,2,A,-,03,22350,,N,B,C,A,A,H,-,A,A,0,,,,Y,Y,,A,01,0,1,0,0,0,0,0,0,0,"- ","- ",33.075130462646484,-115.61464691162109,IMPERIAL,UNINCORPORATED,-115.61444854736328,33.075550079345703
91169579,2020,2020-01-21,9625,2020-01-09,2500,016248,,4,4,9,1300,0,1,1,,2,001,"I-8 E/B","MOUNTAIN SPRINGS ROAD",1584.00,E,N,A,-,Y,,,8,,,,,,E,Y,3,0,1,1,A,-,03,22350,,N,E,I,A,A,H,-,A,D,0,,,,,Y,,A,01,0,1,0,0,0,0,0,0,0,"- ","- ",32.672351837158203,-116.09104156494141,IMPERIAL,UNINCORPORATED,-116.09104156494141,32.672367095947266
91169657,2020,2020-01-21,9625,2020-01-09,0455,019225,,4,3,9,1300,0,3,5,,2,050,"HEBER ROAD","STATE ROUTE 111 N/B",50.00,E,N,A,-,Y,,,,,,,,,,Y,4,0,1,2,A,-,03,22350,,F,A,C,A,A,H,-,D,D,0,,,,,Y,,A,07,0,0,1,0,0,0,0,0,0,"- ","- ",32.730678558349609,-115.50006866455078,IMPERIAL,UNINCORPORATED,,
91170117,2020,2020-01-22,9625,2020-01-10,0443,018930,,5,3,9,1300,0,1,3,,2,024,SR-78,"BUTTERS ROAD",1100.00,E,N,A,-,Y,,,78,,,,,,,N,2,0,1,2,A,-,03,22350,,N,G,B,E,A,H,-,D,D,0,Y,,,,Y,,D,22,1,0,0,0,1,0,0,0,0,"- ","- ",32.974399566650391,-115.3634033203125,IMPERIAL,UNINCORPORATED,-115.3634033203125,32.97467041015625
91173375,2020,2020-01-24,9625,2020-01-21,1618,020263,,2,2,9,1300,0,1,1,,2,002,"I-8 W/B","MOUNTAIN SPRINGS ROAD",10560.00,E,N,A,G,Y,,,8,,,,,,W,Y,2,0,1,1,A,-,08,22107,,N,F,A,A,A,H,-,A,D,0,,,,,Y,,D,22,1,0,0,0,0,0,0,0,0,"- ","- ",32.709590911865234,-116.0660400390625,IMPERIAL,UNINCORPORATED,-116.06560516357422,32.709766387939453
91174202,2020,2020-01-27,9625,2020-01-17,2042,018773,,5,2,9,1300,0,1,3,,2,052,SR-98,"BONESTEELE ROAD",2640.00,E,N,A,-,Y,,,98,,,,,,,Y,2,0,4,2,A,-,06,21751,,N,B,C,A,A,H,-,D,D,0,,,,,Y,,A,01,1,0,3,0,0,0,0,0,0,"- ","- ",32.694351196289062,-115.31848907470703,IMPERIAL,UNINCORPORATED,-115.31848907470703,32.694377899169922
91174633,2019,2020-01-29,9625,2019-09-29,0730,016248,,7,1,9,1300,0,1,3,,2,053,"SR-111 N/B",I-8,1130.00,S,N,A,-,Y,,,111,,,,,,N,Y,1,1,2,4,A,-,08,22107,,F,C,G,A,A,H,-,A,D,0,,Y,,,Y,Y,A,01,2,0,0,0,0,1,2,0,0,"- ","- ",32.770500183105469,-115.50093841552734,IMPERIAL,UNINCORPORATED,-115.5010986328125,32.770492553710938
91175887,2019,2020-01-29,9625,2019-12-01,1838,019225,,7,2,9,1300,0,1,1,,2,005,"I-8 E/B","MILLER ROAD",3000.00,W,N,A,-,Y,,,8,,,,,,E,Y,1,1,5,3,A,-,08,22107,,N,C,E,E,A,H,-,D,D,0,Y,,,,Y,,A,01,0,3,2,0,1,0,0,0,0,"- ","- ",32.773151397705078,-115.31271362304688,IMPERIAL,UNINCORPORATED,-115.31271362304688,32.773189544677734
91175920,2020,2020-01-29,9625,2020-01-20,1545,020263,,1,2,9,1300,0,1,3,,2,043,SR-86,"MCCABE ROAD",0.00,,Y,B,-,Y,,,,,,,,,,Y,3,0,4,2,A,-,12,21453,A,N,D,C,A,A,H,-,A,A,0,,,,,Y,,A,01,0,4,0,0,0,0,0,0,0,"- ","- ",32.778228759765625,-115.50361633300781,IMPERIAL,UNINCORPORATED,-115.55182647705078,32.752368927001953
91179525,2020,2020-02-04,9625,2020-01-27,1830,018464,,1,2,9,1300,0,1,3,,1,021,SR-111,"ENGLISH ROAD",795.00,S,N,A,-,Y,,,111,,,,,,,Y,4,0,1,2,A,-,01,23152,A,N,B,C,A,A,H,-,D,D,0,,,,,Y,Y,A,07,0,0,1,0,0,0,0,0,0,"- ","- ",33.254638671875,-115.53988647460938,IMPERIAL,UNINCORPORATED,-115.53988647460938,33.254646301269531
91179983,2020,2020-02-04,9625,2020-01-23,1019,017432,,4,1,9,1300,0,2,4,,2,046,"DOGWOOD ROAD","KEYSTONE ROAD",4752.00,S,N,A,-,N,,,,,,,,,,Y,4,0,1,1,A,-,03,22350,,N,E,I,A,A,H,-,A,D,0,,,,,Y,,A,08,0,0,1,0,0,0,0,0,0,"- ","- ",32.899559020996094,-115.53568267822266,IMPERIAL,UNINCORPORATED,-115.53553771972656,32.899734497070312
9118043,2020,2020-09-15,1304,2020-06-10,0810,359,,3,5,4,1304,0,0,0,,0,,"MAIN ST","12TH ST",0.00,,Y,A,-,N,,,,,,,,,,Y,4,0,1,2,A,-,01,23152,A,N,D,C,A,A,H,-,A,A,0,,,,,Y,Y,A,01,0,0,1,0,0,0,0,0,0,"- ","- ",,,IMPERIAL,"EL CENTRO",-115.56553649902344,32.792831420898438
91180706,2020,2020-02-05,9625,2020-02-01,1655,019225,,6,2,9,1300,0,1,1,,2,005,"I-8 EB FROM SR-111 SB","INTERSTATE 8 EB",280.00,S,N,A,-,Y,,,8,,,,R,,E,Y,4,0,1,1,A,-,08,22107,,N,F,A,A,A,H,-,A,D,0,,,Y,,Y,,C,02,0,0,1,0,0,0,0,0,1,"- ","- ",32.772708892822266,-115.50180816650391,IMPERIAL,UNINCORPORATED,-115.50180816650391,32.772708892822266
91180770,2020,2020-02-05,9625,2020-02-03,1408,018279,,1,2,9,1300,0,3,5,,2,050,"BOWKER ROAD","JASPER ROAD",0.00,,Y,B,-,N,,,,,,,,,,Y,2,0,2,2,A,-,12,22450,A,N,D,C,A,A,H,-,A,A,0,,,,,Y,,A,01,1,1,0,0,0,0,0,0,0,"- ","- ",32.708530426025391,-115.46508026123047,IMPERIAL,UNINCORPORATED,-115.46510314941406,32.708560943603516
91183280,2020,2020-02-10,9625,2020-01-29,1615,017809,,3,2,9,1300,0,2,4,,2,047,"FORRESTER ROAD","ANDRE ROAD",15.00,S,N,A,-,N,,,,,,,,,,Y,2,0,1,2,A,-,05,21752,D,N,D,C,A,A,H,-,A,A,0,,,,Y,Y,,A,01,1,0,0,0,0,0,0,0,0,"- ","- ",33.015171051025391,-115.62158966064453,IMPERIAL,UNINCORPORATED,-115.62153625488281,33.015548706054688
91183288,2020,2020-02-10,9620,2020-02-05,1528,019582,,3,2,9,1300,0,1,1,,2,082,"I-8 E/B",SR-186,4752.00,W,N,A,-,Y,,,8,,,,,,E,Y,3,0,1,1,A,-,08,22107,,N,E,I,A,A,H,-,A,D,0,,,,,Y,,A,01,0,1,0,0,0,0,0,0,0,"- ","- ",32.745529174804688,-114.73513031005859,IMPERIAL,UNINCORPORATED,-114.73508453369141,32.74566650390625
91184037,2020,2020-02-10,9625,2020-02-02,1040,019035,,7,1,9,1300,0,3,5,,2,010,"WALKER ROAD","GENTRY ROAD",85.00,W,N,A,-,N,,,,,,,,,,Y,3,0,4,2,A,-,03,22350,,N,D,C,A,A,H,-,A,D,0,,,,,Y,,A,01,0,1,3,0,0,0,0,0,0,"- ","- ",33.074901580810547,-115.61460113525391,IMPERIAL,UNINCORPORATED,-115.61450958251953,33.075321197509766
91184065,2020,2020-02-10,9625,2020-01-23,0947,017727,,4,1,9,1300,0,3,5,,2,020,"GENTRY ROAD","VAIL ROAD",1756.00,S,N,A,-,N,,,,,,,,,,Y,2,0,2,2,A,-,03,22350,,N,C,C,A,A,H,-,A,D,0,,,,,Y,,D,22,1,1,0,0,0,0,0,0,0,"- ","- ",33.099498748779297,-115.61409759521484,IMPERIAL,UNINCORPORATED,-115.61431121826172,33.099441528320312
91184594,2020,2020-02-11,9625,2020-01-24,0615,017727,,5,1,9,1300,0,3,5,,2,010,SR-78,SR-115,0.00,,Y,A,-,Y,,,78,,,,,,,Y,3,0,8,2,A,-,09,21801,A,N,D,C,A,A,H,-,D,D,0,,,,,Y,,M,51,0,7,1,0,0,0,0,0,0,"- ","- ",32.974201202392578,-115.40809631347656,IMPERIAL,UNINCORPORATED,-115.40810394287109,32.97418212890625
91184854,2020,2020-02-11,9625,2020-01-31,2230,019225,,5,3,9,1300,0,3,5,,2,010,"KALIN ROAD","CADY ROAD",500.00,N,N,A,-,N,,,,,,,,,,N,3,0,1,2,A,-,11,21954,A,F,G,B,E,A,H,-,D,D,0,Y,,,,Y,,N,60,0,1,0,0,1,0,0,0,0,"- ","- ",32.980510711669922,-115.57861328125,IMPERIAL,UNINCORPORATED,-115.57859039306641,32.980587005615234
91185032,2020,2020-02-12,9620,2020-02-09,1532,019291,,7,2,9,1300,0,1,3,,1,062,SR-186,I-8,1056.00,S,N,A,-,N,,,186,,,,,,,Y,4,0,1,3,A,-,03,22350,,N,C,C,A,A,H,-,A,D,0,,,,,Y,,D,22,0,0,1,0,0,0,0,0,0,"- ","- ",32.740558624267578,-114.72000885009766,IMPERIAL,UNINCORPORATED,-114.72003173828125,32.740550994873047
91185698,2020,2020-02-12,9625,2020-02-01,0435,018930,,6,3,9,1300,0,1,1,,2,002,"INTERSTATE 8 W/B","MOUNTAIN SPRINGS ROAD",31152.00,E,N,A,-,Y,,,8,,,,,,W,Y,3,0,1,1,A,-,08,22107,,N,E,I,A,A,H,-,D,D,0,,,,Y,Y,,G,27,0,1,0,0,0,0,0,0,0,"- ","- ",32.724899291992188,-116.03910064697266,IMPERIAL,UNINCORPORATED,-116.03910064697266,32.724929809570312
91186536,2020,2020-02-13,9620,2020-02-07,1445,019582,,5,2,9,1300,0,1,1,,2,082,"I-8 E/B","WINTERHAVEN DR",3696.00,E,N,A,-,Y,,,8,,,,,,E,Y,3,0,1,1,A,-,08,22107,,N,E,I,A,A,H,-,A,D,0,,,,,Y,,A,01,0,1,0,0,0,0,0,0,0,"- ","- ",32.734329223632812,-114.63951873779297,IMPERIAL,UNINCORPORATED,-114.63950347900391,32.734405517578125
91187788,2020,2020-02-17,9625,2020-02-05,1940,018792,,3,2,9,1300,0,1,1,,2,001,"INTERSTATE 8 E/B","MOUNTAIN SPRINGS ROAD",14256.00,E,N,A,-,Y,,,,,,,,,,Y,3,0,1,2,A,-,08,22107,,N,B,C,A,A,H,-,D,D,0,,,,,Y,,A,01,0,1,0,0,0,0,0,0,0,"- ","- ",32.6993408203125,-115.05914306640625,IMPERIAL,UNINCORPORATED,-116.06477355957031,32.688335418701172
91189564,2020,2020-02-19,9625,2020-02-07,0945,017727,,5,1,9,1300,0,1,3,,2,023,SR-115,"CHALUPNIK ROAD",1056.00,S,N,A,-,Y,,,115,,,,,,,Y,3,0,1,1,A,-,08,22107,,N,F,A,A,A,H,-,A,D,0,,,,,Y,,A,07,0,1,0,0,0,0,0,0,0,"- ","- ",33.024101257324219,-115.44889831542969,IMPERIAL,UNINCORPORATED,-115.44886779785156,33.024101257324219
91189578,2020,2020-02-19,9625,2020-02-04,0630,017055,,2,1,9,1300,0,1,3,,1,011,"SR-86 S/B",SR-78,0.00,,Y,A,-,Y,,,86,,,,,,S,Y,3,0,3,2,A,-,12,21453,A,N,D,C,A,A,H,-,A,A,0,,,,,Y,,A,01,0,1,2,0,0,0,0,0,0,"- ","- ",32.999271392822266,-115.58917236328125,IMPERIAL,UNINCORPORATED,-115.58922576904297,32.999229431152344
91190077,2019,2020-02-20,9625,2019-12-31,1355,019668,,2,1,9,1300,0,1,3,,1,012,"STATE ROUTE 86 S/B","SUNRISE DRIVE",0.00,,Y,A,-,Y,,,86,,,,,,S,Y,1,1,3,2,A,-,09,21804,A,N,D,C,A,A,H,-,A,A,0,,,,,Y,,A,01,1,2,0,0,0,0,0,0,0,"- ","- ",33.289230346679688,-115.97190093994141,IMPERIAL,UNINCORPORATED,-115.97193145751953,33.289207458496094
91190526,2020,2020-02-20,9625,2020-02-10,1140,016248,,1,1,9,1300,0,2,4,,2,057,"COUNTRY CLUB DRIVE","EVAN HEWES HIGHWAY",0.00,,Y,A,-,N,,,,,,,,,,Y,4,0,1,2,A,-,09,21802,A,N,D,C,A,A,H,-,A,A,0,,,,,Y,,A,01,0,0,1,0,0,0,0,0,0,"- ","- ",32.804271697998047,-115.42196655273438,IMPERIAL,UNINCORPORATED,-115.42196655273438,32.804431915283203
91192896,2020,2020-02-25,9625,2020-02-15,1210,017727,,6,1,9,1300,0,3,5,,2,020,"TED KIPF ROAD",SR-78,33792.00,S,N,A,-,N,,,,,,,,,,Y,3,0,1,1,A,-,03,22350,,N,F,A,A,A,H,-,A,D,0,,,,,Y,,A,01,0,1,0,0,0,0,0,0,0,"- ","- ",32.937999725341797,-114.98509979248047,IMPERIAL,UNINCORPORATED,-115.15781402587891,33.053451538085938
91193139,2020,2020-02-25,9625,2020-02-16,1120,017727,,7,1,9,1300,0,1,3,,1,022,SR-111,"HOT MINERAL SPA ROAD",5650.00,S,N,A,-,N,,,,,,,,,,Y,3,0,1,1,A,-,08,22107,,N,F,A,A,A,H,-,A,D,0,,,,,Y,,A,01,0,1,0,0,0,0,0,0,0,"- ","- ",33.371200561523438,-115.68009948730469,IMPERIAL,UNINCORPORATED,-115.67679595947266,33.371204376220703
91193165,2020,2020-02-25,9625,2020-02-22,1827,018792,,6,2,9,1300,0,1,1,,2,003,"INTERSTATE 8 E/B TO IMPERIAL AVE. N/B","IMPERIAL AVENUE",581.00,E,N,A,-,Y,,,,,,,,,,Y,3,0,1,1,A,-,08,22107,,N,E,I,A,A,H,-,C,A,0,,,,,Y,,D,22,0,1,0,0,0,0,0,0,0,"- ","- ",32.773540496826172,-115.56748199462891,IMPERIAL,UNINCORPORATED,-115.56748199462891,32.773792266845703
91193453,2020,2020-02-25,9625,2020-02-23,0841,018207,,7,1,9,1300,0,3,5,,2,040,"IMLER ROAD","FORRESTER ROAD",11088.00,W,N,A,-,N,,,,,,,,,,Y,4,0,1,1,A,-,08,22107,,N,E,I,A,A,H,-,A,D,0,,,,,Y,,A,01,0,0,1,0,0,0,0,0,0,"- ","- ",32.926460266113281,-115.65952301025391,IMPERIAL,UNINCORPORATED,-115.65753936767578,32.926502227783203
91194303,2019,2020-02-26,9625,2019-11-05,1015,013627,,2,1,9,1300,0,3,5,,2,050,"KAVANAUGH ROAD","HIGHLINE ROAD",118.00,E,N,A,-,N,,,,,,,,,,Y,1,1,0,1,A,-,08,22107,,N,E,I,A,A,H,-,A,D,0,,,,,Y,,D,22,0,0,0,0,0,0,0,0,0,"- ","- ",32.811000823974609,-115.31088256835938,IMPERIAL,UNINCORPORATED,-115.31041717529297,32.811084747314453
91198884,2020,2020-02-28,9625,2020-02-18,0750,017432,,2,1,9,1300,0,1,3,,2,053,"STATE ROUTE 111 (N/B)","ROSS ROAD",1056.00,S,N,A,-,Y,,,111,,,,,,,Y,4,0,3,2,A,-,03,22350,,N,C,C,A,A,H,-,A,A,0,,,,,Y,,D,22,0,0,3,0,0,0,0,0,0,"- ","- ",32.778568267822266,-115.50129699707031,IMPERIAL,UNINCORPORATED,-115.50139617919922,32.778564453125
91199408,2020,2020-03-02,9625,2020-02-19,0515,019668,,3,3,9,1300,0,3,5,,2,050,"ZENOS ROAD",SR-115,3552.00,W,N,A,-,N,,,,,,,,,,N,3,0,1,3,A,-,03,22350,,N,D,C,A,A,H,-,D,D,0,,,,Y,Y,,A,01,0,1,0,0,0,0,0,0,0,"- ","- ",32.811100006103516,-115.41766357421875,IMPERIAL,UNINCORPORATED,-115.41759490966797,32.811077117919922
91200162,2020,2020-03-02,9625,2020-02-19,0700,017055,,3,1,9,1300,0,2,4,,2,046,"DOGWOOD ROAD","HARRIS ROAD",4224.00,N,N,A,-,N,,,,,,,,,,Y,3,0,2,2,A,-,08,22107,,N,B,C,A,A,H,-,A,D,0,,,,,Y,,D,22,0,1,1,0,0,0,0,0,0,"- ","- ",32.895301818847656,-115.53546142578125,IMPERIAL,UNINCORPORATED,-115.53550720214844,32.895195007324219
91200190,2020,2020-03-02,9625,2020-02-19,1135,017432,,3,1,9,1300,0,1,3,,2,053,"STATE ROUTE 111 (S/B)","CHICK ROAD",1060.00,S,N,A,-,Y,,,111,,,,,,,Y,4,0,4,2,A,-,03,22350,,N,C,C,A,A,H,-,A,D,0,,,,,Y,,D,22,0,0,4,0,0,0,0,0,0,"- ","- ",32.764820098876953,-115.50102233886719,IMPERIAL,UNINCORPORATED,-115.50093078613281,32.764820098876953
91201034,2020,2020-03-03,9620,2020-02-25,2000,020738,,2,2,9,1300,0,2,4,,1,075,"PICACHO ROAD (S24)","HAUGHTELIN RD",528.00,S,N,A,G,N,,,,,,,,,,N,4,0,1,1,A,-,08,22107,,N,E,I,A,A,H,-,D,D,0,,,,,Y,,A,01,0,0,1,0,0,0,0,0,0,"- ","- ",32.765460968017578,-114.61611175537109,IMPERIAL,UNINCORPORATED,-114.61620330810547,32.76580810546875
91201066,2020,2020-03-03,9625,2020-03-01,2150,021107,,7,2,9,1300,0,1,3,,2,053,"STATE ROUTE 111","HEBER ROAD",0.00,,Y,A,G,Y,,,111,,,,,,,N,3,0,1,2,A,-,09,21801,A,N,D,C,A,A,H,-,C,A,0,,,,,Y,,A,01,0,1,0,0,0,0,0,0,0,"- ","- ",32.73065185546875,-115.49987030029297,IMPERIAL,UNINCORPORATED,-115.50040435791016,32.730640411376953
91201625,2020,2020-03-04,9625,2020-02-23,0730,017727,,7,1,9,1300,0,3,5,,2,010,"BRANDT ROAD","ANDRE ROAD",0.00,,Y,A,-,N,,,,,,,,,,Y,4,0,1,2,A,-,09,21802,A,N,D,C,A,A,H,-,A,A,0,,,,,Y,,A,07,0,0,1,0,0,0,0,0,0,"- ","- ",33.01544189453125,-115.56146240234375,IMPERIAL,UNINCORPORATED,-115.56141662597656,33.015480041503906
91201731,2020,2020-03-04,9625,2020-03-03,0458,020054,,2,3,9,1300,0,3,5,,2,040,"KEYSTONE ROAD","AUSTIN ROAD",3485.00,E,N,A,-,N,,,,,,,,,,Y,2,0,2,3,A,-,06,21751,,N,A,C,A,A,H,-,D,D,0,,,,,Y,Y,D,22,2,0,0,0,0,0,0,0,0,"- ","- ",32.912551879882812,-115.58347320556641,IMPERIAL,UNINCORPORATED,-115.5836181640625,32.912548065185547
91204122,2020,2020-03-09,9625,2020-02-29,0405,018930,,6,3,9,1300,0,1,3,,1,012,"SR-86 S/B","BRAWLEY AVENUE",2005.00,N,N,A,-,Y,,,86,,,,,,S,Y,2,0,2,1,A,-,08,22107,,N,E,I,A,A,H,-,D,D,0,,,,,Y,,A,01,1,1,0,0,0,0,0,0,0,"- ","- ",33.377399444580078,-116.02770233154297,IMPERIAL,UNINCORPORATED,-116.02777099609375,33.377346038818359
91205044,2020,2020-03-10,9620,2020-03-04,0525,016222,,3,3,9,1300,0,1,1,,2,081,"INTERSTATE 8 (W/B)","GORDONS WELL RD",4752.00,E,N,A,-,Y,,,8,,,,,,,Y,4,0,1,1,A,-,08,22107,,N,F,A,A,A,H,-,D,D,0,,,,,Y,,A,01,0,0,1,0,0,0,0,0,0,"- ","- ",32.708999633789062,-114.94339752197266,IMPERIAL,UNINCORPORATED,-114.94339752197266,32.708873748779297
91207002,2020,2020-03-12,9625,2020-03-10,0114,021107,,2,3,9,1300,0,1,1,,2,006,"INTERSTATE 8 W/B FROM N/B DOGWOOD ROAD","DOGWOOD ROAD",20.00,E,N,B,C,Y,,,,,,,,,,Y,4,0,1,2,A,-,03,22350,,N,D,C,A,B,H,-,C,A,0,,,,,Y,Y,A,01,0,0,1,0,0,0,0,0,0,"- ","- ",32.774791717529297,-115.53495025634766,IMPERIAL,UNINCORPORATED,-115.53514862060547,32.773899078369141
91207279,2020,2020-03-12,9620,2020-03-01,1255,018734,,7,1,9,1300,0,1,3,,1,063,"SR-78 (BEN HULSE HIGHWAY)","BLACK MOUNTAIN RD",6336.00,E,N,A,-,Y,,,78,,,,,,,N,2,0,1,2,A,-,06,21760,B,F,B,G,A,A,H,-,A,D,0,,Y,,,Y,,M,47,1,0,0,0,0,0,1,0,0,"- ","- ",33.136989593505859,-114.8778076171875,IMPERIAL,UNINCORPORATED,-114.87782287597656,33.137001037597656
91208315,2020,2020-03-16,9625,2020-03-04,1240,017432,,3,1,9,1300,0,1,1,,2,002,"INTERSTATE 8 (W/B)","STATE ROUTE 98",4752.00,W,N,A,-,Y,,,8,,,,,,,Y,4,0,1,2,A,-,03,22350,,N,C,C,A,A,H,-,A,D,0,,,,Y,Y,,G,25,0,0,1,0,0,0,0,0,0,"- ","- ",32.725238800048828,-116.03662109375,IMPERIAL,UNINCORPORATED,-116.03662109375,32.725234985351562
91209417,2020,2020-03-16,9625,2020-03-09,1950,019668,,1,2,9,1300,0,1,1,,2,001,"I-8 E/B","IN KO PAH PARK ROAD",6336.00,E,N,B,C,Y,,,8,,,,,,E,Y,4,0,1,1,A,-,03,22350,,N,E,I,A,B,H,-,D,D,0,,,,,Y,,A,01,0,0,1,0,0,0,0,0,0,"- ","- ",32.658000946044922,-116.09693145751953,IMPERIAL,UNINCORPORATED,-116.0970458984375,32.657974243164062