CASE_ID,ACCIDENT_YEAR,PROC_DATE,JURIS,COLLISION_DATE,COLLISION_TIME,OFFICER_ID,REPORTING_DISTRICT,DAY_OF_WEEK,CHP_SHIFT,POPULATION,CNTY_CITY_LOC,SPECIAL_COND,BEAT_TYPE,CHP_BEAT_TYPE,CITY_DIVISION_LAPD,CHP_BEAT_CLASS,BEAT_NUMBER,PRIMARY_RD,SECONDARY_RD,DISTANCE,DIRECTION,INTERSECTION,WEATHER_1,WEATHER_2,STATE_HWY_IND,CALTRANS_COUNTY,CALTRANS_DISTRICT,STATE_ROUTE,ROUTE_SUFFIX,POSTMILE_PREFIX,POSTMILE,LOCATION_TYPE,RAMP_INTERSECTION,SIDE_OF_HWY,TOW_AWAY,COLLISION_SEVERITY,NUMBER_KILLED,NUMBER_INJURED,PARTY_COUNT,PRIMARY_COLL_FACTOR,PCF_CODE_OF_VIOL,PCF_VIOL_CATEGORY,PCF_VIOLATION,PCF_VIOL_SUBSECTION,HIT_AND_RUN,TYPE_OF_COLLISION,MVIW,PED_ACTION,ROAD_SURFACE,ROAD_COND_1,ROAD_COND_2,LIGHTING,CONTROL_DEVICE,CHP_ROAD_TYPE,PEDESTRIAN_ACCIDENT,BICYCLE_ACCIDENT,MOTORCYCLE_ACCIDENT,TRUCK_ACCIDENT,NOT_PRIVATE_PROPERTY,ALCOHOL_INVOLVED,STWD_VEHTYPE_AT_FAULT,CHP_VEHTYPE_AT_FAULT,COUNT_SEVERE_INJ,COUNT_VISIBLE_INJ,COUNT_COMPLAINT_PAIN,COUNT_PED_KILLED,COUNT_PED_INJURED,COUNT_BICYCLIST_KILLED,COUNT_BICYCLIST_INJURED,COUNT_MC_KILLED,COUNT_MC_INJURED,PRIMARY_RAMP,SECONDARY_RAMP,LATITUDE,LONGITUDE,COUNTY,CITY,POINT_X,POINT_Y
91210027,2020,2020-03-17,9625,2020-02-17,0500,019667,,1,3,9,1300,0,1,3,,2,024,SR-78,"GREEN ROAD",12091.00,E,N,A,-,Y,,,78,,,,,,,Y,2,0,2,2,A,-,08,22107,,N,A,C,A,A,H,-,D,D,0,,,,,Y,,D,22,2,0,0,0,0,0,0,0,0,"- ","- ",32.970710754394531,-115.28357696533203,IMPERIAL,UNINCORPORATED,-115.28358459472656,32.970649719238281
91211606,2020,2020-03-19,9625,2020-03-10,0705,020263,,2,1,9,1300,0,3,5,,2,010,"WALKER ROAD","GENTRY ROAD",10.00,W,N,B,-,N,,,,,,,,,,Y,3,0,1,1,A,-,03,22350,,N,E,I,A,B,H,-,A,D,0,,,,,Y,,A,01,0,1,0,0,0,0,0,0,0,"- ","- ",33.074920654296875,-115.61498260498047,IMPERIAL,UNINCORPORATED,-115.61445617675781,33.075523376464844
91211843,2020,2020-03-19,9625,2020-03-09,0730,018617,,1,1,4,1304,1,4,S,,2,901,"PEPPER DRIVE","COTTONWOOD DRIVE",0.00,,Y,A,-,N,,,,,,,,,,N,4,0,4,2,A,-,09,21801,A,N,D,C,A,A,H,-,A,D,0,,,,,Y,,H,13,0,0,4,0,0,0,0,0,0,"- ","- ",32.779109954833984,-115.57199096679688,IMPERIAL,"EL CENTRO",-115.57192993164062,32.779048919677734
91212127,2020,2020-03-19,9625,2020-03-12,1645,018279,,4,2,9,1300,0,2,4,,2,046,"DOGWOOD RD","WILLOUGHBY ROAD",0.00,,Y,B,-,N,,,,,,,,,,Y,4,0,1,2,A,-,09,21802,A,N,D,C,A,B,H,-,A,A,0,,,,,Y,,A,01,0,0,1,0,0,0,0,0,0,"- ","- ",32.708499908447266,-115.53410339355469,IMPERIAL,UNINCORPORATED,-115.53408050537109,32.708450317382812
91212239,2020,2020-03-19,9620,2020-03-14,1425,020738,Quech,6,2,9,1300,0,2,4,,1,072,"WINTERHAVEN DRIVE","S24 (PICACHO ROAD)",4.00,E,N,B,-,N,,,,,,,,,,N,3,0,1,2,A,-,03,22350,,N,C,C,A,A,H,-,A,A,0,,,,,Y,,A,01,0,1,0,0,0,0,0,0,0,"- ","- ",32.736160278320312,-114.62686157226562,IMPERIAL,UNINCORPORATED,-114.62692199999999,32.736128000000001
91212375,2020,2020-03-19,9625,2020-03-15,1810,019668,,7,2,9,1300,0,1,1,,2,001,"I-8 E/B","IN KO PAH PARK ROAD",4118.00,E,N,A,-,Y,,,8,,,,,,E,N,2,0,2,1,A,-,03,22350,,N,F,A,A,A,H,-,A,D,0,,,Y,,Y,,C,02,1,1,0,0,0,0,0,0,2,"- ","- ",32.652488708496094,-116.09980773925781,IMPERIAL,UNINCORPORATED,-116.09986114501953,32.652538299560547
91212926,2020,2020-03-20,9625,2020-03-17,1030,016248,,2,1,9,1300,0,1,3,,1,044,"SR-86 N/B","AUSTIN ROAD",980.00,S,N,A,-,Y,,,86,,,,,,N,Y,4,0,1,1,A,-,08,22107,,N,F,A,A,A,H,-,A,D,0,,,,,Y,,A,07,0,0,1,0,0,0,0,0,0,"- ","- ",32.948490142822266,-115.56948852539062,IMPERIAL,UNINCORPORATED,-115.56967163085938,32.948604583740234
91213991,2020,2020-03-23,9620,2020-03-17,1050,016222,,2,1,9,1300,0,1,1,,2,082,"INTERSTATE 8 (W/B)","SR -186",1150.00,W,N,A,-,Y,,,8,,,,,,,Y,3,0,3,3,A,-,03,22350,,N,C,C,A,A,H,-,D,D,0,,,,Y,Y,,G,25,0,1,2,0,0,0,0,0,0,"- ","- ",32.744098663330078,-114.72350311279297,IMPERIAL,UNINCORPORATED,-114.7235107421875,32.744014739990234
91214512,2020,2020-03-24,9625,2020-03-18,1525,019668,,3,2,9,1300,0,3,5,,2,050,"BONDS CORNER ROAD","THIRD STREET",3168.00,S,N,B,-,N,,,,,,,,,,Y,4,0,1,2,A,-,06,21750,,M,C,C,A,A,H,-,A,D,0,,,,,Y,,A,01,0,0,1,0,0,0,0,0,0,"- ","- ",32.800769805908203,-115.36815643310547,IMPERIAL,UNINCORPORATED,,
91215059,2020,2020-03-24,9625,2020-03-16,1245,017727,,1,1,9,1300,0,3,5,,2,040,"EL CENTRO STREET","HOLT AVENUE",1350.00,E,N,A,-,N,,,,,,,,,,Y,4,0,1,3,A,-,08,22107,,N,A,E,A,A,H,-,A,D,0,,,,,Y,,A,01,0,0,1,0,0,0,0,0,0,"- ","- ",32.796501159667969,-115.68170166015625,IMPERIAL,UNINCORPORATED,-115.68169403076172,32.796497344970703
9121550,2020,2020-09-03,1304,2020-06-22,1451,E0145,ELCE,1,5,4,1304,0,0,0,,0,WEST,"IMPERIAL AV",BRADSHAW,0.00,,Y,A,-,N,,,,,,,,,,Y,3,0,3,2,A,-,12,21453,A,N,D,C,A,A,H,-,A,A,0,,,,,Y,,-,,0,3,0,0,0,0,0,0,0,"- ","- ",32.811119079589844,-115.56977081298828,IMPERIAL,"EL CENTRO",-115.56979,32.811079999999997
91215713,2020,2020-03-25,9620,2020-03-18,1425,020738,,3,2,9,1300,0,1,1,,2,081,"I-8 EASTBOUND","GORDONS WELL",9504.00,E,N,B,C,Y,,,8,,,,,,E,Y,2,0,2,2,A,-,08,22107,,N,D,D,A,B,H,-,A,D,0,,,,,Y,,D,22,1,1,0,0,0,0,0,0,0,"- ","- ",32.712188720703125,-114.92481994628906,IMPERIAL,UNINCORPORATED,-114.92478942871094,32.712123870849609
91217619,2020,2020-03-27,9620,2020-03-18,1330,016222,,3,1,9,1300,0,1,1,,2,081,"INTERSTATE 8 W/B","OGILBY RD",60.00,W,N,B,C,Y,,,8,,,,,,W,Y,3,0,1,1,B,-,22,,,N,F,A,A,B,H,-,A,D,0,,,,,Y,,-,98,0,1,0,0,0,0,0,0,0,"- ","- ",32.760601043701172,-114.83779907226562,IMPERIAL,UNINCORPORATED,-114.83779144287109,32.760738372802734
91218396,2020,2020-03-30,9625,2020-03-19,1401,018792,,4,2,9,1300,0,3,5,,2,040,"IMPERIAL HIGHWAY","IMPERIAL PLACE",30.00,S,N,A,-,N,,,,,,,,,,Y,3,0,1,1,A,-,03,22350,,N,F,A,A,A,H,-,A,D,0,,,,Y,Y,,G,25,0,1,0,0,0,0,0,0,0,"- ","- ",32.747058868408203,-115.99452972412109,IMPERIAL,UNINCORPORATED,-115.99492645263672,32.74713134765625
91218451,2020,2020-03-30,9625,2020-03-19,1700,018279,,4,2,9,1300,0,1,3,,1,042,SR-98,"IMPERIAL HIGHWAY",1584.00,E,N,A,-,Y,,,98,,,,,,,Y,3,0,1,1,A,-,08,22107,,N,E,I,A,A,H,-,A,D,0,,,,,Y,Y,A,08,0,1,0,0,0,0,0,0,0,"- ","- ",32.724399566650391,-115.99009704589844,IMPERIAL,UNINCORPORATED,-115.99010467529297,32.724494934082031
91218628,2020,2020-03-30,9625,2020-03-27,0115,021107,,5,3,9,1300,0,3,5,,2,040,"WHEELER ROAD","HUFF ROAD",14784.00,W,N,A,-,N,,,,,,,,,,Y,2,0,3,1,A,-,08,22107,,N,F,A,A,A,H,-,D,D,0,,,,,Y,Y,A,07,3,0,0,0,0,0,0,0,0,"- ","- ",32.886051177978516,-115.76139831542969,IMPERIAL,UNINCORPORATED,-115.75160217285156,32.863300323486328
91219533,2020,2020-05-22,9625,2020-01-18,1135,017727,,6,1,9,1300,0,3,5,,2,010,"MOUNTAIN VIEW DRIVE","DESERT SHORES DRIVE",11.00,N,N,A,-,N,,,,,,,,,,N,1,1,4,9,A,-,16,24002,A,N,G,B,E,A,H,-,A,D,0,Y,,Y,,Y,,C,06,2,2,0,1,4,0,0,0,0,"- ","- ",33.406200408935547,-116.04149627685547,IMPERIAL,UNINCORPORATED,-116.04151153564453,33.406108856201172
91219673,2020,2020-04-01,9625,2020-03-23,1335,017727,,1,1,9,1300,0,3,5,,2,010,"BLACK SEA AVE","CORAL SEA AVE",90.00,S,N,A,-,N,,,,,,,,,,N,2,0,1,1,A,-,08,22107,,N,F,A,A,A,H,-,A,D,0,,,Y,,Y,,C,06,1,0,0,0,0,0,0,0,1,"- ","- ",33.335700988769531,-115.96330261230469,IMPERIAL,UNINCORPORATED,-115.9630126953125,33.335628509521484
91219840,2020,2020-04-02,9625,2020-03-24,1715,017809,,2,2,9,1300,0,1,3,,1,011,"STATE ROUTE 86 S/B","KALIN ROAD",0.00,,Y,A,-,Y,,,86,,,,,,S,Y,4,0,1,2,A,-,09,21802,A,N,D,C,A,A,H,-,A,A,0,,,,,Y,,D,22,0,0,1,0,0,0,0,0,0,"- ","- ",32.984401702880859,-115.57840728759766,IMPERIAL,UNINCORPORATED,-115.57814025878906,32.984626770019531
91219894,2020,2020-04-02,9625,2020-03-27,1440,017809,,5,2,9,1300,0,3,5,,2,010,"BAUGHMAN ROAD","DEAN ROAD",47.00,W,N,A,-,N,,,,,,,,,,Y,3,0,1,1,A,-,08,22107,,N,E,I,A,A,H,-,A,D,0,,,,,Y,,A,01,0,1,0,0,0,0,0,0,0,"- ","- ",33.030021667480469,-115.61386871337891,IMPERIAL,UNINCORPORATED,-115.61302947998047,33.03009033203125
91220495,2020,2020-04-03,9625,2020-03-30,0755,019225,,1,1,9,1300,0,1,1,,2,003,"I-8 E/B","DREW ROAD",1835.00,W,N,A,-,Y,,,8,,,,,,E,Y,2,0,4,1,A,-,08,22107,,N,F,A,A,A,H,-,A,D,0,,,,,Y,,A,07,2,0,2,0,0,0,0,0,0,"- ","- ",32.773811340332031,-115.69902038574219,IMPERIAL,UNINCORPORATED,-115.69902038574219,32.773845672607422
91220824,2020,2020-04-06,9625,2020-03-30,1350,018464,,1,1,9,1300,0,1,1,,2,006,"I-8 W/B",SR-98,21120.00,W,N,A,-,Y,,,8,,,,,,W,Y,3,0,1,2,A,-,03,22350,,N,C,C,A,A,H,-,A,D,0,,,,,Y,,A,01,0,1,0,0,0,0,0,0,0,"- ","- ",32.731201171875,-115.15396881103516,IMPERIAL,UNINCORPORATED,-115.15395355224609,32.731254577636719
91222555,2020,2020-04-07,9625,2020-01-24,1623,018773,,5,2,9,1300,0,3,5,,2,050,"BLODGETT ROAD","SHAW ROAD",85.00,E,N,A,-,N,,,,,,,,,,Y,1,1,1,1,A,-,08,22107,,N,E,I,A,A,H,-,A,D,0,,,,,Y,,A,01,1,0,0,0,0,0,0,0,0,"- ","- ",32.876331329345703,-115.39729309082031,IMPERIAL,UNINCORPORATED,-115.39729309082031,32.876361846923828
91223992,2020,2020-04-10,9625,2020-04-07,1435,018464,,2,2,9,1300,0,1,1,,2,005,"I-8 E/B TO SR-111 S/B","SR-111 S/B",320.00,W,N,A,-,Y,,,8,,,,R,,E,Y,4,0,3,1,A,-,08,22107,,N,F,A,A,A,H,-,A,D,0,,,,,Y,,A,01,0,0,3,0,0,0,0,0,0,"- ","- ",32.773220062255859,-115.50314331054688,IMPERIAL,UNINCORPORATED,-115.50314331054688,32.773220062255859
91224188,2020,2020-04-10,9625,2020-04-03,1535,018464,,5,2,9,1300,0,3,5,,2,050,"HEBER ROAD","CLAVERIE ROAD",1229.00,W,N,A,-,N,,,,,,,,,,Y,2,0,2,2,A,-,08,22107,,N,A,C,A,A,H,-,A,D,0,,,,,Y,,A,01,1,0,1,0,0,0,0,0,0,"- ","- ",32.730499267578125,-115.40470123291016,IMPERIAL,UNINCORPORATED,-115.40546500000001,32.730308999999998
91225652,2019,2020-04-14,9620,2019-09-13,2317,018703,Quech,5,3,9,1300,0,2,4,,1,075,"S-24 (PICACHO RD)","SAN PASQUAL SCHOOL ROAD",464.00,N,N,A,-,N,,,,,,,,,,Y,1,1,1,1,A,-,01,23152,A,N,E,I,A,A,H,-,D,D,0,,,,,Y,Y,A,01,1,0,0,0,0,0,0,0,0,"- ","- ",32.746841430664062,-114.61592864990234,IMPERIAL,UNINCORPORATED,-114.61597442626953,32.746837615966797
91226275,2020,2020-04-16,9625,2020-04-13,0445,019668,,1,3,9,1300,0,1,3,,2,052,SR-98,"BONESTEELE ROAD",3379.00,W,N,A,-,N,,,,,,,,,,Y,3,0,1,1,A,-,08,22107,,N,F,A,A,A,H,-,D,D,0,,,,,Y,,A,01,0,1,0,0,0,0,0,0,0,"- ","- ",32.772159576416016,-115.30876159667969,IMPERIAL,UNINCORPORATED,-115.32063293457031,32.694107055664062
91226577,2020,2020-04-16,9625,2020-04-10,0937,018930,,5,1,9,1300,0,1,1,,2,004,"INTERSTATE 8 W/B","WESTSIDE ROAD",3168.00,W,N,A,-,Y,,,8,,,,,,W,Y,2,0,1,1,A,-,08,22107,,N,F,A,A,A,H,-,A,D,0,,,,,Y,,A,01,1,0,0,0,0,0,0,0,0,"- ","- ",32.773700714111328,-115.74359893798828,IMPERIAL,UNINCORPORATED,-115.74364471435547,32.773902893066406
91226848,2020,2020-04-17,9625,2020-04-10,0835,016248,,5,1,9,1300,0,1,3,,2,053,"SR-111 S/B TO I-8 E/B",I-8,293.00,S,N,B,C,Y,,,111,,,,R,,S,Y,4,0,1,1,A,-,03,22350,,N,F,A,A,B,H,-,A,D,0,,,,,Y,,A,01,0,0,1,0,0,0,0,0,0,"- ","- ",32.772758483886719,-115.50177001953125,IMPERIAL,UNINCORPORATED,-115.50177001953125,32.772758483886719
91227740,2020,2020-04-20,9625,2020-04-17,2230,020054,,5,3,9,1300,0,1,3,,2,052,SR-98,I-8,8448.00,W,N,A,-,Y,,,98,,,,,,,Y,3,0,1,1,A,-,03,22350,,N,E,J,A,A,G,H,D,D,0,,,,,Y,,A,07,0,1,0,0,0,0,0,0,0,"- ","- ",32.709388732910156,-115.11618804931641,IMPERIAL,UNINCORPORATED,-115.11618804931641,32.709465026855469
91227977,2020,2020-04-21,9625,2020-04-15,1000,020111,,3,1,9,1300,0,1,3,,1,011,"SR-86 S/B","VENDEL ROAD",0.00,,Y,A,-,Y,,,86,,,,,,S,Y,3,0,1,2,A,-,09,21803,A,N,D,C,A,A,H,-,A,A,0,,,,,Y,,D,22,0,1,0,0,0,0,0,0,0,"- ","- ",33.038589477539062,-115.70780944824219,IMPERIAL,UNINCORPORATED,-115.70781707763672,33.03857421875
91227996,2020,2020-04-21,9625,2020-04-16,1338,016248,,4,1,9,1300,0,3,5,,2,020,"OLD HIGHWAY 111","SCHARTZ ROAD",0.00,,Y,A,-,N,,,,,,,,,,Y,4,0,2,2,A,-,09,21802,A,N,D,C,A,A,H,-,A,A,0,,,,,Y,,A,01,0,0,2,0,0,0,0,0,0,"- ","- ",32.941780090332031,-115.51046752929688,IMPERIAL,UNINCORPORATED,-115.51045989990234,32.941768646240234
91230572,2020,2020-04-28,9625,2020-04-16,1717,020516,,4,2,9,1300,0,3,5,,2,040,"STATE ROUTE 86","DOGWOOD ROAD",1135.00,W,N,A,-,Y,,,86,,,,,,,Y,3,0,1,2,A,-,03,22350,,N,C,C,A,A,D,-,A,A,0,,,,,Y,,A,01,0,1,0,0,0,0,0,0,0,"- ","- ",32.73065185546875,-115.538330078125,IMPERIAL,UNINCORPORATED,-115.538330078125,32.730659484863281
91233587,2020,2020-05-04,9625,2020-04-24,1800,019225,,5,2,9,1300,0,3,5,,2,050,"HEBER AVENUE","E. 6TH STREET",332.00,N,N,A,-,N,,,,,,,,,,Y,4,0,1,2,A,-,01,23152,G,N,B,E,A,A,H,-,A,D,0,,,,,Y,,A,01,0,0,1,0,0,0,0,0,0,"- ","- ",32.733371734619141,-115.52999877929688,IMPERIAL,UNINCORPORATED,-115.49350738525391,32.671787261962891
91233942,2020,2020-05-05,9625,2020-01-24,1645,022010,,5,2,9,1300,0,3,5,,2,050,"ROSS ROAD","BOWKER ROAD",1901.00,W,N,A,-,N,,,,,,,,,,Y,1,1,1,2,A,-,03,22350,,N,C,C,A,A,H,-,B,D,0,,,,,Y,,A,01,0,0,1,0,0,0,0,0,0,"- ","- ",32.781398773193359,-115.48016357421875,IMPERIAL,UNINCORPORATED,-115.47997283935547,32.781364440917969
91234151,2020,2020-05-05,9625,2020-04-30,1530,018279,,4,2,9,1300,0,3,5,,2,020,"HIGHLINE CANAL ROAD","BEAL ROAD",2640.00,N,N,A,-,N,,,,,,,,,,N,2,0,1,1,A,-,01,23152,A,N,H,A,A,A,H,-,A,D,0,,,,,Y,Y,M,47,1,0,0,0,0,0,0,0,0,"- ","- ",33.248500823974609,-115.48719787597656,IMPERIAL,UNINCORPORATED,-115.48661041259766,33.248046875
91235801,2020,2020-05-11,9625,2020-04-30,0215,019667,,4,3,9,1300,0,1,3,,1,011,"SR-86 N/B","ALLEN ROAD",1555.00,S,N,A,-,Y,,,86,,,,,,N,Y,4,0,1,1,A,-,01,23152,A,N,E,I,A,A,H,-,D,D,0,,,,,Y,Y,A,01,0,0,1,0,0,0,0,0,0,"- ","- ",33.100379943847656,-115.79212951660156,IMPERIAL,UNINCORPORATED,-115.79216766357422,33.100307464599609
91235819,2020,2020-05-11,9625,2020-05-03,2340,021107,,7,3,9,1300,0,1,3,,2,053,"STATE ROUTE 111 SOUTHBOUND","JASPER ROAD",860.00,N,N,A,-,Y,,,111,,,,,,S,N,4,0,2,3,A,-,03,22350,,F,C,C,A,A,H,-,D,D,0,,,,,Y,,-,99,0,0,2,0,0,0,0,0,0,"- ","- ",32.711078643798828,-115.49968719482422,IMPERIAL,UNINCORPORATED,-115.49944305419922,32.711082458496094
91235989,2020,2020-05-11,9625,2020-05-03,1938,018279,,7,2,9,1300,0,1,3,,2,053,"SR-111 S/B",SR-86,0.00,,Y,A,-,Y,,,111,,,,,,S,Y,3,0,2,2,A,-,09,21453,C,N,D,C,A,A,H,-,C,A,0,,,,,Y,,J,48,0,1,1,0,0,0,0,0,0,"- ","- ",32.730701446533203,-115.50050354003906,IMPERIAL,UNINCORPORATED,-115.50040435791016,32.730701446533203
91236281,2020,2020-05-11,9625,2020-05-07,1010,019668,,4,1,9,1300,0,1,3,,2,058,SR-86,"PARKYNS ROAD",188.00,E,N,A,-,Y,,,86,,,,,,,N,4,0,1,2,A,-,08,22107,,N,D,C,A,A,H,-,A,D,0,,,,,Y,,A,01,0,0,1,0,0,0,0,0,0,"- ","- ",32.73065185546875,-115.52822113037109,IMPERIAL,UNINCORPORATED,-115.52822113037109,32.730690002441406
91236291,2020,2020-05-12,9625,2020-05-04,1140,017901,,1,1,9,1300,0,3,5,,2,040,"IMPERIAL HIGHWAY",I-8,1188.00,S,N,A,-,N,,,,,,,,,,Y,4,0,2,2,A,-,09,21804,A,N,B,C,A,A,H,-,A,D,0,,,,,Y,,A,07,0,0,2,0,0,0,0,0,0,"- ","- ",32.730751037597656,-115.97427368164062,IMPERIAL,UNINCORPORATED,-115.99420166015625,32.734088897705078
91238945,2020,2020-05-18,9625,2020-05-09,2240,022010,,6,3,9,1300,0,1,3,,1,011,"N MARINA DRIVE","ARROW COURT",528.00,W,N,A,-,N,,,,,,,,,,Y,3,0,1,2,A,-,08,22107,,N,B,E,A,A,H,-,C,D,0,,,,,Y,,D,22,0,1,0,0,0,0,0,0,0,"- ","- ",33.316280364990234,-115.96505737304688,IMPERIAL,UNINCORPORATED,-115.96517181396484,33.316154479980469
91239224,2020,2020-05-18,9625,2020-05-09,1855,019225,,6,2,9,1300,0,3,5,,2,010,"WEST BOWLES ROAD","BOYLE ROAD",412.00,E,N,A,-,N,,,,,,,,,,Y,2,0,2,1,A,-,01,23152,A,N,E,I,A,A,H,-,A,D,0,,,,,Y,Y,D,22,1,1,0,0,0,0,0,0,0,"- ","- ",33.118488311767578,-115.62171173095703,IMPERIAL,UNINCORPORATED,-115.62142181396484,33.118480682373047
91239279,2020,2020-05-18,9625,2020-05-11,0620,016248,,1,1,9,1300,0,1,1,,2,006,"W/B I-8 TO NB SR-111","I-8 W/B",734.00,N,N,A,-,Y,,,8,,,,R,,,Y,4,0,1,1,A,-,08,22107,,N,F,A,A,A,H,-,A,D,0,,,,,Y,,A,01,0,0,1,0,0,0,0,0,0,"- ","- ",32.776008605957031,-115.50092315673828,IMPERIAL,UNINCORPORATED,-115.50092315673828,32.776008605957031
91243071,2020,2020-05-27,9625,2020-05-19,2121,018792,,2,2,9,1300,0,1,3,,1,021,SR-111,"RUTHERFORD ROAD",518.00,N,N,A,-,Y,,,111,,,,,,,N,2,0,1,2,A,-,11,21956,,N,G,B,E,A,H,-,D,D,0,Y,,,,Y,,N,60,1,0,0,0,1,0,0,0,0,"- ","- ",33.046070098876953,-115.52716827392578,IMPERIAL,UNINCORPORATED,-115.52713775634766,33.046066284179688
91243349,2020,2020-05-27,9625,2020-05-21,1705,020263,,4,2,4,1304,0,1,1,,2,004,"I-8 W/B","8TH STREET",1080.00,W,N,A,-,Y,,,8,,,,,,W,Y,4,0,1,1,A,-,01,23152,A,N,F,A,A,A,H,-,A,D,0,,,,,Y,Y,A,01,0,0,1,0,0,0,0,0,0,"- ","- ",32.773929595947266,-115.56494140625,IMPERIAL,"EL CENTRO",-115.56494140625,32.774051666259766
91243567,2020,2020-05-28,9625,2020-05-19,2243,020516,,2,3,9,1300,0,3,5,,2,050,"BOWKER ROAD","MCCABE ROAD",0.00,,Y,A,-,N,,,,,,,,,,Y,4,0,2,2,A,-,12,22450,A,N,D,C,A,A,H,-,D,A,0,,,,,Y,,D,22,0,0,2,0,0,0,0,0,0,"- ","- ",32.752029418945312,-115.46499633789062,IMPERIAL,UNINCORPORATED,-115.46501922607422,32.752109527587891
91243608,2020,2020-05-28,9625,2020-05-23,1700,018792,,6,2,9,1300,0,3,5,,2,020,"BRANDT ROAD","WALKER ROAD",3168.00,N,N,A,-,N,,,,,,,,,,Y,3,0,1,1,A,-,01,23152,A,N,F,A,A,A,H,-,A,A,0,,,,,Y,Y,D,22,0,1,0,0,0,0,0,0,0,"- ","- ",33.082561492919922,-115.56118011474609,IMPERIAL,UNINCORPORATED,-115.561279296875,33.081737518310547
91245164,2020,2020-05-29,9625,2020-04-17,2223,019035,,5,3,9,1300,0,1,3,,2,052,"STATE ROUTE 98","INTERSTATE 8 E/B",8436.00,W,N,A,-,Y,,,98,,,,,,,Y,1,1,1,2,A,-,05,21650,,N,A,C,A,A,H,-,D,D,0,,,,,Y,,A,01,0,0,1,0,0,0,0,0,0,"- ","- ",32.709300994873047,-115.11609649658203,IMPERIAL,UNINCORPORATED,-115.11609649658203,32.709465026855469
91246707,2020,2020-06-03,9625,2020-05-24,2040,020263,,7,2,9,1300,0,1,1,,2,006,"I-8 W/B","IMP MPM 60",100.00,W,N,A,-,Y,,,8,,,,,,W,Y,4,0,1,2,A,-,03,22350,,N,C,C,A,A,H,-,D,D,0,,,,,Y,Y,A,01,0,0,1,0,0,0,0,0,0,"- ","- ",32.739681243896484,-115.18102264404297,IMPERIAL,UNINCORPORATED,-115.18102264404297,32.739669799804688
91246708,2020,2020-06-03,9625,2020-05-23,1732,020263,,6,2,9,1300,0,1,3,,2,052,SR-98,"DOGWOOD ROAD",1340.00,E,N,A,-,Y,,,98,,,,,,,Y,3,0,2,2,A,-,01,23152,F,N,C,C,A,A,H,-,A,D,0,,,,,Y,,A,07,0,2,0,0,0,0,0,0,0,"- ","- ",32.679180145263672,-115.52847290039062,IMPERIAL,UNINCORPORATED,-115.52847290039062,32.679244995117188
91246850,2020,2020-06-03,9625,2020-05-24,0038,022010,,7,3,9,1300,0,1,3,,1,042,SR-98,"COYOTE #2 ROAD",3274.00,E,N,A,-,Y,,,98,,,,,,,Y,4,0,3,1,A,-,08,22107,,N,F,J,A,A,H,-,D,D,0,,,,,Y,,A,01,0,0,3,0,0,0,0,0,0,"- ","- ",32.668479919433594,-115.86380767822266,IMPERIAL,UNINCORPORATED,-115.8638916015625,32.668941497802734
91249019,2020,2020-06-08,9625,2020-06-01,1800,019035,,1,2,9,1300,0,1,3,,2,052,SR-98,"MOUNT SIGNAL ROAD",28512.00,W,N,A,-,Y,,,98,,,,,,,Y,3,0,1,1,A,-,08,22107,,N,F,A,A,A,H,-,A,D,0,,,,,Y,,A,01,0,1,0,0,0,0,0,0,0,"- ","- ",32.675098419189453,-115.7843017578125,IMPERIAL,UNINCORPORATED,-115.78434753417969,32.675968170166016
91250431,2020,2020-06-10,9625,2020-06-03,1450,017809,,3,2,9,1300,0,3,5,,2,010,"STARDUST AVENUE","BLACK SEA AVENUE",0.00,,Y,A,-,N,,,,,,,,,,Y,4,0,1,2,A,-,09,21800,A,N,D,C,A,A,H,-,A,D,0,,,,,Y,,D,22,0,0,1,0,0,0,0,0,0,"- ","- ",33.335781097412109,-115.97162628173828,IMPERIAL,UNINCORPORATED,-115.97168731689453,33.335830688476562
91252649,2020,2020-06-16,9625,2020-06-11,0925,020054,,4,1,9,1300,0,3,5,,2,010,"BERING BLVD","CAMINO DRIVE",0.00,,Y,A,-,N,,,,,,,,,,N,4,0,3,2,A,-,09,21800,A,N,D,C,A,A,H,-,A,D,0,,,,,Y,,A,01,0,0,3,0,0,0,0,0,0,"- ","- ",33.338520050048828,-115.98063659667969,IMPERIAL,UNINCORPORATED,-115.98061370849609,33.338600158691406
91253697,2020,2020-06-18,9625,2020-06-12,0500,020054,,5,3,9,1300,0,3,5,,2,010,"AUSTIN ROAD","WEAVER ROAD",2270.00,N,N,A,-,N,,,,,,,,,,Y,3,0,1,1,A,-,08,22107,,M,E,I,A,A,H,-,D,D,0,,,,,Y,,D,22,0,1,0,0,0,0,0,0,0,"- ","- ",32.939590454101562,-115.58096313476562,IMPERIAL,UNINCORPORATED,-115.58161926269531,32.938941955566406