CASE_ID,ACCIDENT_YEAR,PROC_DATE,JURIS,COLLISION_DATE,COLLISION_TIME,OFFICER_ID,REPORTING_DISTRICT,DAY_OF_WEEK,CHP_SHIFT,POPULATION,CNTY_CITY_LOC,SPECIAL_COND,BEAT_TYPE,CHP_BEAT_TYPE,CITY_DIVISION_LAPD,CHP_BEAT_CLASS,BEAT_NUMBER,PRIMARY_RD,SECONDARY_RD,DISTANCE,DIRECTION,INTERSECTION,WEATHER_1,WEATHER_2,STATE_HWY_IND,CALTRANS_COUNTY,CALTRANS_DISTRICT,STATE_ROUTE,ROUTE_SUFFIX,POSTMILE_PREFIX,POSTMILE,LOCATION_TYPE,RAMP_INTERSECTION,SIDE_OF_HWY,TOW_AWAY,COLLISION_SEVERITY,NUMBER_KILLED,NUMBER_INJURED,PARTY_COUNT,PRIMARY_COLL_FACTOR,PCF_CODE_OF_VIOL,PCF_VIOL_CATEGORY,PCF_VIOLATION,PCF_VIOL_SUBSECTION,HIT_AND_RUN,TYPE_OF_COLLISION,MVIW,PED_ACTION,ROAD_SURFACE,ROAD_COND_1,ROAD_COND_2,LIGHTING,CONTROL_DEVICE,CHP_ROAD_TYPE,PEDESTRIAN_ACCIDENT,BICYCLE_ACCIDENT,MOTORCYCLE_ACCIDENT,TRUCK_ACCIDENT,NOT_PRIVATE_PROPERTY,ALCOHOL_INVOLVED,STWD_VEHTYPE_AT_FAULT,CHP_VEHTYPE_AT_FAULT,COUNT_SEVERE_INJ,COUNT_VISIBLE_INJ,COUNT_COMPLAINT_PAIN,COUNT_PED_KILLED,COUNT_PED_INJURED,COUNT_BICYCLIST_KILLED,COUNT_BICYCLIST_INJURED,COUNT_MC_KILLED,COUNT_MC_INJURED,PRIMARY_RAMP,SECONDARY_RAMP,LATITUDE,LONGITUDE,COUNTY,CITY,POINT_X,POINT_Y
91255206,2020,2020-06-22,9625,2020-06-19,0320,020263,,5,3,9,1300,0,3,5,,2,020,"BEAL ROAD","LOW ROAD",5280.00,W,N,A,-,N,,,,,,,,,,Y,2,0,4,1,A,-,01,23152,A,N,F,A,A,A,H,-,D,D,0,,,,,Y,Y,A,07,2,2,0,0,0,0,0,0,0,"- ","- ",33.254688262939453,-115.47360992431641,IMPERIAL,UNINCORPORATED,-115.47621154785156,33.249118804931641
9125706,2020,2020-09-12,1304,2020-06-20,0107,E0187,EWEST,6,5,4,1304,0,0,0,,0,WEST,ADAMS,8TH,60.00,W,N,A,-,N,,,,,,,,,,N,3,0,1,2,A,-,09,21803,A,N,G,B,D,A,H,-,C,D,0,Y,,,,Y,,N,60,0,1,0,0,1,0,0,0,0,"- ","- ",,,IMPERIAL,"EL CENTRO",-115.56167602539062,32.796550750732422
91259351,2019,2020-06-26,9625,2019-10-02,1230,018279,,3,1,9,1300,0,3,5,,2,020,"ENGLISH ROAD","SCHRIMPF ROAD",0.00,,Y,A,-,N,,,,,,,,,,Y,1,2,3,2,A,-,09,21800,A,N,D,C,A,A,H,-,A,D,0,,,,,Y,,A,08,1,1,1,0,0,0,0,0,0,"- ","- ",33.198318481445312,-115.54496765136719,IMPERIAL,UNINCORPORATED,-115.54499053955078,33.198329925537109
91259961,2020,2020-06-29,9625,2020-06-21,1155,017727,,7,1,9,1300,0,3,5,,2,020,"WILKINS ROAD","GILLESPIE ROAD",255.00,S,N,A,-,N,,,,,,,,,,Y,2,0,1,1,A,-,08,22107,,N,F,A,A,A,H,-,A,D,0,,,Y,,Y,,C,02,1,0,0,0,0,0,0,0,1,"- ","- ",33.284358978271484,-115.52742004394531,IMPERIAL,UNINCORPORATED,-115.52823638916016,33.284896850585938
91260602,2020,2020-06-30,9620,2020-06-27,1610,018734,,6,2,9,1300,0,1,1,,2,081,"I-8 W/B",SR-98,850.00,E,N,A,-,Y,,,8,,,,,,W,Y,4,0,1,1,A,-,08,22107,,N,E,I,A,A,H,-,A,D,0,,,,,Y,,A,01,0,0,1,0,0,0,0,0,0,"- ","- ",32.709941864013672,-115.08615112304688,IMPERIAL,UNINCORPORATED,-115.08619689941406,32.709785461425781
91261142,2020,2020-06-30,9625,2020-06-23,1515,019035,,2,2,9,1300,0,3,5,,2,040,"ROSS ROAD","NICHOLS ROAD",54.00,W,N,A,-,N,,,,,,,,,,Y,4,0,1,2,A,-,03,22350,,N,C,C,A,A,H,-,A,D,0,,,,Y,Y,,A,01,0,0,1,0,0,0,0,0,0,"- ","- ",32.781398773193359,-115.60369873046875,IMPERIAL,UNINCORPORATED,-115.60361480712891,32.781459808349609
91264453,2020,2020-07-07,9625,2020-06-27,0052,021107,,6,3,9,1300,0,2,4,,2,045,"EVAN HEWES HIGHWAY","SILSBEE ROAD",598.00,E,N,A,-,N,,,,,,,,,,Y,3,0,2,1,A,-,08,22107,,N,E,I,A,A,H,-,D,D,0,,,,,Y,,A,01,0,1,1,0,0,0,0,0,0,"- ","- ",32.796600341796875,-115.64376831054688,IMPERIAL,UNINCORPORATED,-115.64451599121094,32.79656982421875
91264767,2020,2020-07-07,9625,2020-06-30,0845,019225,,2,1,9,1300,0,3,5,,2,040,"CLARK ROAD","WILLOUGHBY ROAD",247.00,S,N,A,-,N,,,,,,,,,,Y,3,0,1,1,A,-,01,23152,A,N,E,I,A,A,H,-,A,D,0,,,,,Y,Y,A,01,0,1,0,0,0,0,0,0,0,"- ","- ",32.707168579101562,-115.55976104736328,IMPERIAL,UNINCORPORATED,-115.55986022949219,32.707836151123047
91265176,2020,2020-07-08,9625,2020-07-06,0450,018468,,1,3,9,1300,0,3,5,,2,050,"EAST 7TH STREET","PARKYNS AVENUE",24.00,W,N,A,-,N,,,,,,,,,,Y,3,0,1,1,A,-,08,22107,,F,E,I,A,A,H,-,C,D,0,,,,,Y,,D,22,0,1,0,0,0,0,0,0,0,"- ","- ",32.731758117675781,-115.5289306640625,IMPERIAL,UNINCORPORATED,-115.52888488769531,32.731731414794922
91265538,2020,2020-07-13,9625,2020-07-02,0456,021107,,4,3,9,1300,0,1,1,,2,001,"INTERSTATE 8 E/B","MOUNTAIN SPRINGS ROAD",13042.00,E,N,A,-,Y,,,8,,,,,,E,Y,2,0,3,1,A,-,08,22107,,N,E,J,A,A,H,-,D,D,0,,,,,Y,,A,01,1,2,0,0,0,0,0,0,0,"- ","- ",32.685489654541016,-116.06566619873047,IMPERIAL,UNINCORPORATED,-116.06562042236328,32.685474395751953
91266885,2020,2020-07-10,9625,2020-07-01,1255,018930,,3,1,9,1300,0,1,3,,1,054,"SR-111 N/B","EVAN HEWES HIGHWAY",130.00,S,N,A,-,Y,,,111,,,,,,N,N,4,0,1,2,A,-,03,22350,,N,C,C,A,A,H,-,A,A,0,,,,,Y,,A,07,0,0,1,0,0,0,0,0,0,"- ","- ",32.799400329589844,-115.50029754638672,IMPERIAL,UNINCORPORATED,-115.50061798095703,32.799446105957031
91267865,2020,2020-07-13,9625,2020-07-03,0340,022010,,5,3,9,1300,0,1,1,,2,003,"INTERSTATE 8 E/B","SILSBEE ROAD",2693.00,W,N,A,-,Y,,,8,,,,,,E,Y,2,0,2,1,A,-,01,23152,A,N,E,I,A,A,H,-,D,D,0,,,,,Y,Y,A,01,1,1,0,0,0,0,0,0,0,"- ","- ",32.773578643798828,-115.65554046630859,IMPERIAL,UNINCORPORATED,-115.65554046630859,32.773796081542969
91269698,2020,2020-07-16,9625,2020-07-03,0923,018930,,5,1,9,1300,0,1,3,,2,053,"SR-111 N/B","HEBER ROAD",1530.00,S,N,A,-,Y,,,111,,,,,,N,Y,4,0,2,2,A,-,08,22107,,F,B,C,A,A,H,-,A,D,0,,,,,Y,,D,22,0,0,2,0,0,0,0,0,0,"- ","- ",32.725761413574219,-115.50019073486328,IMPERIAL,UNINCORPORATED,-115.50032806396484,32.725757598876953
91269909,2020,2020-07-16,9625,2020-07-13,2245,018468,,1,3,9,1300,0,3,5,,2,040,"ATEN ROAD","SILSBEE ROAD",9.00,W,N,A,-,N,,,,,,,,,,Y,3,0,1,1,A,-,01,23152,A,N,E,I,A,A,H,-,D,D,0,,,,,Y,Y,A,01,0,1,0,0,0,0,0,0,0,"- ","- ",32.825531005859375,-115.64649963378906,IMPERIAL,UNINCORPORATED,-115.64646148681641,32.825531005859375
91272548,2020,2020-07-22,9625,2020-07-12,0650,019035,,7,1,9,1300,0,2,4,,2,047,"FORRESTER ROAD","BLAIS ROAD",1350.00,N,N,A,-,N,,,,,,,,,,Y,4,0,2,1,A,-,08,22107,,N,E,I,A,A,H,-,A,D,0,,,,,Y,,D,22,0,0,2,0,0,0,0,0,0,"- ","- ",32.951000213623047,-115.622802734375,IMPERIAL,UNINCORPORATED,-115.62329864501953,32.951560974121094
91274746,2020,2020-07-27,9625,2020-07-21,1820,019667,,2,2,9,1300,0,2,4,,2,045,"EVAN HEWES HIGHWAY","HIGGINS LANE",22.00,E,N,A,-,N,,,,,,,,,,Y,4,0,2,2,A,-,05,21752,D,N,C,C,A,A,H,-,A,A,0,,,,,Y,,A,01,0,0,2,0,0,0,0,0,0,"- ","- ",32.796669006347656,-115.60189056396484,IMPERIAL,UNINCORPORATED,-115.60205841064453,32.796581268310547
91275924,2020,2020-07-28,9625,2020-07-25,0010,020738,,6,3,9,1300,0,1,3,,1,011,"SR-86 SOUTHBOUND","BUCK ROAD",2482.00,S,N,A,-,Y,,,86,,,,,,S,Y,2,0,2,1,A,-,01,23152,A,N,F,A,A,A,H,-,D,D,0,,,,,Y,Y,D,22,2,0,0,0,0,0,0,0,0,"- ","- ",33.037521362304688,-115.68453979492188,IMPERIAL,UNINCORPORATED,-115.68453979492188,33.03741455078125
91276707,2020,2020-07-30,9625,2020-07-18,0840,018930,,6,1,9,1300,0,1,1,,2,005,"INTERSTATE 8","VAN DER LINDEN ROAD",30.00,E,N,A,-,Y,,,,,,,,,,Y,4,0,1,1,A,-,03,22350,,N,F,I,A,A,H,-,A,D,0,,,,Y,Y,,G,27,0,0,1,0,0,0,0,0,0,"- ","- ",32.771900177001953,-115.28549957275391,IMPERIAL,UNINCORPORATED,,
91277359,2020,2020-07-30,9625,2020-07-28,1230,018368,,2,1,9,1300,0,1,3,,1,012,"SR-86 N/B","BLACK DIAMOND ROAD",0.00,,Y,A,-,Y,,,86,,,,,,N,Y,3,0,2,2,A,-,09,21802,A,N,D,C,A,A,H,-,A,A,0,,,,,Y,,D,22,0,2,0,0,0,0,0,0,0,"- ","- ",33.3572998046875,-116.01869964599609,IMPERIAL,UNINCORPORATED,-116.01844787597656,33.357379913330078
91281108,2020,2020-08-05,9625,2020-08-01,0320,022010,,6,3,9,1300,0,3,5,,2,010,"LOVELAND ROAD","ANDRE ROAD",475.00,N,N,A,-,N,,,,,,,,,,Y,4,0,1,1,A,-,03,22350,,N,E,I,A,A,H,-,D,D,0,,,,,Y,,A,01,0,0,1,0,0,0,0,0,0,"- ","- ",33.022129058837891,-115.60437774658203,IMPERIAL,UNINCORPORATED,-115.60431671142578,33.016849517822266
91281319,2020,2020-08-05,9625,2020-07-27,0730,017727,,1,1,9,1300,0,3,5,,2,020,"ALBRIGHT ROAD","KERSHAW ROAD",6864.00,E,N,A,-,N,,,,,,,,,,Y,2,0,1,1,A,-,08,22107,,N,F,A,A,A,H,-,A,D,0,,,,Y,Y,,G,27,1,0,0,0,0,0,0,0,0,"- ","- ",33.103958129882812,-115.40740203857422,IMPERIAL,UNINCORPORATED,-115.48632049560547,33.103858947753906
91281715,2020,2020-08-06,9625,2020-07-29,2202,021107,,3,3,9,1300,0,3,5,,2,050,"HAVEN ROAD","ORCHARD ROAD",25.00,E,N,A,-,N,,,,,,,,,,Y,3,0,1,1,A,-,01,23152,F,N,E,I,A,A,H,-,C,D,0,,,,,Y,,A,01,0,1,0,0,0,0,0,0,0,"- ","- ",32.795978546142578,-115.38365173339844,IMPERIAL,UNINCORPORATED,-115.38363647460938,32.796070098876953
91281751,2020,2020-08-06,9625,2020-05-30,0552,018617,,6,3,9,1300,0,3,5,,2,020,"KERSHAW ROAD","WILLIAMS ROAD",295.00,N,N,A,-,N,,,,,,,,,,Y,1,1,0,1,A,-,08,22107,,N,E,I,A,A,H,-,A,D,0,,,,,Y,,A,01,0,0,0,0,0,0,0,0,0,"- ","- ",33.070121765136719,-115.50679779052734,IMPERIAL,UNINCORPORATED,-115.50675964355469,33.070789337158203
91284128,2020,2020-08-11,9625,2020-08-02,0137,020516,,7,3,9,1300,0,3,5,,2,040,"KRAMER ROAD","SILSBEE ROAD",16.00,E,N,A,-,N,,,,,,,,,,Y,2,0,1,1,A,-,01,23152,A,N,E,I,A,A,H,-,D,A,0,,,,,Y,Y,D,22,1,0,0,0,0,0,0,0,0,"- ","- ",32.76702880859375,-115.64640045166016,IMPERIAL,UNINCORPORATED,-115.64639282226562,32.766918182373047
91284496,2020,2020-08-11,9625,2020-08-04,1106,017809,,2,1,9,1300,0,1,1,,2,004,"I-8 W/B","DOGWOOD ROAD",2352.00,W,N,A,-,Y,,,,,,,,,,Y,2,0,1,2,A,-,03,22350,,N,C,C,A,A,H,-,A,A,0,,,,,Y,,A,01,1,0,0,0,0,0,0,0,0,"- ","- ",32.773918151855469,-115.54277801513672,IMPERIAL,UNINCORPORATED,-115.54281616210938,32.773872375488281
91285647,2020,2020-08-13,9625,2020-08-07,2330,021107,,5,3,9,1300,0,1,1,,2,005,"I-8 E/B","DOGWOOD ROAD",2575.00,E,N,A,-,Y,,,8,,,,,,E,Y,2,0,2,2,A,-,08,22107,,N,C,C,A,A,H,-,D,D,0,,,,,Y,,A,01,1,1,0,0,0,0,0,0,0,"- ","- ",32.773738861083984,-115.52674865722656,IMPERIAL,UNINCORPORATED,-115.52674865722656,32.773719787597656
91285936,2020,2020-08-13,9625,2020-08-06,2350,022010,,4,3,9,1300,0,1,1,,2,005,"I-8 E/B",SR-111,6494.00,W,N,A,-,Y,,,8,,,,,,E,Y,4,0,1,2,A,-,03,22350,,N,C,C,A,A,H,-,C,D,0,,,,Y,Y,Y,G,25,0,0,1,0,0,0,0,0,0,"- ","- ",32.773918151855469,-115.52327728271484,IMPERIAL,UNINCORPORATED,-115.52327728271484,32.773727416992188
91286454,2020,2020-09-02,9625,2020-08-10,2235,020111,,1,3,9,1300,0,3,5,,2,040,"ATEN ROAD","SILSBEE ROAD",1562.00,E,N,A,-,N,,,,,,,,,,Y,3,0,1,1,A,-,08,22107,,N,E,I,A,A,H,-,D,D,0,,,,,Y,,A,01,0,1,0,0,0,0,0,0,0,"- ","- ",32.825469970703125,-115.64134216308594,IMPERIAL,UNINCORPORATED,-115.64137268066406,32.825531005859375
91286532,2020,2020-08-14,9625,2020-08-08,0605,018930,,6,1,9,1300,0,1,1,,2,006,"INTERSTATE 8 W/B",SR-98,10560.00,W,N,A,-,Y,,,8,,,,,,W,Y,4,0,1,2,A,-,03,22350,,N,C,C,A,A,H,-,A,D,0,,,,,Y,,D,22,0,0,1,0,0,0,0,0,0,"- ","- ",32.717998504638672,-115.11150360107422,IMPERIAL,UNINCORPORATED,-115.11151123046875,32.717967987060547
91287043,2020,2020-08-17,9625,2020-08-09,1425,020263,,7,2,9,1300,0,1,3,,1,042,SR-98,"ROCKWOOD ROAD",0.00,,Y,A,-,Y,,,98,,,,,,,Y,3,0,1,2,A,-,05,21752,D,N,B,C,A,A,H,-,A,A,0,,,,,Y,,A,07,0,1,0,0,0,0,0,0,0,"- ","- ",32.679241180419922,-115.62091064453125,IMPERIAL,UNINCORPORATED,-115.62091064453125,32.679229736328125
91287242,2020,2020-08-17,9625,2020-08-17,0303,020738,,1,3,9,1300,0,1,1,,2,001,"I-8 E/B","MOUNTAIN SPRINGS ROAD",6917.00,E,N,A,-,Y,,,8,,,,,,E,Y,2,0,1,1,A,-,08,22107,,N,E,I,A,A,H,-,D,D,0,,,Y,,Y,,C,02,1,0,0,0,0,0,0,0,1,"- ","- ",32.673240661621094,-116.07778930664062,IMPERIAL,UNINCORPORATED,-116.07779693603516,32.673496246337891
91288168,2020,2020-08-18,9620,2020-08-11,1847,019291,,2,2,9,1300,0,1,1,,2,082,"I-8 W/B","SIDEWINDER RD",4224.00,E,N,A,-,Y,,,8,,,,,,W,Y,3,0,2,2,A,-,01,23152,A,N,C,C,A,A,H,-,B,A,0,,,,,Y,Y,A,01,0,1,1,0,0,0,0,0,0,"- ","- ",32.747211456298828,-114.74124145507812,IMPERIAL,UNINCORPORATED,-114.74124145507812,32.7470703125
91292383,2020,2020-08-25,9625,2020-08-23,2017,019668,,7,2,9,1300,0,3,5,,2,050,"PITZER ROAD","CORRELL ROAD",264.00,N,N,A,-,N,,,,,,,,,,N,4,0,1,2,A,-,05,21650,,F,G,B,E,A,H,-,D,D,0,Y,,,,Y,,A,01,0,0,1,0,1,0,0,0,0,"- ","- ",32.740428924560547,-115.51737976074219,IMPERIAL,UNINCORPORATED,-115.51741790771484,32.738590240478516
91292450,2020,2020-08-25,9625,2020-08-14,2115,018792,,5,2,9,1300,0,2,4,,2,046,"DOGWOOD ROAD","SCHARTZ ROAD",1581.00,N,N,A,-,N,,,,,,,,,,Y,2,0,2,1,A,-,03,22350,,N,E,I,A,A,H,-,D,D,0,,,,,Y,,A,01,1,0,1,0,0,0,0,0,0,"- ","- ",32.946281433105469,-115.53553009033203,IMPERIAL,UNINCORPORATED,-115.5355224609375,32.946109771728516
91296490,2020,2020-08-31,9620,2020-08-30,1330,020054,Quech,7,1,9,1300,0,2,4,,1,072,"WINTERHAVEN DR","I-8 E/B",425.00,S,N,A,-,N,,,,,,,,,,Y,4,0,1,1,C,-,18,,,N,E,I,A,A,H,-,D,D,0,,,,,Y,,-,"- ",0,0,1,0,0,0,0,0,0,"- ","- ",32.730480194091797,-114.62464141845703,IMPERIAL,UNINCORPORATED,,
91298273,2020,2020-09-03,9625,2020-08-28,1355,019582,,5,1,9,1300,0,3,5,,2,050,"OLD HIGHWAY 111","ATEN ROAD",1247.00,N,N,A,-,N,,,,,,,,,,N,3,0,1,1,A,-,08,22107,,N,F,A,A,A,H,-,A,D,0,,,Y,,Y,,C,02,0,1,0,0,0,0,0,0,1,"- ","- ",32.829460144042969,-115.50132751464844,IMPERIAL,UNINCORPORATED,-115.50125122070312,32.829177856445312
91299548,2020,2020-09-04,9625,2020-08-31,1518,020263,,1,2,9,1300,0,1,1,,2,004,"I-8 W/B","DUNAWAY ROAD",27826.00,W,N,A,-,Y,,,8,,,,,,W,Y,3,0,2,2,A,-,07,21658,A,N,C,C,A,A,H,-,A,D,0,,,,Y,Y,,E,22,0,2,0,0,0,0,0,0,0,"- ","- ",32.749748229980469,-115.91438293457031,IMPERIAL,UNINCORPORATED,-115.91438293457031,32.749752044677734
91300965,2020,2020-09-08,9625,2020-08-27,2145,022010,,4,2,9,1300,0,3,5,,2,020,"BEAL ROAD","CUFF ROAD",500.00,W,N,A,-,N,,,,,,,,,,N,4,0,1,1,A,-,03,22350,,N,F,A,A,A,A,-,D,D,0,,,Y,,Y,,C,02,0,0,1,0,0,0,0,0,1,"- ","- ",33.241741180419922,-115.49978637695312,IMPERIAL,UNINCORPORATED,-115.49616241455078,33.241806030273438
91301830,2020,2020-09-09,9625,2020-08-31,0735,018930,,1,1,9,1300,0,3,5,,2,040,"AUSTIN ROAD","ROSS ROAD",174.00,N,N,A,-,N,,,,,,,,,,Y,4,0,1,1,A,-,03,22350,,N,F,A,A,A,H,-,A,D,0,,,,,Y,,A,07,0,0,1,0,0,0,0,0,0,"- ","- ",32.781501770019531,-115.59500122070312,IMPERIAL,UNINCORPORATED,-115.59500885009766,32.781974792480469
91306588,2020,2020-09-17,9625,2020-07-03,1544,019667,,5,2,9,1300,0,1,1,,2,002,"INTERSTATE 8 W/B","MOUNTAIN SPRINGS ROAD",4278.00,W,N,A,-,Y,,,8,,,,,,W,Y,1,1,0,1,A,-,08,22107,,N,E,I,A,A,H,-,A,D,0,,,,,Y,,A,01,0,0,0,0,0,0,0,0,0,"- ","- ",32.671871185302734,-116.10643005371094,IMPERIAL,UNINCORPORATED,-116.10646057128906,32.671855926513672
91307151,2020,2020-09-18,9625,2020-09-14,0500,018468,,1,3,9,1300,0,1,3,,1,042,"STATE ROUTE 98","CORDA ROAD",5.00,W,N,A,-,Y,,,98,,,,,,,Y,4,0,4,2,A,-,05,21752,D,N,B,C,A,A,H,-,D,A,0,,,,,Y,,-,98,0,0,4,0,0,0,0,0,0,"- ","- ",32.679378509521484,-115.59573364257812,IMPERIAL,UNINCORPORATED,-115.59572601318359,32.679721832275391
91307482,2020,2020-09-18,9625,2020-09-14,1610,019668,,1,2,9,1300,0,1,3,,2,024,SR-78,"MCCONNELL ROAD",395.00,E,N,A,-,Y,,,78,,,,,,,Y,4,0,1,2,A,-,05,21650,,N,B,C,A,A,H,-,A,D,0,,,,Y,Y,,A,01,0,0,1,0,0,0,0,0,0,"- ","- ",32.978618621826172,-115.48072052001953,IMPERIAL,UNINCORPORATED,-115.48072052001953,32.978652954101562
91308132,2020,2020-09-21,9625,2020-09-16,0400,020516,,3,3,9,1300,0,1,3,,1,042,"STATE ROUTE 98","SIGNAL ROAD",19642.00,W,N,A,-,Y,,,98,,,,,,,Y,3,0,1,1,A,-,08,22107,,N,F,A,A,A,H,-,D,D,0,,,,,Y,,A,01,0,1,0,0,0,0,0,0,0,"- ","- ",32.677799224853516,-115.75016784667969,IMPERIAL,UNINCORPORATED,-115.75016784667969,32.677814483642578
91308254,2020,2020-09-21,9625,2020-09-19,0512,019582,,6,3,9,1300,0,1,1,,2,003,"I-8 E/B","JEFFERY ROAD",300.00,E,N,A,-,Y,,,8,,,,,,E,N,4,0,1,2,A,-,08,22107,,F,D,C,A,A,H,-,A,D,0,,,,,Y,,A,01,0,0,1,0,0,0,0,0,0,"- ","- ",32.773128509521484,-115.75911712646484,IMPERIAL,UNINCORPORATED,-115.75911712646484,32.773048400878906
91308419,2020,2020-09-21,9625,2020-06-05,2500,018930,,5,4,9,1300,0,1,1,,2,001,"I-8 E/B","MOUNTAIN SPRINGS ROAD",5280.00,W,N,A,G,Y,,,8,,,,,,E,Y,1,1,0,1,A,-,08,22107,,N,E,J,A,A,H,-,D,D,0,,,,,Y,,D,22,0,0,0,0,0,0,0,0,0,"- ","- ",32.669338226318359,-116.10556793212891,IMPERIAL,UNINCORPORATED,-116.10552215576172,32.669330596923828
91308471,2020,2020-09-21,9625,2020-09-17,1135,018617,,4,1,9,1300,0,3,5,,2,050,"BOWKER ROAD","GILLETT ROAD",104.00,S,N,A,-,N,,,,,,,,,,N,4,0,1,1,A,-,08,22107,,N,E,J,A,A,H,-,A,D,0,,,,,Y,,A,01,0,0,1,0,0,0,0,0,0,"- ","- ",32.785041809082031,-115.47379302978516,IMPERIAL,UNINCORPORATED,-115.47383117675781,32.784786224365234
91308572,2020,2020-09-21,9625,2020-09-15,1440,018792,,2,2,9,1300,0,1,3,,1,011,"SR-86 N/B",SR-78,251.00,S,N,A,-,Y,,,86,,,,,,N,N,4,0,1,2,A,-,03,22350,,N,C,C,A,A,H,-,A,A,0,,,,,Y,,E,22,0,0,1,0,0,0,0,0,0,"- ","- ",33.125068664550781,-115.85466003417969,IMPERIAL,UNINCORPORATED,-115.85479736328125,33.124996185302734
91312087,2020,2020-09-25,9625,2020-09-24,0824,019035,,4,1,9,1300,0,2,4,,2,046,"DOGWOOD ROAD","COLE ROAD",0.00,,Y,A,-,N,,,,,,,,,,Y,4,0,1,2,A,-,03,22350,,N,C,C,A,A,H,-,A,D,0,,,,,Y,,A,01,0,0,1,0,0,0,0,0,0,"- ","- ",32.693801879882812,-115.53399658203125,IMPERIAL,UNINCORPORATED,-115.53398132324219,32.694000244140625
91313579,2020,2020-09-28,9625,2020-09-18,1730,018792,,5,2,9,1300,0,1,3,,2,014,"SR-78 W/B (BRAWLEY BYPASS)","HOVLEY ROAD",96.00,E,N,A,-,Y,,,78,,,,,,W,Y,3,0,2,2,A,-,03,22350,,N,C,C,A,A,H,-,A,A,0,,,,Y,Y,,G,25,0,2,0,0,0,0,0,0,0,"- ","- ",33.002201080322266,-115.54366302490234,IMPERIAL,UNINCORPORATED,-115.54364776611328,33.002143859863281
9131373,2020,2020-09-14,1301,2020-06-29,1211,908,BRAWL,1,5,3,1301,0,0,0,,0,0B1,MAIN,8TH,0.00,,Y,A,-,N,,,,,,,,,,Y,4,0,1,2,A,-,12,21453,,N,D,C,A,A,H,-,A,A,0,,,,,Y,,A,01,0,0,1,0,0,0,0,0,0,"- ","- ",,,IMPERIAL,BRAWLEY,-115.53045654296875,32.978630065917969
9131602,2020,2020-09-30,1304,2020-07-10,1200,SEID,EAST,5,5,4,1304,0,0,0,,0,EAST,4TH,ORANGE,0.00,,Y,A,-,N,,,,,,,,,,Y,3,0,1,2,A,-,12,21453,A,N,A,G,A,A,H,-,A,D,0,,Y,,,Y,Y,L,04,0,1,0,0,0,0,1,0,0,"- ","- ",,,IMPERIAL,"EL CENTRO",-115.55251312255859,32.788768768310547
91318720,2020,2020-10-06,9625,2020-09-05,0700,018368,,6,1,9,1300,0,1,1,,2,002,"I-8 W/B","MOUNTAIN SPRINGS ROAD",180.00,W,N,A,-,Y,,,8,,,,,,W,Y,1,1,0,1,A,-,08,22107,,N,E,I,A,A,H,-,A,D,0,,,Y,,Y,,C,02,0,0,0,0,0,0,0,1,0,"- ","- ",32.678428649902344,-116.10016632080078,IMPERIAL,UNINCORPORATED,-116.10017395019531,32.678508758544922
91319548,2020,2020-10-07,9625,2020-09-25,0855,017727,,5,1,9,1300,0,1,1,,2,001,SR-78,SR-86,114.00,E,N,A,-,Y,,,78,,,,,,,Y,3,0,1,1,A,-,08,22107,,N,E,I,A,A,H,-,A,D,0,,,,,Y,,A,01,0,1,0,0,0,0,0,0,0,"- ","- ",32.999298095703125,-115.58830261230469,IMPERIAL,UNINCORPORATED,-115.58831787109375,32.999351501464844
91319936,2020,2020-10-08,9620,2020-09-29,0140,019953,Quech,2,3,9,1300,0,2,4,,1,075,"S24 (PICACHO ROAD)","QUECHAN DR",100.00,N,N,A,-,N,,,,,,,,,,Y,4,0,1,1,A,-,08,22107,,M,E,I,A,A,H,-,C,D,0,,,,,Y,,A,01,0,0,1,0,0,0,0,0,0,"- ","- ",32.739051818847656,-114.61592864990234,IMPERIAL,UNINCORPORATED,-114.61592,32.738860000000003
91323088,2020,2020-10-13,9625,2020-10-05,0423,021107,,1,3,9,1300,0,1,1,,2,004,"INTERSTATE 8 WESTBOUND","DUNAWAY ROAD",815.00,E,N,A,-,Y,,,8,,,,,,W,Y,2,0,1,2,A,-,03,22350,,N,C,C,A,A,H,-,D,D,0,,,,Y,Y,,A,01,1,0,0,0,0,0,0,0,0,"- ","- ",32.769550323486328,-115.79781341552734,IMPERIAL,UNINCORPORATED,-115.79782867431641,32.769649505615234
91326742,2020,2020-10-20,9625,2020-10-12,1745,018930,,1,2,9,1300,0,2,4,,2,046,"DOGWOOD ROAD","WORTHINGTON ROAD",12.00,N,N,A,-,N,,,,,,,,,,N,4,0,1,2,A,-,03,22350,,N,C,C,A,A,H,-,A,A,0,,,,,Y,,A,01,0,0,1,0,0,0,0,0,0,"- ","- ",32.847499847412109,-115.53569793701172,IMPERIAL,UNINCORPORATED,-115.53568267822266,32.847400665283203