CASE_ID,ACCIDENT_YEAR,PROC_DATE,JURIS,COLLISION_DATE,COLLISION_TIME,OFFICER_ID,REPORTING_DISTRICT,DAY_OF_WEEK,CHP_SHIFT,POPULATION,CNTY_CITY_LOC,SPECIAL_COND,BEAT_TYPE,CHP_BEAT_TYPE,CITY_DIVISION_LAPD,CHP_BEAT_CLASS,BEAT_NUMBER,PRIMARY_RD,SECONDARY_RD,DISTANCE,DIRECTION,INTERSECTION,WEATHER_1,WEATHER_2,STATE_HWY_IND,CALTRANS_COUNTY,CALTRANS_DISTRICT,STATE_ROUTE,ROUTE_SUFFIX,POSTMILE_PREFIX,POSTMILE,LOCATION_TYPE,RAMP_INTERSECTION,SIDE_OF_HWY,TOW_AWAY,COLLISION_SEVERITY,NUMBER_KILLED,NUMBER_INJURED,PARTY_COUNT,PRIMARY_COLL_FACTOR,PCF_CODE_OF_VIOL,PCF_VIOL_CATEGORY,PCF_VIOLATION,PCF_VIOL_SUBSECTION,HIT_AND_RUN,TYPE_OF_COLLISION,MVIW,PED_ACTION,ROAD_SURFACE,ROAD_COND_1,ROAD_COND_2,LIGHTING,CONTROL_DEVICE,CHP_ROAD_TYPE,PEDESTRIAN_ACCIDENT,BICYCLE_ACCIDENT,MOTORCYCLE_ACCIDENT,TRUCK_ACCIDENT,NOT_PRIVATE_PROPERTY,ALCOHOL_INVOLVED,STWD_VEHTYPE_AT_FAULT,CHP_VEHTYPE_AT_FAULT,COUNT_SEVERE_INJ,COUNT_VISIBLE_INJ,COUNT_COMPLAINT_PAIN,COUNT_PED_KILLED,COUNT_PED_INJURED,COUNT_BICYCLIST_KILLED,COUNT_BICYCLIST_INJURED,COUNT_MC_KILLED,COUNT_MC_INJURED,PRIMARY_RAMP,SECONDARY_RAMP,LATITUDE,LONGITUDE,COUNTY,CITY,POINT_X,POINT_Y
91327463,2020,2020-10-20,9625,2020-10-08,0924,016248,,4,1,9,1300,0,3,5,,2,050,"PITZER ROAD","CHICK ROAD",25.00,N,N,A,-,N,,,,,,,,,,Y,4,0,1,1,A,-,03,22350,,N,E,I,A,A,H,-,A,A,0,,,,,Y,,A,01,0,0,1,0,0,0,0,0,0,"- ","- ",32.766941070556641,-115.5177001953125,IMPERIAL,UNINCORPORATED,-115.51802062988281,32.766986846923828
91328807,2020,2020-10-21,9625,2020-10-13,1145,017809,,2,1,9,1300,0,3,5,,2,010,"PRIVATE PROPERTY (SALTON SEA AREA)",S-22,223.00,S,N,A,-,N,,,,,,,,,,Y,4,0,1,1,B,-,22,,,N,F,A,A,A,G,-,A,D,0,,,,,Y,,A,07,0,0,1,0,0,0,0,0,0,"- ","- ",33.276741027832031,-115.96729278564453,IMPERIAL,UNINCORPORATED,,
91329596,2020,2020-10-22,9625,2020-10-13,2120,018792,,2,2,9,1300,0,1,3,,1,054,"SR-111 S/B","EVAN HEWES HIGHWAY",83.00,N,N,A,-,Y,,,111,,,,,,S,Y,4,0,2,3,A,-,03,22350,,N,C,C,A,A,H,-,C,A,0,,,,,Y,,A,01,0,0,2,0,0,0,0,0,0,"- ","- ",32.800060272216797,-115.50074005126953,IMPERIAL,UNINCORPORATED,-115.50055694580078,32.800056457519531
91330537,2020,2020-10-23,9625,2020-10-15,1402,019582,,4,2,9,1300,0,3,5,,2,040,"EVAN HEWES HIGHWAY","AUSTIN ROAD",0.00,,Y,A,-,N,,,,,,,,,,Y,4,0,1,2,A,-,09,21802,B,N,D,C,A,A,H,-,A,A,0,,,,,Y,,A,01,0,0,1,0,0,0,0,0,0,"- ","- ",32.796531677246094,-115.59497833251953,IMPERIAL,UNINCORPORATED,-115.594970703125,32.79656982421875
91331304,2020,2020-10-26,9625,2020-10-15,0610,017727,,4,1,9,1300,0,1,1,,2,001,"NILE DRIVE","PAMPAS AVE",0.00,,Y,A,-,N,,,,,,,,,,N,4,0,2,2,A,-,03,22350,,N,C,C,A,A,H,-,C,D,0,,,,,Y,,A,07,0,0,2,0,0,0,0,0,0,"- ","- ",33.332199096679688,-115.96610260009766,IMPERIAL,UNINCORPORATED,-115.96604919433594,33.332160949707031
91331578,2020,2020-10-26,9625,2020-10-16,2321,020738,,5,3,9,1300,0,1,1,,2,006,"I-8 WESTBOUND","DOGWOOD ROAD",4330.00,E,N,A,-,Y,,,8,,,,,,W,Y,4,0,3,2,A,-,03,22350,,N,C,C,A,A,H,-,D,D,0,,,,,Y,,A,01,0,0,3,0,0,0,0,0,0,"- ","- ",32.773998260498047,-115.52127838134766,IMPERIAL,UNINCORPORATED,-115.52127838134766,32.773990631103516
91333123,2020,2020-10-28,9625,2020-10-16,1345,016248,,5,1,9,1300,0,1,3,,2,053,"SR-111 S/B TO I-8 E/B","I-8 E/B",269.00,S,N,A,-,Y,,,111,,,,R,,S,Y,4,0,1,1,A,-,03,22350,,N,E,I,A,A,H,-,A,D,0,,,,,Y,,A,07,0,0,1,0,0,0,0,0,0,"- ","- ",32.772850036621094,-115.50157165527344,IMPERIAL,UNINCORPORATED,-115.50157165527344,32.772850036621094
91333464,2020,2020-10-28,9625,2020-09-24,1015,017727,,4,1,9,1300,0,3,5,,2,020,"RUTHERFORD ROAD","JACKSON ROAD",241.00,E,N,A,-,N,,,,,,,,,,Y,1,1,0,1,A,-,08,22107,,N,E,I,A,A,H,-,A,D,0,,,,,Y,,D,22,0,0,0,0,0,0,0,0,0,"- ","- ",33.044540405273438,-115.46523284912109,IMPERIAL,UNINCORPORATED,-115.46527099609375,33.044570922851562
91336904,2020,2020-11-02,9625,2020-10-25,2312,020738,,7,3,9,1300,0,3,5,,2,040,"CLARK ROAD","WILLOUGHBY ROAD",528.00,S,N,G,-,N,,,,,,,,,,Y,4,0,1,1,A,-,08,22107,,N,F,A,A,A,H,-,D,D,0,,,Y,,Y,,C,02,0,0,1,0,0,0,0,0,1,"- ","- ",32.707069396972656,-115.55980682373047,IMPERIAL,UNINCORPORATED,-115.55985260009766,32.707069396972656
91337093,2020,2020-11-02,9625,2020-10-25,2038,020263,,7,2,9,1300,0,3,5,,2,020,"HUFF ROAD","IMLER ROAD",2640.00,S,N,A,-,N,,,,,,,,,,Y,3,0,2,1,A,-,03,22350,,N,E,I,A,A,H,-,D,D,0,,,,,Y,,D,22,0,1,1,0,0,0,0,0,0,"- ","- ",32.913650512695312,-115.71060180664062,IMPERIAL,UNINCORPORATED,-115.71692657470703,32.901824951171875
91337211,2020,2020-11-02,9625,2020-10-29,0620,017809,,4,1,9,1300,0,3,5,,2,040,"WAHL ROAD","LA BRUCHERIE ROAD",223.00,E,N,A,-,N,,,,,,,,,,Y,2,0,1,2,A,-,09,21801,A,N,A,C,A,A,H,-,D,D,0,,,Y,,Y,,A,01,1,0,0,0,0,0,0,0,1,"- ","- ",32.723388671875,-115.57684326171875,IMPERIAL,UNINCORPORATED,-115.57796478271484,32.820331573486328
91337309,2020,2020-11-02,9625,2020-10-31,1613,019225,,6,2,9,1300,0,1,3,,1,054,"SR-111 S/B","KEYSTONE ROAD",0.00,,Y,A,-,Y,,,111,,,,,,S,Y,3,0,2,2,A,-,09,21453,C,N,D,C,A,A,H,-,A,A,0,,,,,Y,,D,22,0,1,1,0,0,0,0,0,0,"- ","- ",32.912620544433594,-115.50923156738281,IMPERIAL,UNINCORPORATED,-115.50914001464844,32.912616729736328
91337333,2020,2020-11-02,9625,2020-10-31,1150,019668,,6,1,9,1300,0,3,5,,2,040,"HUFF ROAD","ADAIR ROAD",3255.00,S,N,A,-,N,,,,,,,,,,Y,4,0,2,1,A,-,03,22350,,N,F,A,A,A,H,-,A,D,0,,,,,Y,,A,01,0,0,2,0,0,0,0,0,0,"- ","- ",32.828090667724609,-115.71829986572266,IMPERIAL,UNINCORPORATED,-115.71835327148438,32.827510833740234
91337361,2020,2020-11-03,9625,2020-10-29,1620,018930,,4,2,9,1300,0,3,5,,2,050,"PARKYNS ROAD","NINTH STREET",0.00,,Y,A,-,N,,,,,,,,,,Y,4,0,1,2,A,-,09,21800,A,N,D,C,A,A,H,-,A,D,0,,,,,Y,,A,01,0,0,1,0,0,0,0,0,0,"- ","- ",32.729400634765625,-115.529296875,IMPERIAL,UNINCORPORATED,-115.52880859375,32.729610443115234
91338022,2020,2020-11-03,9625,2020-10-30,1150,018279,,5,1,9,1300,0,3,5,,2,040,"HUFF ROAD","WORTHINGTON ROAD",1161.00,N,N,A,-,N,,,,,,,,,,Y,3,0,2,1,A,-,08,22107,,N,E,I,A,A,H,-,A,D,0,,,,,Y,,A,01,0,2,0,0,0,0,0,0,0,"- ","- ",32.853801727294922,-115.71859741210938,IMPERIAL,UNINCORPORATED,-115.71858978271484,32.853443145751953
91339320,2020,2020-11-04,9625,2020-11-02,2230,019668,,1,3,9,1300,0,2,4,,2,046,"DOGWOOD ROAD","HARRIS ROAD",1191.00,N,N,A,-,N,,,,,,,,,,Y,4,0,1,1,A,-,08,22107,,N,F,A,A,A,H,-,D,D,0,,,,,Y,,A,07,0,0,1,0,0,0,0,0,0,"- ","- ",32.887180328369141,-115.53556823730469,IMPERIAL,UNINCORPORATED,-115.53549957275391,32.886905670166016
91339348,2020,2020-11-04,9620,2020-10-30,1840,017837,,5,2,9,1300,0,1,3,,1,063,SR-78,"STALLARD RD",26.00,W,N,A,-,Y,,,78,,,,,,,Y,2,0,1,1,A,-,08,22107,,N,E,I,A,A,H,-,D,D,0,,,,,Y,,D,22,1,0,0,0,0,0,0,0,0,"- ","- ",33.357818603515625,-114.72464752197266,IMPERIAL,UNINCORPORATED,-114.72474670410156,33.357810974121094
91341746,2020,2021-01-19,9625,2020-11-01,1430,018930,,7,2,9,1300,0,1,3,,2,024,SR-78,"OSBORNE PARK ROAD",9504.00,E,N,A,-,Y,,,78,,,,,,,N,1,1,0,1,C,-,18,,,N,H,A,A,A,H,-,A,D,0,,,,,Y,,-,"- ",0,0,0,0,0,0,0,0,0,"- ","- ",32.993801116943359,-115.10565185546875,IMPERIAL,UNINCORPORATED,-115.10565185546875,32.993808746337891
91343090,2020,2020-11-10,9625,2020-11-04,1440,016248,,3,2,9,1300,0,1,3,,2,052,SR-98,"HOLDRIDGE ROAD",3511.00,E,N,A,-,Y,,,98,,,,,,,Y,4,0,1,1,A,-,08,22107,,N,E,I,A,A,H,-,A,D,0,,,,,Y,,A,07,0,0,1,0,0,0,0,0,0,"- ","- ",32.705379486083984,-115.26502990722656,IMPERIAL,UNINCORPORATED,-115.26502990722656,32.705371856689453
91343853,2020,2020-11-12,9625,2020-11-03,2327,021107,,2,3,9,1300,0,1,1,,2,001,"INTERSTATE 8 E/B","IN-KO-PAH PARK ROAD",9715.00,E,N,A,-,Y,,,8,,,,,,E,Y,3,0,3,1,A,-,08,22107,,N,F,A,A,A,H,-,D,D,0,,,,,Y,,A,01,0,3,0,0,0,0,0,0,0,"- ","- ",32.663311004638672,-116.10516357421875,IMPERIAL,UNINCORPORATED,-116.10511016845703,32.663341522216797
91344435,2020,2020-11-12,9625,2020-11-05,1105,016248,,4,1,9,1300,0,2,4,,2,046,"DOGWOOD ROAD","VILLA ROAD",205.00,N,N,A,-,N,,,,,,,,,,Y,4,0,1,1,A,-,03,22350,,N,F,I,A,A,H,-,A,D,0,,,,,Y,,E,22,0,0,1,0,0,0,0,0,0,"- ","- ",32.804450988769531,-115.53565216064453,IMPERIAL,UNINCORPORATED,-115.535689,32.804335999999999
91345021,2020,2020-11-13,9625,2020-11-07,2121,018468,,6,2,9,1300,0,3,5,,2,040,"CLARK ROAD","MCCABE ROAD",0.00,,Y,A,-,N,,,,,,,,,,Y,3,0,3,2,A,-,12,22450,A,N,D,C,A,A,H,-,C,A,0,,,,,Y,,A,01,0,3,0,0,0,0,0,0,0,"- ","- ",32.75244140625,-115.56053924560547,IMPERIAL,UNINCORPORATED,-115.56049346923828,32.75244140625
91345985,2020,2020-11-16,9625,2020-11-11,2000,018368,,3,2,9,1300,0,1,3,,1,044,"SR-86 N/B","AUSTIN ROAD",897.00,S,N,A,-,Y,,,86,,,,,,N,Y,2,0,1,1,A,-,01,23152,A,N,E,I,A,A,H,-,D,D,0,,,Y,,Y,Y,C,02,1,0,0,0,0,0,0,0,1,"- ","- ",32.948371887207031,-115.56996154785156,IMPERIAL,UNINCORPORATED,-115.56983184814453,32.948310852050781
91347247,2020,2020-11-17,9625,2020-11-12,2015,019225,,4,2,9,1300,0,3,5,,2,010,"NORM NIVER ROAD","NURSERY ROAD",40.00,S,N,A,-,N,,,,,,,,,,Y,4,0,1,2,A,-,08,22107,,N,D,C,A,A,H,-,D,D,0,,,,Y,Y,,A,01,0,0,1,0,0,0,0,0,0,"- ","- ",33.357250213623047,-116.02100372314453,IMPERIAL,UNINCORPORATED,,
91348446,2020,2020-11-19,9625,2020-11-16,0248,018978,,1,3,9,1300,0,1,3,,1,012,"SR-86 N/B","CAMPBELL WASH",631.00,S,N,A,-,Y,,,86,,,,,,N,Y,2,0,1,1,A,-,08,22107,,N,E,I,A,A,H,-,D,D,0,,,,,Y,,A,01,1,0,0,0,0,0,0,0,0,"- ","- ",33.226539611816406,-115.92228698730469,IMPERIAL,UNINCORPORATED,-115.92229461669922,33.226539611816406
91350861,2020,2020-11-23,9620,2020-11-13,2031,019291,,5,2,9,1300,0,2,4,,1,061,"OGILBY RD",SR-78,46464.00,S,N,A,-,N,,,,,,,,,,Y,4,0,1,2,A,-,16,24002,A,F,E,J,A,A,H,-,D,D,0,,,,,Y,,E,22,0,0,1,0,0,0,0,0,0,"- ","- ",32.963069915771484,-114.89479064941406,IMPERIAL,UNINCORPORATED,-114.89476776123047,32.962699890136719
91354023,2020,2020-11-25,9625,2020-11-14,1144,022010,,6,1,9,1300,0,1,1,,2,005,"I-8 E/B FROM SR-111 S/B",SR-111,370.00,W,N,A,-,Y,,,8,,,,R,,E,Y,4,0,1,1,A,-,03,22350,,N,F,A,A,A,H,-,A,A,0,,,,,Y,,-,31,0,0,1,0,0,0,0,0,0,"- ","- ",32.772800445556641,-115.50169372558594,IMPERIAL,UNINCORPORATED,-115.50169372558594,32.772800445556641
91354078,2020,2020-11-25,9625,2020-11-14,1000,017727,,6,1,9,1300,0,1,3,,1,011,"SR-86 (S/B)","FREDRICKS ROAD",210.00,N,N,A,-,Y,,,86,,,,,,,N,4,0,2,2,A,-,03,22350,,M,C,C,A,A,H,-,A,A,0,,,,,Y,,E,22,0,0,2,0,0,0,0,0,0,"- ","- ",32.999900817871094,-115.58950042724609,IMPERIAL,UNINCORPORATED,-115.58936309814453,33.000007629394531
91358566,2020,2020-12-03,9625,2020-11-24,1306,016248,,2,1,9,1300,0,1,3,,2,053,"SR-111 S/B","HEBER ROAD",350.00,N,N,A,-,Y,,,111,,,,,,S,Y,4,0,1,3,A,-,03,22350,,N,C,C,A,A,H,-,A,A,0,,,,,Y,,A,08,0,0,1,0,0,0,0,0,0,"- ","- ",32.731681823730469,-115.50054931640625,IMPERIAL,UNINCORPORATED,-115.50042724609375,32.731681823730469
91361591,2020,2020-12-08,9625,2020-11-28,0530,018792,,6,3,9,1300,0,3,5,,2,020,"BLAIR ROAD","SCHRIMPF ROAD",542.00,S,N,A,-,N,,,,,,,,,,Y,4,0,1,1,A,-,01,23152,A,N,E,I,A,A,H,-,D,D,0,,,,,Y,Y,A,01,0,0,1,0,0,0,0,0,0,"- ","- ",33.196548461914062,-115.49330902099609,IMPERIAL,UNINCORPORATED,-115.49324798583984,33.19683837890625
91361980,2020,2020-12-09,9625,2020-11-29,0050,019667,,7,3,9,1300,0,3,5,,2,050,"HAWK STREET","HEBER AVENUE",16.00,W,N,A,-,N,,,,,,,,,,Y,3,0,4,3,A,-,08,22107,,F,E,I,A,A,H,-,C,D,0,,,,,Y,,A,01,0,3,1,0,0,0,0,0,0,"- ","- ",32.734939575195312,-115.53022766113281,IMPERIAL,UNINCORPORATED,-115.53014373779297,32.734851837158203
91362080,2020,2020-12-09,9625,2020-11-29,2230,018978,,7,3,9,1300,0,1,1,,2,001,"INTERSTATE 8 E/B","INKOPAH ROAD PARK ROAD",4370.00,E,N,A,-,Y,,,8,,,,,,E,Y,4,0,1,1,A,-,08,22107,,N,E,I,A,A,H,-,D,D,0,,,,,Y,,A,01,0,0,1,0,0,0,0,0,0,"- ","- ",32.653419494628906,-116.09915924072266,IMPERIAL,UNINCORPORATED,-116.09912109375,32.653388977050781
91363166,2020,2020-12-10,9625,2020-12-02,0410,020738,,3,3,9,1300,0,2,4,,2,046,"DOGWOOD ROAD","WEST MCCABE ROAD",1267.00,S,N,A,-,N,,,,,,,,,,Y,3,0,1,1,A,-,08,22107,,N,F,A,A,A,H,-,D,D,0,,,Y,,Y,,C,02,0,1,0,0,0,0,0,0,1,"- ","- ",32.748771667480469,-115.53476715087891,IMPERIAL,UNINCORPORATED,-115.53475189208984,32.748912811279297
91366262,2020,2020-12-14,9625,2020-12-04,1745,018930,,5,2,9,1300,0,1,3,,2,053,"SR-111 S/B","MCCABE ROAD",850.00,N,N,A,-,Y,,,111,,,,,,S,Y,4,0,1,2,A,-,03,22350,,N,C,C,A,A,H,-,D,A,0,,,,,Y,,A,08,0,0,1,0,0,0,0,0,0,"- ","- ",32.75360107421875,-115.50080108642578,IMPERIAL,UNINCORPORATED,-115.50077819824219,32.75360107421875
91368737,2020,2020-12-16,9625,2020-10-19,2318,019667,,1,3,9,1300,0,2,4,,2,046,"DOGWOOD ROAD","COLE ROAD",0.00,,Y,A,-,N,,,,,,,,,,Y,1,1,1,2,A,-,12,22450,A,N,D,C,A,A,H,-,D,A,0,,,,,Y,,A,01,0,1,0,0,0,0,0,0,0,"- ","- ",32.693771362304688,-115.53398895263672,IMPERIAL,UNINCORPORATED,-115.53398132324219,32.694000244140625
91368835,2020,2020-12-16,9625,2020-11-08,1712,018468,,7,2,9,1300,0,1,1,,2,001,"INTERSTATE 8 (E/B)","OLD HIGHWAY 80",6052.00,E,N,B,C,Y,,,8,,,,,,,Y,1,2,4,1,A,-,03,22350,,N,E,I,A,B,H,-,B,D,0,,,,,Y,,A,07,2,2,0,0,0,0,0,0,0,"- ","- ",32.656978607177734,-116.09691619873047,IMPERIAL,UNINCORPORATED,-116.09700012207031,32.657001495361328
91368836,2020,2020-12-16,9625,2020-12-04,1227,018933,,5,1,9,1300,0,3,5,,2,040,"AUSTIN ROAD",SR-86,38.00,S,N,A,-,Y,,,,,,,,,,Y,3,0,1,1,A,-,03,22350,,N,F,I,A,A,H,-,A,D,0,,,,,Y,,A,01,0,1,0,0,0,0,0,0,0,"- ","- ",32.950801849365234,-115.56749725341797,IMPERIAL,UNINCORPORATED,-115.56699371337891,32.95037841796875
91369297,2020,2021-01-29,9625,2020-11-06,2045,018930,,5,2,9,1300,0,3,5,,2,050,"ANZA ROAD","BOWKER ROAD",4224.00,E,N,B,-,N,,,,,,,,,,Y,1,1,1,3,A,-,11,21954,A,N,G,B,D,A,H,-,C,D,0,Y,,,,Y,,N,60,0,1,0,1,0,0,0,0,0,"- ","- ",32.668399810791016,-115.45169830322266,IMPERIAL,UNINCORPORATED,-115.45179748535156,32.668430328369141
91373121,2020,2020-12-22,9625,2020-12-15,0850,018368,,2,1,9,1300,0,3,5,,2,040,"HUFF ROAD","WHEELER ROAD",3789.00,N,N,A,-,N,,,,,,,,,,Y,3,0,1,1,A,-,08,22107,,N,E,I,A,A,H,-,A,D,0,,,,,Y,,A,01,0,1,0,0,0,0,0,0,0,"- ","- ",32.892250061035156,-115.71852111816406,IMPERIAL,UNINCORPORATED,-115.71848297119141,32.89208984375
91373429,2020,2020-12-22,9625,2020-12-16,1530,019582,,3,2,9,1300,0,2,4,,2,046,"DOGWOOD ROAD","COLE ROAD",0.00,,Y,A,-,N,,,,,,,,,,Y,2,0,4,2,A,-,09,21801,A,N,A,C,A,A,H,-,A,A,0,,,,,Y,,A,07,3,0,1,0,0,0,0,0,0,"- ","- ",32.693931579589844,-115.53370666503906,IMPERIAL,UNINCORPORATED,-115.53398132324219,32.694000244140625
9137364,2020,2020-09-24,1304,2020-07-22,1750,357,E1,3,5,4,1304,0,0,0,,0,WEST,ROSS,WATERMAN,80.00,W,N,A,-,N,,,,,,,,,,Y,3,0,2,2,A,-,08,22107,,N,D,C,A,A,H,-,A,A,0,,,,,Y,,-,,0,2,0,0,0,0,0,0,0,"- ","- ",,,IMPERIAL,"EL CENTRO",-115.57418823242188,32.781459808349609
91373821,2020,2020-12-23,9625,2020-12-17,0630,019225,,4,1,9,1300,0,1,3,,1,011,"SR-86 (SOUTHBOUND)","NORM NIVER ROAD",1300.00,N,N,A,-,Y,,,86,,,,,,,Y,3,0,2,1,A,-,08,22107,,N,E,I,A,A,H,-,A,D,0,,,,,Y,,A,01,0,2,0,0,0,0,0,0,0,"- ","- ",33.360828399658203,-116.01979827880859,IMPERIAL,UNINCORPORATED,-116.01988220214844,33.360805511474609
91373999,2020,2020-12-23,9625,2020-12-17,2030,019667,,4,2,9,1300,0,3,5,,2,040,"CLARK ROAD","HEBER ROAD",0.00,,Y,A,-,N,,,,,,,,,,Y,3,0,4,2,A,-,12,22450,A,N,D,C,A,A,H,-,D,A,0,,,,,Y,,A,01,0,2,2,0,0,0,0,0,0,"- ","- ",32.730628967285156,-115.56031799316406,IMPERIAL,UNINCORPORATED,-115.56031799316406,32.730640411376953
91374231,2020,2020-12-23,9625,2020-12-17,2040,018792,,4,2,9,1300,0,3,5,,2,010,"S-22 E/B","TAFT AVE",196.00,W,N,A,-,N,,,,,,,,,,Y,2,0,1,1,A,-,08,22107,,N,F,A,A,A,H,-,A,D,0,,,Y,,Y,,C,02,1,0,0,0,0,0,0,0,1,"- ","- ",33.277450561523438,-115.96733093261719,IMPERIAL,UNINCORPORATED,,
91376325,2020,2020-12-28,9625,2020-12-18,2202,021107,,5,3,9,1300,0,2,4,,2,046,"COLE ROAD","DOGWOOD ROAD",0.00,,Y,A,-,N,,,,,,,,,,Y,3,0,5,3,A,-,12,22450,A,N,D,C,A,A,H,-,D,A,0,,,,,Y,,A,01,0,3,2,0,0,0,0,0,0,"- ","- ",32.694038391113281,-115.53397369384766,IMPERIAL,UNINCORPORATED,-115.53398132324219,32.694000244140625
91376345,2020,2020-12-28,9625,2020-12-19,1523,019582,,6,2,9,1300,0,1,1,,2,003,"I-8 E/B","JEFFERY ROAD",1584.00,W,N,A,-,Y,,,8,,,,,,E,Y,3,0,1,2,A,-,08,22107,,N,B,C,A,A,H,-,A,D,0,,,Y,,Y,,C,02,0,1,0,0,0,0,0,0,1,"- ","- ",32.772960662841797,-115.76548004150391,IMPERIAL,UNINCORPORATED,-115.76548004150391,32.773052215576172
91376376,2020,2020-12-28,9625,2020-12-19,1154,020738,,6,1,9,1300,0,1,3,,1,054,"SR-111 SOUTHBOUND","EVAN HEWES HIGHWAY",3010.00,S,N,A,-,Y,,,111,,,,,,S,N,4,0,1,2,A,-,03,22350,,N,C,C,A,A,D,-,A,D,0,,,,,Y,,A,07,0,0,1,0,0,0,0,0,0,"- ","- ",32.791400909423828,-115.50086975097656,IMPERIAL,UNINCORPORATED,-115.50069427490234,32.791397094726562
91381309,2020,2021-01-05,9625,2020-12-31,0735,019225,,4,1,9,1300,0,3,5,,2,010,"KALIN ROAD","FREDRICKS ROAD",80.00,S,N,A,-,N,,,,,,,,,,Y,4,0,1,1,A,-,08,22107,,N,E,I,A,A,H,-,A,D,0,,,,,Y,,A,01,0,0,1,0,0,0,0,0,0,"- ","- ",33.000598907470703,-115.57859802246094,IMPERIAL,UNINCORPORATED,-115.57859039306641,33.000732421875
91381329,2021,2021-01-05,9625,2021-01-01,0045,020738,,5,3,9,1300,0,3,5,,2,040,"MCCABE ROAD","FORRESTER ROAD",1056.00,E,N,A,-,N,,,,,,,,,,Y,4,0,1,2,A,-,08,22107,,F,D,C,A,A,H,-,D,D,0,,,,,Y,,D,22,0,0,1,0,0,0,0,0,0,"- ","- ",32.752468109130859,-115.61708068847656,IMPERIAL,UNINCORPORATED,-115.61725616455078,32.752487182617188
91381344,2021,2021-01-05,9625,2021-01-01,0135,020263,,5,3,9,1300,0,2,4,,2,047,"FORRESTER ROAD","WORTHINGTON ROAD",0.00,,Y,A,-,N,,,,,,,,,,Y,3,0,3,2,A,-,01,23152,G,N,D,C,A,A,H,-,C,A,0,,,,,Y,Y,D,22,0,2,1,0,0,0,0,0,0,"- ","- ",32.847358703613281,-115.62074279785156,IMPERIAL,UNINCORPORATED,-115.62075805664062,32.847389221191406
91382858,2021,2021-01-06,9625,2021-01-04,1853,018468,,1,2,9,1300,0,1,3,,1,044,"STATE ROUTE 86 (N/B)","AUSTIN ROAD",0.00,,Y,A,-,Y,,,86,,,,,,,Y,4,0,1,1,A,-,08,22107,,N,E,I,A,A,H,-,D,D,0,,,,,Y,,A,07,0,0,1,0,0,0,0,0,0,"- ","- ",32.95037841796875,-115.56693267822266,IMPERIAL,UNINCORPORATED,-115.56694793701172,32.950428009033203
91383576,2020,2021-01-07,9625,2020-11-08,2130,020738,,7,2,9,1300,0,1,1,,2,001,"I-8 E/B","OLD HIGHWAY 80",6336.00,E,N,B,G,Y,,,8,,,,,,E,Y,1,1,1,1,A,-,08,22107,,N,F,A,A,B,H,-,D,D,0,,,,,Y,,A,01,1,0,0,0,0,0,0,0,0,"- ","- ",32.657741546630859,-116.09689331054688,IMPERIAL,UNINCORPORATED,-116.09698486328125,32.657718658447266
91386357,2021,2021-01-12,9620,2021-01-11,1202,018247,,1,1,9,1300,0,1,3,,1,063,SR-78,"MARLOWE RD.",6864.00,E,N,A,-,Y,,,78,,,,,,,N,4,0,1,2,A,-,06,21750,,N,B,C,A,A,H,-,A,D,0,,,,Y,Y,,A,01,0,0,1,0,0,0,0,0,0,"- ","- ",33.382038116455078,-114.72181701660156,IMPERIAL,UNINCORPORATED,-114.72188568115234,33.382041931152344
91386576,2021,2021-01-13,9625,2021-01-03,1408,020263,,7,2,9,1300,0,1,3,,1,012,"SR-86 S/B","SUNRISE DRIVE",0.00,,Y,A,-,Y,,,86,,,,,,S,Y,2,0,4,2,A,-,09,21803,A,N,D,C,A,A,H,-,A,A,0,,,,,Y,,A,08,2,2,0,0,0,0,0,0,0,"- ","- ",33.289321899414062,-115.97193145751953,IMPERIAL,UNINCORPORATED,-115.97198486328125,33.289276123046875
91386773,2021,2021-01-13,9625,2021-01-07,0620,016248,,4,1,9,1300,0,3,5,,2,050,"ORCHARD ROAD","EDWARDS ROAD",25.00,N,N,A,-,N,,,,,,,,,,N,2,0,1,2,A,-,09,21801,A,F,A,C,A,A,H,-,B,D,0,,,Y,,Y,,-,99,1,0,0,0,0,0,0,0,1,"- ","- ",32.788749694824219,-115.38368225097656,IMPERIAL,UNINCORPORATED,-115.38374328613281,32.788799285888672
91387049,2021,2021-01-13,9625,2021-01-11,1140,016248,,1,1,9,1300,0,1,3,,1,051,"SR-7 EXPRESSWAY NORTH","MENVIELLE ROAD",35.00,E,N,A,-,Y,,,7,,,,,,,Y,4,0,1,1,A,-,03,22350,,N,F,A,A,A,H,-,A,D,0,,,,Y,Y,,G,26,0,0,1,0,0,0,0,0,0,"- ","- ",32.682811737060547,-115.38896179199219,IMPERIAL,UNINCORPORATED,-115.38896179199219,32.682811737060547