CASE_ID,ACCIDENT_YEAR,PROC_DATE,JURIS,COLLISION_DATE,COLLISION_TIME,OFFICER_ID,REPORTING_DISTRICT,DAY_OF_WEEK,CHP_SHIFT,POPULATION,CNTY_CITY_LOC,SPECIAL_COND,BEAT_TYPE,CHP_BEAT_TYPE,CITY_DIVISION_LAPD,CHP_BEAT_CLASS,BEAT_NUMBER,PRIMARY_RD,SECONDARY_RD,DISTANCE,DIRECTION,INTERSECTION,WEATHER_1,WEATHER_2,STATE_HWY_IND,CALTRANS_COUNTY,CALTRANS_DISTRICT,STATE_ROUTE,ROUTE_SUFFIX,POSTMILE_PREFIX,POSTMILE,LOCATION_TYPE,RAMP_INTERSECTION,SIDE_OF_HWY,TOW_AWAY,COLLISION_SEVERITY,NUMBER_KILLED,NUMBER_INJURED,PARTY_COUNT,PRIMARY_COLL_FACTOR,PCF_CODE_OF_VIOL,PCF_VIOL_CATEGORY,PCF_VIOLATION,PCF_VIOL_SUBSECTION,HIT_AND_RUN,TYPE_OF_COLLISION,MVIW,PED_ACTION,ROAD_SURFACE,ROAD_COND_1,ROAD_COND_2,LIGHTING,CONTROL_DEVICE,CHP_ROAD_TYPE,PEDESTRIAN_ACCIDENT,BICYCLE_ACCIDENT,MOTORCYCLE_ACCIDENT,TRUCK_ACCIDENT,NOT_PRIVATE_PROPERTY,ALCOHOL_INVOLVED,STWD_VEHTYPE_AT_FAULT,CHP_VEHTYPE_AT_FAULT,COUNT_SEVERE_INJ,COUNT_VISIBLE_INJ,COUNT_COMPLAINT_PAIN,COUNT_PED_KILLED,COUNT_PED_INJURED,COUNT_BICYCLIST_KILLED,COUNT_BICYCLIST_INJURED,COUNT_MC_KILLED,COUNT_MC_INJURED,PRIMARY_RAMP,SECONDARY_RAMP,LATITUDE,LONGITUDE,COUNTY,CITY,POINT_X,POINT_Y
91388963,2021,2021-01-18,9625,2021-01-14,1541,019582,,4,2,9,1300,0,2,4,,2,046,"DOGWOOD ROAD","WILLOUGHBY ROAD",0.00,,Y,A,-,N,,,,,,,,,,Y,4,0,1,2,A,-,09,21802,A,N,D,C,A,A,H,-,A,A,0,,,,,Y,,A,07,0,0,1,0,0,0,0,0,0,"- ","- ",32.708301544189453,-115.5340576171875,IMPERIAL,UNINCORPORATED,-115.53408050537109,32.708446502685547
91389518,2021,2021-01-18,9625,2021-01-13,2303,020738,,3,3,9,1300,0,1,3,,1,011,"SR-86 SOUTHBOUND","BANNISTER ROAD",1954.00,S,N,A,-,Y,,,86,,,,,,S,Y,3,0,1,1,A,-,08,22107,,N,E,I,A,A,H,-,D,D,0,,,,,Y,,A,01,0,1,0,0,0,0,0,0,0,"- ","- ",33.047588348388672,-115.71771240234375,IMPERIAL,UNINCORPORATED,-115.71768951416016,33.047607421875
91391472,2020,2022-04-25,9625,2020-11-21,1241,016248,,6,1,9,1300,0,2,4,,2,057,"EVAN HEWES HIGHWAY E/B","METS ROAD",1056.00,E,N,A,-,Y,,,,,,,,,,Y,1,1,0,1,A,-,08,22107,,N,E,I,A,A,H,-,A,D,0,,,,,Y,,D,22,0,0,0,0,0,0,0,0,0,"- ","- ",32.806381225585938,-115.39398956298828,IMPERIAL,UNINCORPORATED,,
91391802,2021,2021-01-21,9625,2021-01-10,2500,019225,,7,4,9,1300,0,3,5,,2,010,"RUTHERFORD ROAD","KALIN ROAD",0.00,,Y,A,-,N,,,,,,,,,,Y,1,1,0,1,A,-,03,22350,,N,E,I,A,A,H,-,D,A,0,,,,,Y,,A,01,0,0,0,0,0,0,0,0,0,"- ","- ",33.044540405273438,-115.57853698730469,IMPERIAL,UNINCORPORATED,-115.5784912109375,33.044525146484375
91393381,2021,2021-01-25,9625,2021-01-18,1040,016248,,1,1,9,1300,0,1,1,,2,005,"E/B I-8 TO N/B SR-111",SR-111,41.00,E,N,A,-,Y,,,8,,,,R,,,Y,2,0,1,1,A,-,03,22350,,N,F,A,A,A,H,-,A,D,0,,,,Y,Y,,G,26,1,0,0,0,0,0,0,0,0,"- ","- ",32.772941589355469,-115.50096130371094,IMPERIAL,UNINCORPORATED,-115.50096130371094,32.772941589355469
91393876,2021,2021-01-25,9625,2021-01-21,1820,019225,,4,2,9,1300,0,1,1,,2,001,"INTERSTATE 8 E/B","MOUNTAIN SPRINGS ROAD",175.00,W,N,A,-,Y,,,8,,,,,,E,Y,3,0,1,1,A,-,08,22107,,N,E,I,A,A,H,-,D,D,0,,,Y,,Y,,C,02,0,1,0,0,0,0,0,0,1,"- ","- ",32.676490783691406,-116.09979248046875,IMPERIAL,UNINCORPORATED,-116.09980773925781,32.676464080810547
91393888,2021,2021-01-25,9625,2021-01-21,1530,018468,,4,2,9,1300,0,3,5,,2,020,"RUTHERFORD ROAD","BEST ROAD",364.00,E,N,A,-,N,,,,,,,,,,Y,3,0,1,1,A,-,08,22107,,N,E,I,A,A,H,-,A,D,0,,,,,Y,,A,01,0,1,0,0,0,0,0,0,0,"- ","- ",33.044448852539062,-115.50877380371094,IMPERIAL,UNINCORPORATED,-115.50808715820312,33.044498443603516
91395081,2021,2021-01-27,9625,2021-01-21,0932,017075,,4,1,9,1300,0,3,5,,2,010,"BRANDT ROAD","WILKINSON ROAD",1833.00,N,N,A,-,N,,,,,,,,,,Y,4,0,1,1,A,-,08,22107,,N,F,A,A,A,H,-,A,D,0,,,,,Y,,A,01,0,0,1,0,0,0,0,0,0,"- ","- ",33.144611358642578,-115.56259918212891,IMPERIAL,UNINCORPORATED,-115.56259918212891,33.145271301269531
91395286,2021,2021-01-27,9625,2021-01-25,1435,018468,,1,2,9,1300,0,3,5,,2,010,"WALKER ROAD","GENTRY ROAD",65.00,W,N,B,C,N,,,,,,,,,,Y,4,0,1,1,A,-,03,22350,,N,E,I,A,B,H,-,A,A,0,,,,,Y,,A,01,0,0,1,0,0,0,0,0,0,"- ","- ",33.074909210205078,-115.61476898193359,IMPERIAL,UNINCORPORATED,-115.61449432373047,33.075374603271484
91395657,2021,2021-02-24,9625,2021-01-22,0645,019225,,5,1,9,1300,0,1,3,,1,051,"SR-7 N/B","INTERSTATE 8",425.00,N,N,E,-,Y,,,7,,,,,,N,Y,2,0,1,2,A,-,03,22350,,N,C,C,A,B,H,-,A,D,0,,,Y,,Y,,C,02,1,0,0,0,0,0,0,0,1,"- ","- ",32.774681091308594,-115.38369750976562,IMPERIAL,UNINCORPORATED,-115.38375091552734,32.774681091308594
91399525,2021,2021-02-01,9625,2021-01-25,0043,021107,,1,3,9,1300,0,3,5,,2,010,"SOUTH MARINA DRIVE","SEA CREST PLACE",10.00,E,N,B,-,N,,,,,,,,,,Y,3,0,1,1,A,-,01,23152,A,N,F,A,A,A,H,-,D,D,0,,,,,Y,Y,A,01,0,1,0,0,0,0,0,0,0,"- ","- ",33.311969757080078,-115.94512176513672,IMPERIAL,UNINCORPORATED,-115.94523620605469,33.311847686767578
91400090,2021,2021-02-01,9625,2021-01-27,1215,017727,,3,1,9,1300,0,1,1,,2,002,"I-8 W/B","IMPERIAL HIGHWAY",1950.00,W,N,A,-,Y,,,8,,,,,,W,N,3,0,1,1,A,-,08,22107,,N,F,A,A,A,H,-,A,D,0,,,,,Y,,A,01,0,1,0,0,0,0,0,0,0,"- ","- ",32.733100891113281,-116.00039672851562,IMPERIAL,UNINCORPORATED,-116.00040435791016,32.733127593994141
91402503,2021,2021-02-04,9625,2021-01-28,1611,019582,,4,2,9,1300,0,1,3,,1,042,SR-98,"WEED ROAD",0.00,,Y,A,-,Y,,,98,,,,,,,Y,2,0,4,2,A,-,09,21801,A,N,A,C,A,A,H,-,A,D,0,,,,,Y,,A,01,1,2,1,0,0,0,0,0,0,"- ","- ",32.6793212890625,-115.568359375,IMPERIAL,UNINCORPORATED,-115.568359375,32.679359436035156
91402546,2021,2021-02-04,9625,2021-01-29,1532,019582,,5,2,9,1300,0,2,4,,2,047,"FORRESTER ROAD","CADY ROAD",0.00,,Y,A,-,N,,,,,,,,,,Y,3,0,3,2,A,-,12,22450,A,N,D,C,A,A,H,-,A,A,0,,,,,Y,,D,22,0,2,1,0,0,0,0,0,0,"- ","- ",32.977359771728516,-115.62404632568359,IMPERIAL,UNINCORPORATED,-115.62409973144531,32.977386474609375
91404268,2021,2021-02-08,9620,2021-01-27,0445,018028,,3,3,9,1300,0,1,1,,2,081,"INTERSTATE 8 E/B","OGILBY RD.",1541.00,W,N,A,-,Y,,,8,,,,,,E,Y,1,1,0,1,A,-,08,22107,,N,F,A,A,A,H,-,D,D,0,,,,,Y,,A,07,0,0,0,0,0,0,0,0,0,"- ","- ",32.760280609130859,-114.84188079833984,IMPERIAL,UNINCORPORATED,-114.84188842773438,32.760334014892578
91406078,2021,2021-02-10,9625,2021-01-29,1215,017727,,5,1,9,1300,0,1,3,,1,021,SR-111,"BAUGHMAN ROAD",210.00,N,N,A,-,Y,,,111,,,,,,,Y,4,0,1,2,A,-,03,22350,,N,C,C,A,A,H,-,A,D,0,,,,,Y,,A,07,0,0,1,0,0,0,0,0,0,"- ","- ",33.03070068359375,-115.52690124511719,IMPERIAL,UNINCORPORATED,-115.52687835693359,33.03070068359375
91406216,2021,2021-02-10,9625,2021-02-03,1635,019582,,3,2,9,1300,0,3,5,,2,010,S22,"CROSS OVER TRAIL RD.",1056.00,W,N,A,-,N,,,,,,,,,,Y,3,0,2,1,A,-,08,22107,,N,E,J,A,A,H,-,A,D,0,,,,,Y,,A,01,0,1,1,0,0,0,0,0,0,"- ","- ",33.266239166259766,-116.01876068115234,IMPERIAL,UNINCORPORATED,,
91406747,2021,2021-02-11,9625,2021-02-03,0818,018468,,3,1,9,1300,0,1,3,,1,012,"STATE ROUTE 86 (S/B)","NORM NIVER ROAD",0.00,,Y,A,-,Y,,,86,,,,,,,Y,4,0,3,2,A,-,09,21802,A,N,D,C,A,A,H,-,A,A,0,,,,,Y,,E,22,0,0,3,0,0,0,0,0,0,"- ","- ",33.357631683349609,-116.01872253417969,IMPERIAL,UNINCORPORATED,-116.01889038085938,33.357578277587891
91407716,2021,2021-02-12,9625,2021-02-04,1150,017075,,4,1,9,1300,0,3,5,,2,020,"NILAND AVENUE","5TH STREET",43.00,N,N,A,-,N,,,,,,,,,,Y,4,0,1,1,A,-,08,22107,,N,A,I,A,A,H,-,A,D,0,,,,,Y,,A,01,0,0,1,0,0,0,0,0,0,"- ","- ",33.236968994140625,-115.51368713378906,IMPERIAL,UNINCORPORATED,-115.51359558105469,33.236980438232422
91408000,2021,2021-02-15,9625,2021-02-04,1625,022010,,4,2,9,1300,0,1,1,,2,001,"I-8 E/B","IN KO PAH",3854.00,E,N,A,G,Y,,,8,,,,,,E,Y,4,0,1,1,A,-,03,22350,,N,F,A,A,A,H,-,A,D,0,,,,,Y,,A,07,0,0,1,0,0,0,0,0,0,"- ","- ",32.675128936767578,-116.10685729980469,IMPERIAL,UNINCORPORATED,-116.10683441162109,32.675121307373047
91409408,2021,2021-02-16,9625,2021-02-05,2130,017727,,5,2,9,1300,0,3,5,,2,020,"MACFADDEN ROAD","REEVES ROAD",25.00,E,N,A,-,N,,,,,,,,,,Y,3,0,2,1,A,-,08,22107,,N,F,J,A,A,H,-,D,D,0,,,,,Y,,D,22,0,2,0,0,0,0,0,0,0,"- ","- ",33.089698791503906,-115.54470062255859,IMPERIAL,UNINCORPORATED,-115.54470062255859,33.089530944824219
91409429,2021,2021-02-16,9625,2021-02-09,2151,021107,,2,2,9,1300,0,1,3,,2,023,"STATE ROUTE 115","YOCUM ROAD",400.00,N,N,A,-,Y,,,115,,,,,,,Y,2,0,2,1,A,-,01,23152,A,N,F,A,A,A,H,-,D,D,0,,,,,Y,Y,A,07,2,0,0,0,0,0,0,0,0,"- ","- ",33.112239837646484,-115.44976043701172,IMPERIAL,UNINCORPORATED,-115.44972991943359,33.112239837646484
91410128,2021,2021-02-17,9625,2021-02-10,1421,019582,,3,2,9,1300,0,3,5,,2,040,"MCCABE ROAD","AUSTIN ROAD",0.00,,Y,A,-,N,,,,,,,,,,Y,3,0,2,2,A,-,12,22450,A,N,D,C,A,A,H,-,A,A,0,,,,,Y,,D,22,0,2,0,0,0,0,0,0,0,"- ","- ",32.752510070800781,-115.5950927734375,IMPERIAL,UNINCORPORATED,-115.59494781494141,32.752468109130859
91412969,2021,2021-03-04,9620,2021-02-15,1725,017837,Quech,1,2,9,1300,0,2,4,,1,075,"S-24 (PICACHO ROAD)","JACKSON ROAD",0.00,,Y,B,-,N,,,,,,,,,,Y,2,0,4,1,A,-,08,22107,,N,E,I,A,A,H,-,D,D,0,,,,,Y,,A,07,3,1,0,0,0,0,0,0,0,"- ","- ",32.774700164794922,-114.61628723144531,IMPERIAL,UNINCORPORATED,-114.616317,32.774526999999999
91413878,2021,2021-02-23,9625,2021-02-17,0530,019225,,3,3,9,1300,0,1,3,,1,021,SR-111,"RUTHERFORD ROAD",0.00,,Y,A,-,Y,,,111,,,,,,,Y,4,0,1,2,A,-,09,21802,A,N,D,C,A,A,H,-,A,A,0,,,,,Y,,D,22,0,0,1,0,0,0,0,0,0,"- ","- ",33.044528961181641,-115.52739715576172,IMPERIAL,UNINCORPORATED,-115.52733612060547,33.044525146484375
91415130,2021,2021-02-25,9625,2021-02-22,0128,021107,,1,3,9,1300,0,2,4,,2,047,"FORRESTER ROAD","KEYSTONE ROAD",3272.00,N,N,A,-,N,,,,,,,,,,Y,3,0,1,1,A,-,01,23152,A,N,E,I,A,A,H,-,D,D,0,,,,,Y,Y,A,07,0,1,0,0,0,0,0,0,0,"- ","- ",32.922611236572266,-115.62132263183594,IMPERIAL,UNINCORPORATED,-115.62134552001953,32.922641754150391
91415192,2021,2021-02-25,9625,2021-02-15,1025,017727,,1,1,9,1300,0,1,3,,1,012,"SR-86 S/B","SUNRISE DRIVE",0.00,,Y,A,-,Y,,,86,,,,,,S,Y,3,0,3,2,A,-,09,21802,A,N,D,C,A,A,H,-,A,D,0,,,,,Y,,D,22,0,2,1,0,0,0,0,0,0,"- ","- ",33.289199829101562,-115.97190093994141,IMPERIAL,UNINCORPORATED,-115.97191619873047,33.289188385009766
91417755,2021,2021-03-01,9620,2021-02-20,0940,018535,,6,1,9,1300,0,1,3,,1,063,"SR-78 (BEN HULSE HIGHWAY)","STALLARD RD",7920.00,W,N,A,-,Y,,,78,,,,,,,Y,4,0,1,1,A,-,08,22107,,N,E,I,A,A,H,-,A,D,0,,,,,Y,,A,07,0,0,1,0,0,0,0,0,0,"- ","- ",33.338451385498047,-114.72406768798828,IMPERIAL,UNINCORPORATED,-114.72410583496094,33.338447570800781
91417909,2021,2021-03-01,9625,2021-01-26,1018,016248,,2,1,9,1300,0,1,3,,1,054,"SR-111 N/B","SCHARTZ ROAD",0.00,,Y,A,-,Y,,,111,,,,,,N,Y,1,1,1,2,A,-,09,21802,A,N,D,C,A,A,H,-,A,A,0,,,,Y,Y,,A,01,0,0,1,0,0,0,0,0,0,"- ","- ",32.941768646240234,-115.50895690917969,IMPERIAL,UNINCORPORATED,-115.50911712646484,32.941768646240234
91418007,2021,2021-03-01,9625,2021-02-21,2500,020738,,7,4,9,1300,0,1,1,,2,001,"I-8 EASTBOUND","MOUNTAIN SPRINGS ROAD",15840.00,E,N,A,-,Y,,,8,,,,,,E,N,2,0,1,1,A,-,21,22106,,F,H,A,A,A,H,-,D,D,0,,,,,Y,,D,23,1,0,0,0,0,0,0,0,0,"- ","- ",32.693138122558594,-116.06385040283203,IMPERIAL,UNINCORPORATED,-116.06391143798828,32.693141937255859
91419671,2021,2021-03-03,9625,2021-02-22,1020,018933,,1,1,9,1300,0,3,5,,2,010,"EDDINS ROAD","BRANDT ROAD",1673.00,W,N,A,-,N,,,,,,,,,,Y,2,0,1,1,A,-,08,22107,,N,E,I,A,A,H,-,A,D,0,,,,,Y,,A,01,1,0,0,0,0,0,0,0,0,"- ","- ",33.125728607177734,-115.56951904296875,IMPERIAL,UNINCORPORATED,-115.56802368164062,33.125759124755859
91419742,2021,2021-03-03,9625,2021-01-21,0628,018933,,4,1,9,1300,0,2,4,,2,046,"DOGWOOD ROAD","CRUICKSHANK ROAD",1030.00,S,N,A,-,N,,,,,,,,,,Y,1,1,1,2,A,-,06,21751,,N,A,C,A,B,H,-,B,D,0,,,,,Y,,A,01,0,1,0,0,0,0,0,0,0,"- ","- ",32.808158874511719,-115.53574371337891,IMPERIAL,UNINCORPORATED,-115.53569030761719,32.808284759521484
91423676,2021,2021-03-09,9625,2021-02-27,2046,018792,,6,2,9,1300,0,1,3,,1,011,"SR-86 N/B","POE ROAD",2180.00,N,N,A,-,Y,,,86,,,,,,N,Y,2,0,4,2,A,-,08,22107,,N,D,C,A,A,H,-,D,D,0,,,,,Y,,A,01,1,1,2,0,0,0,0,0,0,"- ","- ",33.083629608154297,-115.75955200195312,IMPERIAL,UNINCORPORATED,-115.75956726074219,33.083587646484375
91423744,2021,2021-03-09,9625,2021-03-04,1905,019667,,4,2,9,1300,0,3,5,,2,040,"KEYSTONE ROAD","AUSTIN ROAD",2630.00,E,N,A,-,N,,,,,,,,,,Y,3,0,1,2,A,-,09,21804,A,N,D,C,A,A,H,-,D,D,0,,,,,Y,,D,22,0,1,0,0,0,0,0,0,0,"- ","- ",32.912620544433594,-115.58622741699219,IMPERIAL,UNINCORPORATED,-115.58638763427734,32.912540435791016
91423963,2021,2021-03-10,9620,2021-03-02,1355,017837,Quech,2,1,9,1300,0,1,1,,2,082,"I-8 W/B","SEMINOLE ROAD",5808.00,E,N,A,-,Y,,,8,,,,,,W,Y,2,0,1,1,A,-,08,22107,,N,F,A,A,A,H,-,A,D,0,,,,,Y,,A,07,1,0,0,0,0,0,0,0,0,"- ","- ",32.742580413818359,-114.68672943115234,IMPERIAL,UNINCORPORATED,-114.686767578125,32.742500305175781
91424945,2021,2021-03-11,9620,2021-03-09,1005,018028,,2,1,9,1300,0,1,1,,2,082,"INTERSTATE 8 E/B","OGILBY RD.",11616.00,E,N,A,-,Y,,,8,,,,,,E,Y,4,0,2,2,A,-,03,22350,,N,C,C,A,A,H,-,A,D,0,,,,Y,Y,,A,08,0,0,2,0,0,0,0,0,0,"- ","- ",32.754348754882812,-114.80043792724609,IMPERIAL,UNINCORPORATED,-114.80044555664062,32.75433349609375
91426437,2021,2021-03-12,9625,2021-03-08,0640,016248,,1,1,9,1300,0,2,4,,2,057,"EVAN HEWES HIGHWAY E/B","BOWKER ROAD",0.00,,Y,A,-,N,,,,,,,,,,Y,3,0,1,2,A,-,09,21802,A,N,D,C,A,A,H,-,A,A,0,,,,,Y,,D,22,0,1,0,0,0,0,0,0,0,"- ","- ",32.803218841552734,-115.47377777099609,IMPERIAL,UNINCORPORATED,-115.47378540039062,32.803390502929688
91427271,2021,2021-03-15,9620,2021-03-06,0425,021051,,6,3,9,1300,0,1,1,,2,081,"I-8 W/B",SR-98,2640.00,E,N,A,-,Y,,,8,,,,,,W,Y,3,0,1,1,A,-,01,23152,A,N,F,A,A,A,H,-,D,D,0,,,,,Y,Y,D,22,0,1,0,0,0,0,0,0,0,"- ","- ",32.708400726318359,-115.08099365234375,IMPERIAL,UNINCORPORATED,-115.08100128173828,32.708347320556641
91427595,2021,2021-03-15,9625,2021-03-08,0515,020111,,1,3,9,1300,0,3,5,,2,020,"BRANDT ROAD","EDDINS ROAD",0.00,,Y,A,-,N,,,,,,,,,,Y,3,0,2,2,A,-,12,22450,A,N,D,C,A,A,H,-,D,A,0,,,,,Y,,D,22,0,1,1,0,0,0,0,0,0,"- ","- ",33.125789642333984,-115.56243133544922,IMPERIAL,UNINCORPORATED,-115.56259155273438,33.125751495361328
91428112,2021,2021-03-16,9625,2021-03-15,2025,019225,,1,2,9,1300,0,1,3,,2,013,SR-78,SR-86,7920.00,W,N,A,G,Y,,,78,,,,,,,Y,4,0,1,3,A,-,03,22350,,N,B,E,A,A,H,-,D,D,0,,,,Y,Y,,A,01,0,0,1,0,0,0,0,0,0,"- ","- ",33.125850677490234,-115.88155364990234,IMPERIAL,UNINCORPORATED,-115.88155364990234,33.12579345703125
91428990,2021,2021-03-17,9625,2021-03-06,2220,020263,,6,3,9,1300,0,3,5,,2,040,"GUILLETT ROAD","ATEN ROAD",0.00,,Y,A,-,N,,,,,,,,,,Y,2,0,1,1,A,-,01,23152,A,N,F,A,A,A,H,-,D,D,0,,,,,Y,Y,A,01,1,0,0,0,0,0,0,0,0,"- ","- ",32.825481414794922,-115.63784027099609,IMPERIAL,UNINCORPORATED,-115.63787841796875,32.825572967529297
91429432,2021,2021-03-17,9625,2021-03-05,0602,018930,,5,1,9,1300,0,1,1,,2,006,"INTERSTATE 8 W/B",SR-111,4088.00,W,N,A,-,Y,,,8,,,,,,W,Y,2,0,1,2,A,-,07,21658,A,N,C,C,A,A,H,-,A,D,0,,,Y,,Y,,A,07,1,0,0,0,0,0,0,0,1,"- ","- ",32.773998260498047,-115.52469635009766,IMPERIAL,UNINCORPORATED,-115.52469635009766,32.773994445800781
91429557,2021,2021-03-17,9620,2021-03-10,1400,020054,,3,2,9,1300,0,1,1,,2,081,"W/B I -8","GORDONS WELL ROAD",5280.00,W,N,A,-,Y,,,8,,,,,,,Y,3,0,1,1,A,-,08,22107,,N,F,A,A,A,H,-,A,D,0,,,,,Y,,D,22,0,1,0,0,0,0,0,0,0,"- ","- ",32.708518981933594,-114.97464752197266,IMPERIAL,UNINCORPORATED,-114.97464752197266,32.70843505859375
91429573,2021,2021-03-17,9620,2021-03-12,1331,020054,Quech,5,1,9,1300,0,1,1,,2,082,"E/B I-8","WINTERHAVEN DR",3696.00,W,N,A,-,Y,,,8,,,,,,,Y,3,0,1,2,A,-,08,22107,,N,C,C,A,A,H,-,A,D,0,,,,Y,Y,,D,22,0,1,0,0,0,0,0,0,0,"- ","- ",32.737621307373047,-114.66375732421875,IMPERIAL,UNINCORPORATED,-114.66374206542969,32.737705230712891
91430195,2021,2021-03-18,9625,2021-03-13,1705,019667,,6,2,9,1300,0,1,3,,1,044,"SR-86 N/B","AUSTIN ROAD",4195.00,N,N,A,-,Y,,,86,,,,,,N,Y,4,0,1,1,A,-,08,22107,,N,E,I,A,A,H,-,B,D,0,,,,,Y,,A,01,0,0,1,0,0,0,0,0,0,"- ","- ",32.955238342285156,-115.55493927001953,IMPERIAL,UNINCORPORATED,-115.55498504638672,32.955352783203125
91430434,2021,2021-03-18,9625,2021-03-10,1320,017727,,3,1,9,1300,0,1,3,,1,012,"SR-86 S/B","COOMBS DRIVE",2700.00,S,N,A,-,Y,,,86,,,,,,S,N,4,0,1,1,A,-,08,22107,,N,F,A,A,A,H,-,A,D,0,,,Y,,Y,,C,02,0,0,1,0,0,0,0,0,1,"- ","- ",33.31719970703125,-115.99269866943359,IMPERIAL,UNINCORPORATED,-115.99272155761719,33.317184448242188
91430500,2021,2021-03-18,9625,2021-03-09,1350,019667,,2,1,9,1300,0,1,3,,2,043,SR-86,"MCCABE ROAD",0.00,,Y,A,G,Y,,,86,,,,,,,Y,3,0,3,3,A,-,12,21453,A,N,D,D,A,A,H,-,A,A,0,,,,,Y,,A,01,0,2,1,0,0,0,0,0,0,"- ","- ",32.752590179443359,-115.55184936523438,IMPERIAL,UNINCORPORATED,-115.5518798828125,32.752590179443359
91433511,2021,2021-03-23,9625,2021-03-11,1244,018368,,4,1,9,1300,0,1,1,,2,002,"I-8 W/B","IN KO PAH PARK ROAD",1584.00,E,N,B,-,Y,,,8,,,,,,W,Y,3,0,1,1,A,-,08,22107,,N,E,I,A,B,H,-,A,D,0,,,,,Y,,A,01,0,1,0,0,0,0,0,0,0,"- ","- ",32.663150787353516,-116.1060791015625,IMPERIAL,UNINCORPORATED,-116.10604095458984,32.663177490234375
91434424,2021,2021-03-24,9625,2021-03-17,1535,019668,,3,2,9,1300,0,1,3,,2,052,SR-98,"BONESTEELE ROAD",394.00,W,N,A,-,Y,,,98,,,,,,,Y,4,0,2,2,A,-,08,22107,,N,B,C,A,A,H,-,A,D,0,,,,Y,Y,,A,01,0,0,2,0,0,0,0,0,0,"- ","- ",32.694339752197266,-115.31195068359375,IMPERIAL,UNINCORPORATED,-115.31195068359375,32.694408416748047
91434478,2021,2021-03-24,9625,2021-03-22,1325,018468,,1,1,9,1300,0,1,3,,1,044,"STATE ROUTE 86 S/B","AUSTIN ROAD",1043.00,S,N,A,-,Y,,,86,,,,,,S,Y,3,0,1,1,C,-,18,,,N,E,I,A,A,H,-,A,D,0,,,,,Y,,-,"- ",0,1,0,0,0,0,0,0,0,"- ","- ",32.948719024658203,-115.56976318359375,IMPERIAL,UNINCORPORATED,-115.56964111328125,32.948646545410156
91435497,2021,2021-03-25,9625,2021-03-17,1735,019668,,3,2,9,1300,0,3,5,,2,050,"COUNTRY CLUB DRIVE","MURRAY DRIVE",792.00,S,N,A,-,N,,,,,,,,,,Y,3,0,1,1,A,-,03,22350,,N,E,I,A,A,H,-,A,D,0,,,Y,,Y,,C,02,0,1,0,0,0,0,0,0,1,"- ","- ",32.800361633300781,-115.42192077636719,IMPERIAL,UNINCORPORATED,-115.42194366455078,32.80059814453125
91438512,2021,2021-03-29,9625,2021-03-20,1052,018368,,6,1,9,1300,0,1,3,,2,043,SR-86,"CORFMAN ROAD",500.00,E,N,A,-,Y,,,86,,,,,,,Y,4,0,2,2,A,-,08,22107,,N,B,C,A,A,H,-,A,D,0,,,,,Y,,D,22,0,0,2,0,0,0,0,0,0,"- ","- ",32.730701446533203,-115.54998779296875,IMPERIAL,UNINCORPORATED,-115.54998779296875,32.73065185546875
91439441,2021,2021-03-30,9625,2021-03-24,1745,019668,,3,2,9,1300,0,1,1,,2,005,"I-8 E/B","MILLER ROAD",2250.00,W,N,A,-,Y,,,8,,,,,,E,Y,4,0,1,2,A,-,03,22350,,N,C,C,A,A,H,-,A,D,0,,,,,Y,,A,08,0,0,1,0,0,0,0,0,0,"- ","- ",32.773258209228516,-115.31009674072266,IMPERIAL,UNINCORPORATED,-115.31009674072266,32.773181915283203
91439528,2021,2021-03-30,9625,2021-03-23,0650,018930,,2,1,9,1300,0,3,5,,2,050,"HEBER ROAD","YOURMAN ROAD",0.00,,Y,A,-,N,,,,,,,,,,Y,4,0,1,2,A,-,09,21801,A,N,D,C,A,A,H,-,A,D,0,,,,,Y,,D,22,0,0,1,0,0,0,0,0,0,"- ","- ",32.730800628662109,-115.49600219726562,IMPERIAL,UNINCORPORATED,-115.49834442138672,32.730678558349609
91441686,2021,2021-04-02,9625,2021-03-27,1604,018933,,6,2,9,1300,0,1,3,,1,011,SR-86,SR-78,0.00,,Y,A,-,Y,,,86,,,,,,,Y,3,0,3,2,A,-,09,21802,A,N,D,C,A,A,H,-,A,D,0,,,,,Y,,A,01,0,2,1,0,0,0,0,0,0,"- ","- ",33.125789642333984,-115.85546875,IMPERIAL,UNINCORPORATED,-115.85543823242188,33.125801086425781
91441784,2021,2021-04-02,9625,2021-02-12,1445,018978,,5,2,9,1300,0,1,1,,2,002,"INTERSTATE 8 W/B","IN KO PAH PARK ROAD",6874.00,E,N,A,-,Y,,,8,,,,,,W,Y,1,1,0,1,A,-,08,22107,,N,E,I,A,A,H,-,A,D,0,,,,,Y,,D,22,0,0,0,0,0,0,0,0,0,"- ","- ",32.66094970703125,-116.10109710693359,IMPERIAL,UNINCORPORATED,-116.10121917724609,32.660747528076172