CASE_ID,ACCIDENT_YEAR,PROC_DATE,JURIS,COLLISION_DATE,COLLISION_TIME,OFFICER_ID,REPORTING_DISTRICT,DAY_OF_WEEK,CHP_SHIFT,POPULATION,CNTY_CITY_LOC,SPECIAL_COND,BEAT_TYPE,CHP_BEAT_TYPE,CITY_DIVISION_LAPD,CHP_BEAT_CLASS,BEAT_NUMBER,PRIMARY_RD,SECONDARY_RD,DISTANCE,DIRECTION,INTERSECTION,WEATHER_1,WEATHER_2,STATE_HWY_IND,CALTRANS_COUNTY,CALTRANS_DISTRICT,STATE_ROUTE,ROUTE_SUFFIX,POSTMILE_PREFIX,POSTMILE,LOCATION_TYPE,RAMP_INTERSECTION,SIDE_OF_HWY,TOW_AWAY,COLLISION_SEVERITY,NUMBER_KILLED,NUMBER_INJURED,PARTY_COUNT,PRIMARY_COLL_FACTOR,PCF_CODE_OF_VIOL,PCF_VIOL_CATEGORY,PCF_VIOLATION,PCF_VIOL_SUBSECTION,HIT_AND_RUN,TYPE_OF_COLLISION,MVIW,PED_ACTION,ROAD_SURFACE,ROAD_COND_1,ROAD_COND_2,LIGHTING,CONTROL_DEVICE,CHP_ROAD_TYPE,PEDESTRIAN_ACCIDENT,BICYCLE_ACCIDENT,MOTORCYCLE_ACCIDENT,TRUCK_ACCIDENT,NOT_PRIVATE_PROPERTY,ALCOHOL_INVOLVED,STWD_VEHTYPE_AT_FAULT,CHP_VEHTYPE_AT_FAULT,COUNT_SEVERE_INJ,COUNT_VISIBLE_INJ,COUNT_COMPLAINT_PAIN,COUNT_PED_KILLED,COUNT_PED_INJURED,COUNT_BICYCLIST_KILLED,COUNT_BICYCLIST_INJURED,COUNT_MC_KILLED,COUNT_MC_INJURED,PRIMARY_RAMP,SECONDARY_RAMP,LATITUDE,LONGITUDE,COUNTY,CITY,POINT_X,POINT_Y
91441996,2021,2021-04-02,9625,2021-03-24,0044,018978,,3,3,9,1300,0,1,3,,1,011,"STATE ROUTE 86 S/B","BARTH ROAD",100.00,S,N,A,-,Y,,,86,,,,,,S,Y,3,0,1,1,A,-,08,22107,,N,F,A,A,A,H,-,D,D,0,,,,Y,Y,,G,25,0,1,0,0,0,0,0,0,0,"- ","- ",33.089290618896484,-115.76857757568359,IMPERIAL,UNINCORPORATED,-115.76861572265625,33.089221954345703
91447421,2021,2021-04-09,9625,2021-03-31,1243,018930,,3,1,9,1300,0,3,5,,2,040,"CORRELL ROAD","DOGWOOD ROAD",500.00,W,N,A,-,N,,,,,,,,,,Y,4,0,1,3,A,-,08,22107,,N,C,C,A,A,H,-,A,D,0,,,,,Y,,A,01,0,0,1,0,0,0,0,0,0,"- ","- ",32.737800598144531,-115.53600311279297,IMPERIAL,UNINCORPORATED,-115.53459167480469,32.737918853759766
91447487,2021,2021-04-09,9625,2021-03-30,0730,017727,,2,1,9,1300,0,3,5,,2,020,"HASTAIN ROAD","RUTHERFORD ROAD",0.00,,Y,A,-,N,,,,,,,,,,Y,3,0,2,2,A,-,12,22450,A,N,D,C,A,A,H,-,A,A,0,,,,,Y,,D,22,0,2,0,0,0,0,0,0,0,"- ","- ",33.044498443603516,-115.41500091552734,IMPERIAL,UNINCORPORATED,-115.41504669189453,33.044509887695312
91449040,2021,2021-04-13,9620,2021-04-08,1111,019291,,4,1,9,1300,0,1,3,,1,062,SR-186,"ALL AMERICAN CANAL",2112.00,S,N,A,-,N,,,186,,,,,,,Y,3,0,2,2,C,-,18,,,N,E,J,A,A,H,-,A,D,0,,,,,Y,,-,"- ",0,2,0,0,0,0,0,0,0,"- ","- ",32.731590270996094,-114.71697998046875,IMPERIAL,UNINCORPORATED,-114.71694946289062,32.731575012207031
91449325,2021,2021-04-13,9625,2021-04-04,2330,019582,,7,3,9,1300,0,1,3,,1,012,"OPEN DESERT AREA","DOLPHIN DR.",172.00,W,N,A,-,N,,,,,,,,,,Y,2,0,1,1,A,-,08,38314,,N,F,A,A,A,H,-,D,D,0,,,,,Y,,D,22,1,0,0,0,0,0,0,0,0,"- ","- ",33.3226318359375,-115.96676635742188,IMPERIAL,UNINCORPORATED,,
91449710,2021,2021-04-13,9625,2021-04-06,1947,019225,,2,2,9,1300,0,1,3,,1,042,SR-98,"DOGWOOD ROAD",0.00,,Y,A,-,Y,,,98,,,,,,,Y,2,0,1,2,A,-,12,21453,A,N,D,C,A,A,H,-,C,A,0,,,,Y,Y,,A,01,1,0,0,0,0,0,0,0,0,"- ","- ",32.67926025390625,-115.53350067138672,IMPERIAL,UNINCORPORATED,-115.53350067138672,32.679241180419922
91451399,2021,2021-04-15,9625,2021-04-05,1131,018933,,1,1,9,1300,0,3,5,,2,040,"ROSS ROAD","DREW ROAD",0.00,,Y,A,-,N,,,,,,,,,,N,3,0,1,2,A,-,11,21950,B,N,G,B,E,A,H,-,A,A,0,Y,,,,Y,,N,60,0,1,0,0,1,0,0,0,0,"- ","- ",32.785781860351562,-115.69039154052734,IMPERIAL,UNINCORPORATED,-115.69049072265625,32.785774230957031
91452409,2021,2021-04-16,9625,2021-04-10,2110,019225,,6,2,9,1300,0,3,5,,2,050,"KLOKE ROAD","WARE ROAD",2533.00,E,N,A,-,N,,,,,,,,,,Y,4,0,1,1,A,-,08,22107,,N,E,I,A,A,H,-,D,D,0,,,Y,,Y,,C,02,0,0,1,0,0,0,0,0,1,"- ","- ",32.708419799804688,-115.51728057861328,IMPERIAL,UNINCORPORATED,,
91452458,2021,2021-04-16,9625,2021-04-11,0950,018468,,7,1,9,1300,0,3,5,,2,050,"OLD HIGHWAY 111","ROBINSON ROAD",99.00,S,N,A,-,Y,,,111,,,,,,,Y,3,0,1,1,A,-,08,22107,,N,F,A,A,A,H,-,A,D,0,,,,,Y,,A,01,0,1,0,0,0,0,0,0,0,"- ","- ",32.854270935058594,-115.50998687744141,IMPERIAL,UNINCORPORATED,-115.50914001464844,32.854286193847656
91454968,2021,2021-04-21,9625,2021-04-09,1828,018978,,5,2,9,1300,0,1,3,,2,025,"STATE ROUTE 78 (BEN HULSE HIGHWAY)","BULL ROAD",1889.00,E,N,A,-,Y,,,78,,,,,,,Y,3,0,1,1,C,-,18,,,N,H,A,A,A,H,-,B,D,0,,,,,Y,,-,"- ",0,1,0,0,0,0,0,0,0,"- ","- ",33.01361083984375,-115.04530334472656,IMPERIAL,UNINCORPORATED,-115.0452880859375,33.013584136962891
9145503,2020,2021-03-23,1304,2020-12-02,1309,E0194,ELCE,3,5,4,1304,0,0,0,,0,WEST,IMPERIAL,EUCLID,0.00,,Y,A,-,N,,,86,,,,,,,N,4,0,2,2,A,-,03,22350,,N,C,C,A,A,H,-,A,A,0,,,,,Y,,D,22,0,0,2,0,0,0,0,0,0,"- ","- ",32.79833984375,-115.57006072998047,IMPERIAL,"EL CENTRO",-115.56996917724609,32.79833984375
91455064,2021,2021-04-21,9625,2021-04-19,1955,019225,,1,2,9,1300,0,2,4,,2,057,SR-115,"EVAN HEWES HIGHWAY",0.00,,Y,A,-,N,,,115,,,,,,,Y,4,0,1,2,A,-,09,21802,A,N,D,C,A,A,H,-,C,A,0,,,,,Y,,D,22,0,0,1,0,0,0,0,0,0,"- ","- ",32.805751800537109,-115.40611267089844,IMPERIAL,UNINCORPORATED,-115.40612030029297,32.805751800537109
91455541,2021,2021-04-21,9625,2021-04-15,1825,019225,,4,2,9,1300,0,1,3,,2,053,"SR-111 N/B TO I-8 W/B","INTERSTATE 8",168.00,N,N,A,-,Y,,,111,,,,R,,N,Y,2,0,1,1,A,-,03,22350,,N,F,A,A,A,H,-,A,D,0,,,Y,,Y,,C,02,1,0,0,0,0,0,0,0,1,"- ","- ",32.774490356445312,-115.50090026855469,IMPERIAL,UNINCORPORATED,-115.50090026855469,32.774490356445312
91456535,2021,2021-04-22,9625,2021-04-15,1355,020111,,4,1,9,1300,0,1,3,,1,011,"SR-86 S/B","KALIN ROAD",0.00,,Y,A,-,Y,,,86,,,,,,S,Y,4,0,2,2,A,-,09,21803,A,N,D,C,A,A,H,-,A,A,0,,,,,Y,,A,07,0,0,2,0,0,0,0,0,0,"- ","- ",32.984619140625,-115.57832336425781,IMPERIAL,UNINCORPORATED,-115.57820892333984,32.984710693359375
91456956,2021,2021-04-23,9625,2021-04-16,0330,019668,,5,3,9,1300,0,2,4,,2,047,"FORRESTER ROAD","HACKLEMAN ROAD",2497.00,S,N,A,-,N,,,,,,,,,,Y,4,0,1,1,A,-,01,23152,A,N,F,A,A,A,H,-,D,D,0,,,,,Y,Y,A,07,0,0,1,0,0,0,0,0,0,"- ","- ",32.805118560791016,-115.62039184570312,IMPERIAL,UNINCORPORATED,-115.62071990966797,32.804275512695312
91457020,2021,2021-04-23,9625,2021-04-16,0836,018978,,5,1,9,1300,0,1,1,,2,003,"INTERSTATE 8 E/B","WESTSIDE ROAD",4348.00,W,N,B,-,Y,,,8,,,,,,E,Y,4,0,1,1,A,-,08,22107,,N,E,I,A,A,H,-,A,D,0,,,,,Y,,A,01,0,0,1,0,0,0,0,0,0,"- ","- ",32.773021697998047,-115.74748992919922,IMPERIAL,UNINCORPORATED,-115.74748992919922,32.773052215576172
91459489,2021,2021-04-27,9625,2021-04-18,1710,018792,,7,2,9,1300,0,1,3,,1,012,"SR-86 N/B","TREADWELL BLVD",0.00,,Y,A,-,Y,,,86,,,,,,N,Y,3,0,4,2,A,-,01,23152,F,N,D,C,A,A,H,-,A,A,0,,,,,Y,,A,01,0,2,2,0,0,0,0,0,0,"- ","- ",33.327419281005859,-115.99994659423828,IMPERIAL,UNINCORPORATED,-115.99993133544922,33.327434539794922
91463525,2021,2021-04-30,9625,2021-04-27,1635,021107,,2,2,9,1300,0,2,4,,2,046,"DOGWOOD ROAD","SCHARTZ ROAD",0.00,,Y,A,-,N,,,,,,,,,,Y,4,0,1,2,A,-,05,21752,D,N,D,C,A,A,H,-,A,D,0,,,,,Y,,A,07,0,0,1,0,0,0,0,0,0,"- ","- ",32.941761016845703,-115.53555297851562,IMPERIAL,UNINCORPORATED,-115.53553771972656,32.941791534423828
91465212,2021,2021-05-04,9625,2021-04-25,0600,018368,,7,1,9,1300,0,1,1,,2,001,"I-8 E/B","IN-KO-PAH PARK ROAD",6059.00,E,N,A,-,Y,,,8,,,,,,E,Y,4,0,1,1,A,-,08,22107,,N,E,I,A,A,H,-,B,D,0,,,,,Y,,A,01,0,0,1,0,0,0,0,0,0,"- ","- ",32.656978607177734,-116.09691619873047,IMPERIAL,UNINCORPORATED,-116.09700012207031,32.657001495361328
91465677,2021,2021-05-04,9625,2021-04-28,0050,019668,,3,3,9,1300,0,1,1,,2,005,"I-8 E/B",SR-98,300.00,W,N,A,-,Y,,,8,,,,,,E,Y,3,0,1,1,A,-,08,22107,,N,E,I,A,A,H,-,C,D,0,,,,,Y,,D,22,0,1,0,0,0,0,0,0,0,"- ","- ",32.710651397705078,-115.0894775390625,IMPERIAL,UNINCORPORATED,-115.08951568603516,32.710525512695312
91470581,2021,2021-05-11,9625,2021-04-29,0317,018978,,4,3,9,1300,0,1,3,,1,054,"STATE ROUTE 111 S/B","SCHARTZ ROAD",0.00,,Y,A,-,Y,,,111,,,,,,S,Y,2,0,1,2,A,-,09,21804,A,N,D,C,A,A,H,-,C,A,0,,,,,Y,,A,07,1,0,0,0,0,0,0,0,0,"- ","- ",32.941719055175781,-115.50965881347656,IMPERIAL,UNINCORPORATED,-115.50911712646484,32.941707611083984
91470926,2021,2021-05-12,9625,2021-05-03,1215,017727,,1,1,9,1300,0,3,5,,2,050,"ORCHARD ROAD",I-8,3326.00,N,N,A,-,N,,,,,,,,,,Y,3,0,2,2,A,-,03,22350,,N,D,C,A,A,H,-,A,D,0,,,,,Y,,A,01,0,2,0,0,0,0,0,0,0,"- ","- ",32.782501220703125,-115.38379669189453,IMPERIAL,UNINCORPORATED,-115.38369750976562,32.773418426513672
91471007,2021,2021-05-12,9625,2021-05-02,1500,018978,,7,2,9,1300,0,1,3,,1,021,"STATE ROUTE 111","GROSHEN ROAD",2323.00,N,N,A,-,Y,,,,,,,,,,Y,4,0,1,1,A,-,08,22107,,N,E,I,A,A,H,-,A,D,0,,,,,Y,,A,07,0,0,1,0,0,0,0,0,0,"- ","- ",33.035610198974609,-115.31326293945312,IMPERIAL,UNINCORPORATED,-115.52633666992188,33.065418243408203
91471091,2021,2021-05-12,9625,2021-05-03,0204,020111,,1,3,9,1300,0,1,1,,2,001,"I-8 E/B",SR-98,3333.00,W,N,A,-,Y,,,8,,,,,,E,Y,4,0,1,1,A,-,03,22350,,N,F,A,A,A,H,-,D,A,0,,,Y,,Y,,C,02,0,0,1,0,0,0,0,0,1,"- ","- ",32.725971221923828,-116.02953338623047,IMPERIAL,UNINCORPORATED,-116.029541015625,32.726020812988281
91471730,2021,2021-05-12,9625,2021-05-04,2035,019668,,2,2,9,1300,0,3,5,,2,040,"CROSS ROAD","VILLA ROAD",1584.00,N,N,A,-,N,,,,,,,,,,Y,4,0,1,2,A,-,08,22107,,N,B,C,A,A,H,-,D,D,0,,,,,Y,,A,07,0,0,1,0,0,0,0,0,0,"- ","- ",32.808311462402344,-115.55296325683594,IMPERIAL,UNINCORPORATED,-115.55277252197266,32.808147430419922
91471932,2021,2021-05-12,9625,2021-05-05,1645,019225,,3,2,9,1300,0,2,4,,2,057,"EVAN HEWES HIGHWAY E/B","ANDERHOLT ROAD",0.00,,Y,A,-,N,,,,,,,,,,Y,4,0,1,2,A,-,09,21804,A,N,D,C,A,A,H,-,A,D,0,,,,,Y,,D,22,0,0,1,0,0,0,0,0,0,"- ","- ",32.804908752441406,-115.41329193115234,IMPERIAL,UNINCORPORATED,-115.41339874267578,32.804946899414062
91472344,2021,2021-05-13,9620,2021-05-08,1615,018464,,6,2,9,1300,0,2,4,,1,061,"OGILBY ROAD","WALKER WAY",22704.00,N,N,A,-,N,,,,,,,,,,Y,2,0,1,1,A,-,08,22107,,N,F,A,A,A,H,-,A,D,0,,,,,Y,,A,07,1,0,0,0,0,0,0,0,0,"- ","- ",33.006538391113281,-114.90094757080078,IMPERIAL,UNINCORPORATED,-114.88612365722656,32.937408447265625
91472899,2021,2021-05-13,9625,2021-05-07,1615,019668,,5,2,9,1300,0,2,4,,2,045,"EVAN HEWES HIGHWAY","LOTUS ROAD",927.00,W,N,A,-,N,,,,,,,,,,Y,4,0,1,2,A,-,03,22350,,N,C,C,A,A,H,-,A,D,0,,,,,Y,,A,07,0,0,1,0,0,0,0,0,0,"- ","- ",32.796619415283203,-115.5877685546875,IMPERIAL,UNINCORPORATED,-115.58473968505859,32.796550750732422
91473127,2021,2021-05-13,9625,2021-05-04,0855,017727,,2,1,9,1300,0,3,5,,2,020,"WILKINSON ROAD","KAISER ROAD",1135.00,E,N,A,-,N,,,,,,,,,,N,3,0,1,1,A,-,08,22107,,N,F,A,A,A,H,-,A,D,0,,,,,Y,,A,07,0,1,0,0,0,0,0,0,0,"- ","- ",33.140201568603516,-115.38919830322266,IMPERIAL,UNINCORPORATED,-115.38563537597656,33.140048980712891
9147361,2020,2020-12-01,1304,2020-07-29,1101,363,EAST,3,5,4,1304,0,0,0,,0,EAST,4TH,"RT 8",0.00,,Y,A,-,Y,SD,11,8,-,R,38.126,R,4,W,Y,3,0,1,2,A,-,12,21453,A,N,D,C,A,A,H,-,A,A,0,,,,,Y,,A,01,0,1,0,0,0,0,0,0,0,"- ",FR,32.774139404296875,-115.55220031738281,IMPERIAL,"EL CENTRO",-116.62143707275391,32.824935913085938
91476007,2021,2021-05-18,9625,2021-05-09,1432,018978,,7,2,9,1300,0,1,3,,1,012,"STATE ROUTE 86 S/B","NORM NIVER ROAD",1607.00,N,N,A,-,Y,,,,,,,,,,N,3,0,1,2,C,-,18,,,N,H,A,A,A,G,-,A,D,0,,,,,Y,,-,"- ",0,1,0,0,0,0,0,0,0,"- ","- ",33.214241027832031,-116.01127624511719,IMPERIAL,UNINCORPORATED,-116.01768493652344,33.353363037109375
91478911,2021,2021-05-21,9625,2021-05-12,1240,017727,,3,1,9,1300,0,1,1,,2,001,"I-8 E/B","IN KO PAH PARK ROAD",1495.00,E,N,A,-,Y,,,,,,,,,,Y,3,0,1,1,A,-,08,22107,,N,F,A,A,A,H,-,A,D,0,,,,,Y,,A,01,0,1,0,0,0,0,0,0,0,"- ","- ",32.636398315429688,-116.10469818115234,IMPERIAL,UNINCORPORATED,-116.10919189453125,32.640029907226562
91480520,2021,2021-05-24,9625,2021-05-18,0550,017727,,2,3,9,1300,0,2,4,,2,047,"FORRESTER ROAD","JOHNSON ROAD",1857.00,S,N,A,-,N,,,,,,,,,,Y,2,0,1,1,A,-,08,22107,,N,E,I,A,A,H,-,B,D,0,,,,,Y,,D,22,1,0,0,0,0,0,0,0,0,"- ","- ",32.957698822021484,-115.62400054931641,IMPERIAL,UNINCORPORATED,-115.62416839599609,32.95782470703125
91481303,2021,2021-05-27,9625,2021-05-21,2349,021107,,5,3,9,1300,0,1,1,,2,003,"INTERSTATE 8 EASTBOUND","DUNAWAY ROAD",18850.00,W,N,A,-,Y,,,8,,,,,,E,Y,3,0,3,2,A,-,03,22350,,F,C,C,A,A,H,-,D,D,0,,,,,Y,Y,D,22,0,2,1,0,0,0,0,0,0,"- ","- ",32.757419586181641,-115.86052703857422,IMPERIAL,UNINCORPORATED,-115.86053466796875,32.757469177246094
91482885,2021,2021-05-27,9625,2021-05-03,1153,018468,,1,1,9,1300,0,1,3,,2,052,"STATE ROUTE 98","HOLDRIDGE ROAD",8478.00,E,N,A,-,Y,,,98,,,,,,,Y,1,1,2,2,A,-,05,21650,,N,A,C,A,A,H,-,A,D,0,,,,,Y,,A,07,1,1,0,0,0,0,0,0,0,"- ","- ",32.711799621582031,-115.24935150146484,IMPERIAL,UNINCORPORATED,-115.24935150146484,32.711814880371094
91483041,2021,2021-05-27,9625,2021-05-12,1724,018978,,3,2,9,1300,0,1,3,,1,011,"STATE ROUTE 86 S/B","STATE ROUTE 78",0.00,,Y,A,-,Y,,,86,,,,,,S,Y,3,0,1,2,A,-,09,21804,A,N,D,C,A,A,H,-,A,A,0,,,,,Y,,A,01,0,1,0,0,0,0,0,0,0,"- ","- ",33.125728607177734,-115.85547637939453,IMPERIAL,UNINCORPORATED,-115.85542297363281,33.125747680664062
91485057,2021,2021-05-28,9625,2021-05-18,0521,020738,,2,3,9,1300,0,1,1,,2,003,"I-8 EASTBOUND","WESTSIDE ROAD",1470.00,E,N,A,-,Y,,,8,,,,,,E,Y,2,0,3,1,A,-,01,23152,F,N,F,A,A,A,H,-,B,D,0,,,,,Y,,A,01,3,0,0,0,0,0,0,0,0,"- ","- ",32.773891448974609,-115.72837829589844,IMPERIAL,UNINCORPORATED,-115.72837829589844,32.773891448974609
91486519,2021,2021-06-01,9625,2021-05-20,0040,022010,,4,3,9,1300,0,1,3,,1,044,"SR-86 N/B","KEYSTONE ROAD",12672.00,N,N,A,-,Y,,,86,,,,,,N,Y,4,0,1,1,A,-,01,23152,F,N,E,I,A,A,H,-,D,D,0,,,,,Y,,A,01,0,0,1,0,0,0,0,0,0,"- ","- ",32.948318481445312,-115.56964874267578,IMPERIAL,UNINCORPORATED,-115.56979370117188,32.948390960693359
91486654,2021,2021-06-01,9620,2021-05-28,0730,018734,,5,1,9,1300,0,1,1,,2,081,"I-8 EB","OGILBY ROAD",8448.00,W,N,A,-,Y,,,8,,,,,,E,Y,4,0,1,1,A,-,08,22107,,N,E,I,A,A,H,-,A,D,0,,,,,Y,,A,08,0,0,1,0,0,0,0,0,0,"- ","- ",32.751781463623047,-114.86530303955078,IMPERIAL,UNINCORPORATED,-114.86532592773438,32.751838684082031
91486950,2021,2021-06-01,9625,2021-05-21,1519,018933,,5,2,9,1300,0,1,1,,2,003,"I-8 E/B","IMPERIAL HIGHWAY",3432.00,E,N,A,-,Y,,,8,,,,,,E,Y,3,0,1,1,A,-,08,22107,,N,F,A,A,A,H,-,A,D,0,,,,,Y,,D,22,0,1,0,0,0,0,0,0,0,"- ","- ",32.736499786376953,-115.98338317871094,IMPERIAL,UNINCORPORATED,-115.98339080810547,32.736553192138672
91487898,2021,2021-06-02,9625,2021-05-24,0655,019886,,1,1,9,1300,0,1,3,,1,044,"SR-86 N/B","CAREY ROAD",0.00,,Y,A,-,Y,,,86,,,,,,N,Y,4,0,1,2,A,-,08,22107,,N,B,C,A,A,H,-,A,D,0,,,,Y,Y,,A,01,0,0,1,0,0,0,0,0,0,"- ","- ",32.927101135253906,-115.57000732421875,IMPERIAL,UNINCORPORATED,-115.57003784179688,32.927101135253906
91491114,2021,2021-06-07,9625,2021-05-21,1952,018933,,5,2,9,1300,0,1,1,,2,003,"E/B I-8","DUNAWAY ROAD",18650.00,W,N,A,-,Y,,,8,,,,,,,Y,3,0,1,1,A,-,01,23152,G,N,F,A,A,A,H,-,D,D,0,,,,,Y,Y,A,01,0,1,0,0,0,0,0,0,0,"- ","- ",32.757789611816406,-115.85967254638672,IMPERIAL,UNINCORPORATED,-115.85969543457031,32.757957458496094
91491810,2021,2021-06-08,9625,2021-05-28,0350,020738,,5,3,9,1300,0,1,1,,2,002,"I-8 WESTBOUND","WEST SR-98",9398.00,W,N,A,G,Y,,,8,,,,,,W,N,3,0,2,1,A,-,08,22107,,N,F,A,A,A,H,-,D,D,0,,,,,Y,,A,07,0,1,1,0,0,0,0,0,0,"- ","- ",32.727218627929688,-116.05074310302734,IMPERIAL,UNINCORPORATED,-116.05072784423828,32.727275848388672
91492341,2021,2021-06-08,9620,2021-04-23,0815,018028,,5,1,9,1300,0,1,1,,2,081,"INTERSTATE 8 E/B","GORDONS WELL RD. O/C",8131.00,W,N,A,-,Y,,,8,,,,,,E,Y,1,1,3,2,A,-,08,22107,,N,F,A,A,A,H,-,A,D,0,,,,,Y,,E,22,1,2,0,0,0,0,0,0,0,"- ","- ",32.707939147949219,-114.9835205078125,IMPERIAL,UNINCORPORATED,-114.9835205078125,32.707927703857422
91492347,2021,2021-06-08,9620,2021-04-17,2100,020555,,6,2,9,1300,0,1,1,,2,081,"I-8 W/B","GORDONS WELL ROAD",9504.00,W,N,A,-,Y,,,8,,,,,,W,Y,1,1,0,2,A,-,11,21954,A,N,G,B,D,A,H,-,D,D,0,Y,,,,Y,,N,60,0,0,0,1,0,0,0,0,0,"- ","- ",32.708160400390625,-114.98863983154297,IMPERIAL,UNINCORPORATED,-114.98863983154297,32.708148956298828
91492418,2021,2021-06-08,9625,2021-05-31,1052,018468,,1,1,9,1300,0,3,5,,2,040,"LA BRUCHERIE ROAD","WAHL ROAD",32.00,N,N,A,-,N,,,,,,,,,,Y,4,0,1,1,A,-,03,22350,,N,F,A,A,A,H,-,A,D,0,,,,Y,Y,,F,27,0,0,1,0,0,0,0,0,0,"- ","- ",32.723548889160156,-115.57752990722656,IMPERIAL,UNINCORPORATED,-115.57752990722656,32.723499298095703
91492434,2021,2021-06-08,9625,2021-06-02,1330,019225,,3,1,9,1300,0,3,5,,2,050,"BONDS CORNER ROAD","HUNT ROAD",300.00,S,N,A,-,N,,,,,,,,,,Y,4,0,1,1,A,-,08,22107,,N,F,A,A,A,H,-,A,D,0,,,,,Y,,D,22,0,0,1,0,0,0,0,0,0,"- ","- ",32.763450622558594,-115.33719635009766,IMPERIAL,UNINCORPORATED,-115.337158203125,32.765491485595703
9149336,2020,2020-11-16,1304,2020-09-08,0949,344,ELCE,2,5,4,1304,0,0,0,,0,WEST,ROSS,COTTONWOOD,0.00,,Y,B,-,N,,,,,,,,,,Y,4,0,1,2,A,-,03,22350,,N,C,C,A,A,H,-,A,D,0,,,,,Y,,-,,0,0,1,0,0,0,0,0,0,"- ","- ",32.781471252441406,-115.57096099853516,IMPERIAL,"EL CENTRO",-115.57196044921875,32.781459808349609
91493913,2021,2022-07-01,9625,2021-05-30,2355,020111,,7,3,9,1300,0,3,5,,2,040,"WEIMAN ROAD","CADY ROAD",20.00,S,N,A,-,N,,,,,,,,,,Y,3,0,1,1,A,-,08,22107,,N,E,I,A,A,H,-,C,A,0,,,,,Y,,A,07,0,1,0,0,0,0,0,0,0,"- ","- ",32.977249145507812,-115.65865325927734,IMPERIAL,UNINCORPORATED,-115.65865325927734,32.97735595703125
91494019,2021,2021-06-10,9625,2021-06-02,1620,019667,,3,2,9,1300,0,1,1,,2,003,"EASTBOUND INTERSTATE 8","WESTSIDE ROAD",2400.00,W,N,A,-,Y,,,8,,,,,,,N,2,0,3,1,A,-,08,22107,,N,F,I,A,A,H,-,A,D,0,,,,,Y,,E,22,1,1,1,0,0,0,0,0,0,"- ","- ",32.773891448974609,-115.74105834960938,IMPERIAL,UNINCORPORATED,-115.74105834960938,32.773906707763672
91499833,2021,2021-06-17,9625,2021-06-08,2140,018933,,2,2,9,1300,0,1,3,,1,011,"SR-86 S/B","KALIN ROAD",0.00,,Y,A,-,Y,,,86,,,,,,S,Y,3,0,4,2,A,-,09,21802,A,N,A,C,A,A,H,-,D,A,0,,,,,Y,,A,01,0,4,0,0,0,0,0,0,0,"- ","- ",32.984718322753906,-115.57826995849609,IMPERIAL,UNINCORPORATED,-115.57823944091797,32.984748840332031
91500739,2021,2021-06-18,9625,2021-06-04,2342,021107,,5,3,9,1300,0,1,3,,1,022,"DAVIS ROAD","STATE ROUTE 111",3.00,W,N,A,-,N,,,,,,,,,,Y,3,0,3,1,A,-,08,22107,,N,F,A,A,A,H,-,C,D,0,,,,,Y,,A,07,0,2,1,0,0,0,0,0,0,"- ","- ",33.284450531005859,-115.57943725585938,IMPERIAL,UNINCORPORATED,-115.57894134521484,33.285243988037109
91500753,2021,2021-06-18,9625,2021-06-03,2330,022010,,4,3,9,1300,0,1,1,,2,002,"I-8 E/B","IN KO PAH PARK ROAD",2640.00,E,N,G,-,Y,,,8,,,,,,E,Y,3,0,1,1,A,-,08,22107,,N,F,A,A,A,H,-,D,D,0,,,,,Y,,A,01,0,1,0,0,0,0,0,0,0,"- ","- ",32.649051666259766,-116.10275268554688,IMPERIAL,UNINCORPORATED,-116.10279846191406,32.649089813232422
91501439,2021,2021-06-21,9625,2021-05-31,2137,018978,,1,2,9,1300,0,2,4,,2,046,"DOGWOOD ROAD","CAREY ROAD",947.00,N,N,A,-,N,,,,,,,,,,Y,3,0,1,1,A,-,08,22107,,N,E,I,A,A,H,-,D,D,0,,,,,Y,Y,A,01,0,1,0,0,0,0,0,0,0,"- ","- ",32.552738189697266,-115.53553009033203,IMPERIAL,UNINCORPORATED,-115.53553771972656,32.929859161376953
91501808,2021,2021-06-21,9625,2021-06-14,1828,018792,,1,2,9,1300,0,3,5,,2,010,"KALIN ROAD","WALKER ROAD",320.00,S,N,A,-,N,,,,,,,,,,Y,2,0,1,1,A,-,01,23152,A,N,F,A,A,A,H,-,A,D,0,,,,,Y,Y,D,22,1,0,0,0,0,0,0,0,0,"- ","- ",33.072669982910156,-115.57850646972656,IMPERIAL,UNINCORPORATED,-115.57883453369141,33.074249267578125