CASE_ID,ACCIDENT_YEAR,PROC_DATE,JURIS,COLLISION_DATE,COLLISION_TIME,OFFICER_ID,REPORTING_DISTRICT,DAY_OF_WEEK,CHP_SHIFT,POPULATION,CNTY_CITY_LOC,SPECIAL_COND,BEAT_TYPE,CHP_BEAT_TYPE,CITY_DIVISION_LAPD,CHP_BEAT_CLASS,BEAT_NUMBER,PRIMARY_RD,SECONDARY_RD,DISTANCE,DIRECTION,INTERSECTION,WEATHER_1,WEATHER_2,STATE_HWY_IND,CALTRANS_COUNTY,CALTRANS_DISTRICT,STATE_ROUTE,ROUTE_SUFFIX,POSTMILE_PREFIX,POSTMILE,LOCATION_TYPE,RAMP_INTERSECTION,SIDE_OF_HWY,TOW_AWAY,COLLISION_SEVERITY,NUMBER_KILLED,NUMBER_INJURED,PARTY_COUNT,PRIMARY_COLL_FACTOR,PCF_CODE_OF_VIOL,PCF_VIOL_CATEGORY,PCF_VIOLATION,PCF_VIOL_SUBSECTION,HIT_AND_RUN,TYPE_OF_COLLISION,MVIW,PED_ACTION,ROAD_SURFACE,ROAD_COND_1,ROAD_COND_2,LIGHTING,CONTROL_DEVICE,CHP_ROAD_TYPE,PEDESTRIAN_ACCIDENT,BICYCLE_ACCIDENT,MOTORCYCLE_ACCIDENT,TRUCK_ACCIDENT,NOT_PRIVATE_PROPERTY,ALCOHOL_INVOLVED,STWD_VEHTYPE_AT_FAULT,CHP_VEHTYPE_AT_FAULT,COUNT_SEVERE_INJ,COUNT_VISIBLE_INJ,COUNT_COMPLAINT_PAIN,COUNT_PED_KILLED,COUNT_PED_INJURED,COUNT_BICYCLIST_KILLED,COUNT_BICYCLIST_INJURED,COUNT_MC_KILLED,COUNT_MC_INJURED,PRIMARY_RAMP,SECONDARY_RAMP,LATITUDE,LONGITUDE,COUNTY,CITY,POINT_X,POINT_Y
91502068,2021,2021-06-21,9625,2021-06-12,2120,018792,,6,2,9,1300,0,1,3,,1,021,SR-111,"DAVIS ROAD",74.00,S,N,A,-,Y,,,111,,,,,,,Y,3,0,4,1,A,-,08,22107,,N,E,8,A,A,H,-,D,D,0,,,,,Y,,A,07,0,4,0,0,0,0,0,0,0,"- ","- ",33.2843017578125,-115.5789794921875,IMPERIAL,UNINCORPORATED,-115.57852172851562,33.284671783447266
91503801,2021,2021-06-23,9625,2021-06-13,2025,018933,,7,2,9,1300,0,2,4,,2,047,"FORRESTER ROAD","ANDRE ROAD",2772.00,N,N,A,-,N,,,,,,,,,,Y,3,0,1,1,A,-,08,22107,,M,B,I,A,A,H,-,D,D,0,,,,,Y,,D,22,0,1,0,0,0,0,0,0,0,"- ","- ",33.023128509521484,-115.6219482421875,IMPERIAL,UNINCORPORATED,-115.62153625488281,33.023166656494141
91503871,2021,2021-06-23,9625,2021-06-16,1650,018933,,3,2,9,1300,0,3,5,,2,010,"DIAMOND AVENUE","DIAMOND PLACE",133.00,E,N,A,-,N,,,,,,,,,,N,3,0,1,1,A,-,21,22106,,N,H,A,A,A,H,-,A,D,0,,,,,Y,,A,01,0,1,0,0,0,0,0,0,0,"- ","- ",33.289539337158203,-115.35321807861328,IMPERIAL,UNINCORPORATED,-115.96662902832031,33.289543151855469
91504538,2021,2021-06-23,9625,2021-06-09,1030,018930,,3,1,9,1300,0,1,3,,1,051,SR-7,"MAGGIO ROAD",35.00,S,N,A,-,Y,,,7,,,,,,,N,3,0,1,2,A,-,03,22350,,N,C,C,A,A,H,-,A,A,0,,,,Y,Y,,F,25,0,1,0,0,0,0,0,0,0,"- ","- ",32.686210632324219,-115.38040924072266,IMPERIAL,UNINCORPORATED,-115.38040161132812,32.686203002929688
91507569,2021,2021-06-28,9625,2021-06-17,1300,018930,,4,1,9,1300,0,1,1,,2,005,"INTERSTATE 8 E/B","DOGWOOD ROAD",4204.00,E,N,A,-,Y,,,8,,,,,,E,Y,4,0,2,2,A,-,08,22107,,N,C,C,A,A,H,-,A,D,0,,,,,Y,,D,22,0,0,2,0,0,0,0,0,0,"- ","- ",32.773899078369141,-115.51962280273438,IMPERIAL,UNINCORPORATED,-115.51962280273438,32.773731231689453
91507806,2021,2021-06-28,9625,2021-06-19,1235,016248,,6,1,9,1300,0,1,3,,1,051,"SR-7 S/B",SR-98,38.00,N,N,A,-,Y,,,7,,,,,,S,Y,4,0,3,2,A,-,03,22350,,N,C,C,A,A,H,-,A,A,0,,,,,Y,,A,01,0,0,3,0,0,0,0,0,0,"- ","- ",32.694000244140625,-115.379150390625,IMPERIAL,UNINCORPORATED,-115.37913513183594,32.694000244140625
91508935,2021,2021-06-29,9625,2021-06-20,2055,019225,,7,2,9,1300,0,1,3,,1,054,"SR-111 N/B","EVAN HEWES HIGHWAY",300.00,S,N,A,-,Y,,,111,,,,,,N,Y,4,0,2,2,A,-,07,21658,A,N,B,C,A,A,H,-,D,A,0,,,,,Y,,A,01,0,0,2,0,0,0,0,0,0,"- ","- ",32.799221038818359,-115.50044250488281,IMPERIAL,UNINCORPORATED,-115.50062561035156,32.799221038818359
91511381,2021,2021-07-01,9625,2021-06-25,0618,016248,,5,1,9,1300,0,3,5,,2,050,"OLD HIGHWAY 111","KEYSTONE ROAD",0.00,,Y,A,-,N,,,,,,,,,,Y,4,0,2,2,A,-,12,22450,A,N,D,C,A,A,H,-,A,A,0,,,,,Y,,A,01,0,0,2,0,0,0,0,0,0,"- ","- ",32.912639617919922,-115.51022338867188,IMPERIAL,UNINCORPORATED,-115.50896453857422,32.912666320800781
91512394,2021,2021-07-02,9625,2021-06-25,1410,018978,,5,2,9,1300,0,1,1,,2,003,"INTERSTATE 8 (EASTBOUND)","DREW ROAD",580.00,E,N,A,-,Y,,,8,,,,,,,Y,4,0,1,1,A,-,08,22107,,N,F,I,A,A,H,-,A,D,0,,,,,Y,,A,01,0,0,1,0,0,0,0,0,0,"- ","- ",32.773811340332031,-115.68866729736328,IMPERIAL,UNINCORPORATED,-115.68866729736328,32.773849487304688
91513742,2021,2021-07-06,9625,2021-06-25,1605,019225,,5,2,9,1300,0,3,5,,2,050,"MENVIELLE ROAD","CARR ROAD",675.00,N,N,A,-,N,,,,,,,,,,Y,3,0,2,2,A,-,05,21651,B,N,A,C,A,A,D,-,A,A,0,,,,,Y,,A,07,0,1,1,0,0,0,0,0,0,"- ","- ",32.685039520263672,-115.38780212402344,IMPERIAL,UNINCORPORATED,-115.387451171875,32.685401916503906
91513807,2021,2021-07-06,9620,2021-05-16,2025,018535,,7,2,9,1300,0,1,1,,2,082,"INTERSTATE 8 EASTBOUND","OGILBY ROAD",6442.00,E,N,A,-,Y,,,8,,,,,,E,Y,1,1,1,3,A,-,11,21954,A,N,G,B,D,A,H,-,D,D,0,Y,,,,Y,,N,60,1,0,0,1,1,0,0,0,0,"- ","- ",32.756828308105469,-114.81619262695312,IMPERIAL,UNINCORPORATED,-114.81616973876953,32.756931304931641
91513902,2021,2021-08-11,9625,2021-06-26,1601,018468,,6,2,9,1300,0,1,3,,2,023,"STATE ROUTE 115","ALBRIGHT ROAD",0.00,,Y,A,-,Y,,,115,,,,,,,Y,1,1,1,2,A,-,01,23152,A,N,D,C,A,A,H,-,A,A,0,,,,,Y,Y,A,01,1,0,0,0,0,0,0,0,0,"- ","- ",33.103981018066406,-115.44967651367188,IMPERIAL,UNINCORPORATED,-115.44966125488281,33.103981018066406
91516137,2021,2021-07-08,9625,2021-06-28,1412,018933,,1,2,9,1300,0,3,5,,2,040,"CLARK ROAD","HEBER ROAD",0.00,,Y,A,-,N,,,,,,,,,,Y,3,0,2,2,A,-,09,21802,A,N,D,C,A,A,H,-,A,A,0,,,,,Y,,D,22,0,2,0,0,0,0,0,0,0,"- ","- ",32.730628967285156,-115.560302734375,IMPERIAL,UNINCORPORATED,-115.56031799316406,32.730640411376953
91516183,2021,2021-07-08,9625,2021-06-27,0210,020263,,7,3,9,1300,0,3,5,,2,050,"BOWKER ROAD","HEBER ROAD",500.00,N,N,A,-,N,,,,,,,,,,Y,3,0,1,1,A,-,01,23152,G,N,E,I,A,A,H,-,D,D,0,,,,,Y,,A,01,0,1,0,0,0,0,0,0,0,"- ","- ",32.732158660888672,-115.46521759033203,IMPERIAL,UNINCORPORATED,-115.46504974365234,32.731716156005859
91516198,2021,2021-07-08,9625,2021-06-29,0025,020111,,2,3,9,1300,0,3,5,,2,040,"SHARTZ RD","DOGWOOD ROAD",90.00,W,N,A,-,N,,,,,,,,,,Y,3,0,1,1,A,-,01,23152,A,N,E,I,A,A,H,-,D,A,0,,,,,Y,Y,A,01,0,1,0,0,0,0,0,0,0,"- ","- ",32.941749572753906,-115.5361328125,IMPERIAL,UNINCORPORATED,-115.53583526611328,32.941783905029297
91516202,2021,2021-07-08,9625,2021-06-29,0121,019582,,2,3,9,1300,0,1,3,,2,014,SR-78,SR-86,2640.00,E,N,A,-,Y,,,78,,,,,,,Y,3,0,1,2,A,-,03,22350,,N,C,C,A,A,H,-,D,D,0,,,,,Y,,A,07,0,1,0,0,0,0,0,0,0,"- ","- ",33.000370025634766,-115.58267974853516,IMPERIAL,UNINCORPORATED,-115.58267974853516,33.000358581542969
91516880,2021,2021-07-09,9625,2021-06-30,2048,018792,,3,2,9,1300,0,3,5,,2,020,"ALBRIGHT ROAD","FLEMING ROAD",1690.00,E,N,A,-,N,,,,,,,,,,Y,3,0,1,1,A,-,08,22107,,N,F,A,A,A,H,-,D,D,0,,,,,Y,,D,22,0,1,0,0,0,0,0,0,0,"- ","- ",33.103988647460938,-115.40099334716797,IMPERIAL,UNINCORPORATED,-115.4010009765625,33.103973388671875
91516883,2021,2021-07-09,9625,2021-06-30,1803,020738,,3,2,9,1300,0,1,1,,2,001,"I-8 EASTBOUND","MOUNTAIN SPRINGS ROAD",8976.00,E,N,A,-,Y,,,8,,,,,,E,N,3,0,1,2,A,-,03,22350,,N,C,C,A,A,H,-,A,D,0,,,,Y,Y,,A,01,0,1,0,0,0,0,0,0,0,"- ","- ",32.677211761474609,-116.07302093505859,IMPERIAL,UNINCORPORATED,-116.07304382324219,32.677238464355469
91518854,2021,2021-07-13,9625,2021-05-29,1431,018933,,6,2,9,1300,0,1,1,,2,001,"I-8 E/B","MOUNTAIN SPRINGS ROAD",1180.00,W,N,A,-,Y,,,8,,,,,,E,Y,1,1,0,1,A,-,03,22350,,N,E,I,A,A,H,-,A,D,0,,,Y,,Y,,C,02,0,0,0,0,0,0,0,1,0,"- ","- ",32.677780151367188,-116.10302734375,IMPERIAL,UNINCORPORATED,-116.10302734375,32.677745819091797
91518858,2021,2021-07-13,9625,2021-06-30,0805,017727,,3,1,9,1300,0,3,5,,2,010,"BRAWLEY AVE",SR-86,10.00,E,N,A,-,N,,,,,,,,,,N,4,0,1,2,A,-,03,22350,,N,C,C,A,A,H,-,A,A,0,,,,,Y,,A,01,0,0,1,0,0,0,0,0,0,"- ","- ",33.374500274658203,-116.02549743652344,IMPERIAL,UNINCORPORATED,-116.02590942382812,33.374370574951172
91519305,2021,2021-07-13,9625,2021-07-02,1935,019225,,5,2,9,1300,0,2,4,,2,046,"DOGWOOD ROAD","MCCABE ROAD",1200.00,N,N,A,-,N,,,,,,,,,,Y,3,0,1,2,A,-,01,23152,F,N,C,C,A,A,H,-,D,D,0,,,,,Y,,A,01,0,1,0,0,0,0,0,0,0,"- ","- ",32.756549835205078,-115.53479766845703,IMPERIAL,UNINCORPORATED,-115.53481292724609,32.755641937255859
91519316,2021,2021-07-13,9625,2021-07-02,2050,018792,,5,2,9,1300,0,3,5,,2,010,"FORRESTER ROAD","BANNISTER ROAD",6230.00,N,N,A,-,N,,,,,,,,,,Y,3,0,2,1,A,-,03,22350,,N,E,A,A,A,H,-,D,D,0,,,Y,,Y,,C,02,0,2,0,0,0,0,0,0,2,"- ","- ",33.069019317626953,-115.62164306640625,IMPERIAL,UNINCORPORATED,-115.62162017822266,33.068927764892578
91519379,2021,2021-07-13,9625,2021-06-05,1518,019667,,6,2,9,1300,0,1,3,,1,042,"STATE ROUTE 98","DREW ROAD",355.00,E,N,A,-,Y,,,98,,,,,,,Y,1,1,1,1,A,-,08,22107,,N,E,I,A,A,H,-,A,D,0,,,,,Y,,A,07,1,0,0,0,0,0,0,0,0,"- ","- ",32.679069519042969,-115.67095947265625,IMPERIAL,UNINCORPORATED,-115.67097473144531,32.679130554199219
91520364,2021,2021-07-14,9625,2021-07-02,0705,017727,,5,1,9,1300,0,1,3,,1,042,SR-98,"MOLITAR ROAD",1950.00,E,N,A,-,N,,,98,,,,,,,N,4,0,1,1,A,-,08,22107,,N,D,I,A,A,H,-,A,D,0,,,,,Y,,A,01,0,0,1,0,0,0,0,0,0,"- ","- ",32.719799041748047,-115.95590209960938,IMPERIAL,UNINCORPORATED,-115.95589447021484,32.719825744628906
91520369,2021,2021-07-14,9625,2021-07-04,0430,021107,,7,3,9,1300,0,1,3,,2,023,"DIRT ROAD N/O BOWLES ROAD","STATE ROUTE 115",37.00,E,N,A,-,N,,,,,,,,,,Y,3,0,1,1,A,-,08,22107,,N,E,I,A,A,H,-,D,D,0,,,,,Y,,D,22,0,1,0,0,0,0,0,0,0,"- ","- ",33.118549346923828,-115.44950866699219,IMPERIAL,UNINCORPORATED,-115.44953700000001,33.118549999999999
91520990,2021,2021-07-15,9625,2021-07-06,0935,018468,,2,1,9,1300,0,1,1,,2,003,"INTERSTATE 8 (E/B)","DUNAWAY ROAD",0.00,,N,A,-,Y,,,8,,,,,,,Y,2,0,5,1,A,-,08,22107,,N,F,A,A,A,H,-,A,D,0,,,,,Y,,A,07,2,2,1,0,0,0,0,0,0,"- ","- ",32.768741607666016,-115.80021667480469,IMPERIAL,UNINCORPORATED,-115.80023193359375,32.768802642822266
91520999,2021,2021-07-15,9625,2021-07-06,0747,018468,,2,1,9,1300,0,2,4,,2,046,"DOGWOOD ROAD","WILLOUGHBY ROAD",0.00,,Y,A,-,N,,,,,,,,,,N,4,0,2,2,A,-,09,21802,A,N,D,C,A,A,H,-,A,A,0,,,,,Y,,D,22,0,0,2,0,0,0,0,0,0,"- ","- ",32.708408355712891,-115.53395843505859,IMPERIAL,UNINCORPORATED,-115.53408050537109,32.708446502685547
91521433,2021,2021-07-15,9625,2021-07-09,0907,018468,,5,1,9,1300,0,1,3,,1,042,"STATE ROUTE 98","DOGWOOD ROAD",1531.00,W,N,A,-,Y,,,98,,,,,,,Y,4,0,1,2,A,-,09,21801,A,N,D,C,A,A,H,-,A,D,0,,,,,Y,,D,22,0,0,1,0,0,0,0,0,0,"- ","- ",32.679248809814453,-115.53350830078125,IMPERIAL,UNINCORPORATED,-115.53350830078125,32.679241180419922
91524345,2021,2021-07-20,9625,2021-07-10,1050,018930,,6,1,9,1300,0,3,5,,2,050,"HEBER ROAD","ANDERHOLT ROAD",2640.00,E,N,A,-,N,,,,,,,,,,Y,2,0,4,1,A,-,08,22107,,N,F,A,A,A,H,-,A,D,0,,,,,Y,,A,01,1,3,0,0,0,0,0,0,0,"- ","- ",32.730251312255859,-115.40509033203125,IMPERIAL,UNINCORPORATED,-115.40525054931641,32.730377197265625
91524887,2021,2021-07-20,9625,2021-07-10,1504,018792,,6,2,9,1300,0,1,3,,1,012,SR-86,"SOUTH MARINA DRIVE",0.00,,Y,A,-,Y,,,86,,,,,,,Y,4,0,2,2,A,-,09,21453,C,F,D,C,A,A,H,-,A,A,0,,,,,Y,,A,07,0,0,2,0,0,0,0,0,0,"- ","- ",33.279079437255859,-115.96440887451172,IMPERIAL,UNINCORPORATED,-115.96439361572266,33.279094696044922
91525848,2021,2021-07-21,9625,2021-07-14,0450,021107,,3,3,9,1300,0,1,1,,2,002,"INTERSTATE 8 WESTBOUND","MOUNTAIN SPRINGS ROAD",2376.00,E,N,A,-,Y,,,8,,,,,,W,Y,4,0,1,1,A,-,08,22107,,N,E,I,A,A,H,-,D,D,0,,,,,Y,,A,01,0,0,1,0,0,0,0,0,0,"- ","- ",32.681529998779297,-116.09219360351562,IMPERIAL,UNINCORPORATED,-116.09214782714844,32.681480407714844
91525922,2021,2021-07-21,9625,2021-07-15,1555,019667,,4,2,9,1300,0,3,5,,2,050,"ROSS ROAD","CANON ROAD",0.00,,Y,A,-,N,,,,,,,,,,N,3,0,2,3,A,-,09,21802,B,N,D,C,A,A,H,-,A,A,0,,,,,Y,,A,01,0,2,0,0,0,0,0,0,0,"- ","- ",32.781509399414062,-115.50955963134766,IMPERIAL,UNINCORPORATED,-115.509521484375,32.781501770019531
91528852,2021,2021-07-26,9625,2021-07-14,0930,017727,,3,1,9,1300,0,1,3,,2,024,SR-78,"WHITLOCK ROAD",105.00,E,N,A,-,Y,,,78,,,,,,,Y,3,0,1,1,A,-,01,23152,A,N,F,A,A,A,H,-,A,D,0,,,,,Y,Y,A,01,0,1,0,0,0,0,0,0,0,"- ","- ",32.974498748779297,-115.29440307617188,IMPERIAL,UNINCORPORATED,-115.29438781738281,32.974536895751953
91530042,2021,2021-07-27,9625,2021-07-15,0440,020111,,4,3,9,1300,0,2,4,,2,057,SR-115,"MILLER ROAD",3195.00,W,N,A,-,Y,,,115,,,,,,,Y,3,0,1,2,A,-,03,22350,,M,C,C,A,A,H,-,D,D,0,,,,Y,Y,,-,33,0,1,0,0,0,0,0,0,0,"- ","- ",32.793350219726562,-115.31076812744141,IMPERIAL,UNINCORPORATED,-115.31081390380859,32.793289184570312
91530047,2021,2021-07-27,9625,2021-07-16,1705,019668,,5,2,9,1300,0,1,3,,1,012,"SR-86 SOUTHBOUND","SUNRISE DRIVE",0.00,,Y,A,-,Y,,,86,,,,,,S,Y,3,0,2,2,A,-,09,21802,A,N,D,C,A,A,H,-,A,A,0,,,,,Y,,D,22,0,2,0,0,0,0,0,0,0,"- ","- ",33.289180755615234,-115.97174835205078,IMPERIAL,UNINCORPORATED,-115.97184753417969,33.289104461669922
91531097,2021,2021-07-28,9620,2021-07-21,0216,020054,,3,3,9,1300,0,1,1,,2,081,"W/B I-8","OGILBY ROAD",4752.00,W,N,A,-,Y,,,8,,,,,,,Y,2,0,2,1,A,-,08,22107,,N,E,I,A,A,H,-,D,D,0,,,,,Y,,A,01,1,1,0,0,0,0,0,0,0,"- ","- ",32.758071899414062,-114.85202789306641,IMPERIAL,UNINCORPORATED,-114.85201263427734,32.758014678955078
91532140,2021,2021-07-29,9625,2021-07-19,0619,018368,,1,1,9,1300,0,1,1,,2,003,"I-8 E/B","IMPERIAL HIGHWAY",4366.00,W,N,A,-,Y,,,8,,,,,,E,Y,3,0,1,1,A,-,08,22107,,N,F,I,A,A,H,-,A,D,0,,,,,Y,,A,01,0,1,0,0,0,0,0,0,0,"- ","- ",32.731319427490234,-116.00811004638672,IMPERIAL,UNINCORPORATED,-116.00811767578125,32.731369018554688
91533589,2021,2021-07-30,9625,2021-07-20,1510,019225,,2,2,9,1300,0,1,3,,1,042,SR-98,"MOLITAR ROAD",12144.00,E,N,A,-,Y,,,98,,,,,,,Y,4,0,1,1,A,-,08,22107,,N,F,A,A,A,H,-,A,D,0,,,,,Y,,A,01,0,0,1,0,0,0,0,0,0,"- ","- ",32.701900482177734,-115.93235015869141,IMPERIAL,UNINCORPORATED,-115.93241119384766,32.701881408691406
91533733,2021,2021-07-30,9625,2021-07-20,1425,019668,,2,2,9,1300,0,2,4,,2,045,"EVAN HEWES HIGHWAY","FORRESTER ROAD",1531.00,E,N,A,-,N,,,,,,,,,,N,3,0,1,2,A,-,03,22350,,N,C,C,A,A,H,-,A,D,0,,,,,Y,,A,01,0,1,0,0,0,0,0,0,0,"- ","- ",32.79656982421875,-115.61576080322266,IMPERIAL,UNINCORPORATED,-115.60840606689453,32.801010131835938
91535158,2021,2021-08-02,9625,2021-07-21,1301,018933,,3,1,9,1300,0,2,4,,2,047,"WORTHINGTON ROAD","FORRESTER ROAD",0.00,,Y,A,-,N,,,,,,,,,,Y,3,0,2,2,A,-,09,21802,A,N,D,C,A,A,H,-,A,A,0,,,,,Y,,D,22,0,2,0,0,0,0,0,0,0,"- ","- ",32.847408294677734,-115.62074279785156,IMPERIAL,UNINCORPORATED,-115.62075805664062,32.847389221191406
91535186,2021,2021-08-02,9625,2021-07-22,0933,018468,,4,1,9,1300,0,1,1,,2,003,"INTERSTATE 8 (E/B)","WESTSIDE ROAD",1534.00,W,N,A,-,Y,,,8,,,,,,,Y,3,0,1,2,A,-,03,22350,,N,C,C,A,A,H,-,A,D,0,,,,Y,Y,,A,07,0,1,0,0,0,0,0,0,0,"- ","- ",32.773899078369141,-115.73828125,IMPERIAL,UNINCORPORATED,-115.73828125,32.773914337158203
91535191,2021,2021-08-02,9625,2021-07-22,0127,021107,,4,3,9,1300,0,1,1,,2,003,"INTERSTATE 8 EASTBOUND","LA BRUCHERIE ROAD",330.00,E,N,A,-,Y,,,8,,,,,,E,N,4,0,1,2,A,-,08,22107,,F,E,8,A,A,H,-,C,D,0,,,,,Y,,-,99,0,0,1,0,0,0,0,0,0,"- ","- ",32.773738861083984,-115.57711029052734,IMPERIAL,UNINCORPORATED,-115.57711029052734,32.7738037109375
91535197,2021,2021-08-02,9625,2021-07-23,2205,021107,,5,3,9,1300,0,1,3,,1,022,"STATE ROUTE 111","HOWELL ROAD",3485.00,S,N,A,-,Y,,,111,,,,,,,Y,2,0,1,1,A,-,08,22107,,N,F,A,A,A,H,-,D,D,0,,,,,Y,,A,07,1,0,0,0,0,0,0,0,0,"- ","- ",33.299209594726562,-115.59020233154297,IMPERIAL,UNINCORPORATED,-115.59024810791016,33.299175262451172
91535533,2021,2021-08-03,9620,2021-06-10,1440,014306,,4,2,9,1300,0,1,3,,1,063,SR-78,"MITCHELLS CAMP RD.",1056.00,W,N,A,-,Y,,,,,,,,,,Y,1,2,1,3,A,-,05,21460,A,N,B,C,A,A,H,-,A,D,0,,,,Y,Y,,A,07,0,1,0,0,0,0,0,0,0,"- ","- ",33.319709777832031,-114.73361968994141,IMPERIAL,UNINCORPORATED,-114.73243713378906,33.321933746337891
91535820,2021,2021-08-03,9625,2021-07-24,0530,021107,,6,3,9,1300,0,1,3,,2,024,"STATE ROUTE 78","OSBORNE PARK ROAD",1690.00,E,N,A,-,Y,,,78,,,,,,,Y,4,0,1,1,C,-,18,,,N,E,9,A,A,C,-,D,D,0,,,,,Y,,-,"- ",0,0,1,0,0,0,0,0,0,"- ","- ",32.987190246582031,-115.12960815429688,IMPERIAL,UNINCORPORATED,-115.12961578369141,32.987232208251953
91535858,2021,2021-08-03,9625,2021-07-25,0229,021107,,7,3,9,1300,0,1,3,,1,044,"STATE ROUTE 86 NORTHBOUND","AUSTIN ROAD",2482.00,N,N,A,-,Y,,,86,,,,,,N,N,2,0,1,2,A,-,11,21954,A,N,G,B,E,A,H,-,D,D,0,Y,,,,Y,Y,N,60,1,0,0,0,1,0,0,0,0,"- ","- ",32.953330993652344,-115.55966186523438,IMPERIAL,UNINCORPORATED,-115.5596923828125,32.953414916992188
91536108,2021,2021-08-03,9625,2021-07-25,0916,018933,,7,1,9,1300,0,1,3,,1,022,SR-111,"HOT MINERAL SPA ROAD",5070.00,S,N,B,-,Y,,,111,,,,,,,Y,3,0,1,1,A,-,08,22107,,N,F,I,A,A,H,-,A,D,0,,,,,Y,,A,01,0,1,0,0,0,0,0,0,0,"- ","- ",33.371479034423828,-115.67746734619141,IMPERIAL,UNINCORPORATED,-115.677490234375,33.371433258056641
91536865,2021,2021-08-04,9625,2021-07-24,0555,019582,,6,3,9,1300,0,3,5,,2,010,"FREDRICKS ROAD","ELDER ROAD",0.00,,Y,A,-,N,,,,,,,,,,Y,2,0,1,1,A,-,01,23152,A,N,E,I,A,A,H,-,A,A,0,,,,,Y,Y,A,01,1,0,0,0,0,0,0,0,0,"- ","- ",32.998981475830078,-115.58907318115234,IMPERIAL,UNINCORPORATED,-115.58970642089844,32.998950958251953
91536866,2021,2021-08-04,9625,2021-07-25,0230,020111,,7,3,9,1300,0,3,5,,2,050,"BARBRA WORTH ROAD","EVAN HEWES HWY",2112.00,S,N,A,-,N,,,,,,,,,,Y,3,0,1,1,A,-,08,22107,,N,E,I,A,A,H,-,D,D,0,,,,,Y,Y,A,01,0,1,0,0,0,0,0,0,0,"- ","- ",32.798240661621094,-115.43051147460938,IMPERIAL,UNINCORPORATED,-115.43047332763672,32.797981262207031
91536892,2021,2021-08-04,9625,2021-07-31,1405,019225,,6,2,9,1300,0,1,1,,2,005,"E/B I-8 TO S/B SR-111","INTERSTATE 8",900.00,S,N,A,-,Y,,,,,,,,,,N,4,0,1,1,A,-,08,22107,,N,E,I,A,A,H,-,A,D,0,,,,,Y,,A,01,0,0,1,0,0,0,0,0,0,"- ","- ",,,IMPERIAL,UNINCORPORATED,-115.56105804443359,32.77130126953125
91537635,2021,2021-08-05,9625,2021-08-02,1700,019668,,1,2,9,1300,0,1,3,,2,053,"SR-111 S/B","HEBER ROAD",446.00,S,N,A,-,Y,,,111,,,,,,S,Y,2,0,1,2,A,-,03,22350,,N,C,C,A,A,A,-,A,D,0,,,Y,,Y,,C,02,1,0,0,0,0,0,0,0,1,"- ","- ",32.729408264160156,-115.50057220458984,IMPERIAL,UNINCORPORATED,-115.50038909912109,32.729412078857422
91538154,2021,2021-08-05,9625,2021-07-31,0525,018368,,6,3,9,1300,0,3,5,,2,010,"BEST ROAD","WARD ROAD",1988.00,N,N,A,-,N,,,,,,,,,,Y,4,0,1,2,A,-,03,22350,,N,C,D,A,A,H,-,A,D,0,,,,,Y,,A,01,0,0,1,0,0,0,0,0,0,"- ","- ",33.020980834960938,-115.50917816162109,IMPERIAL,UNINCORPORATED,-115.50921630859375,33.021030426025391
91538576,2021,2021-08-06,9625,2021-07-25,1406,018978,,7,2,9,1300,0,1,3,,1,012,"STATE ROUTE 86 N/B","TREADWELL BLVD",0.00,,Y,A,-,Y,,,86,,,,,,N,Y,3,0,2,3,A,-,09,21804,A,N,D,C,A,A,H,-,A,A,0,,,,,Y,,A,01,0,1,1,0,0,0,0,0,0,"- ","- ",33.328498840332031,-116.00067138671875,IMPERIAL,UNINCORPORATED,-116.00070953369141,33.328472137451172
91538758,2021,2021-08-06,9625,2021-07-27,0533,020263,,2,3,9,1300,0,1,3,,2,053,"SR-111 S/B",SR-86,0.00,,Y,A,-,Y,,,111,,,,,,S,Y,2,0,2,2,A,-,12,21453,A,N,D,C,A,A,H,-,B,A,0,,,,,Y,,A,07,1,0,1,0,0,0,0,0,0,"- ","- ",32.730659484863281,-115.50050354003906,IMPERIAL,UNINCORPORATED,-115.50040435791016,32.730663299560547
91540737,2021,2021-09-17,9625,2021-07-28,0810,017727,,3,1,9,1300,0,1,3,,1,054,"SR-111 S/B","KEYSTONE ROAD",3813.00,N,N,A,-,Y,,,111,,,,,,S,Y,4,0,2,2,A,-,08,22107,,N,B,E,A,A,H,-,A,D,0,,,,Y,Y,,G,25,0,0,2,0,0,0,0,0,0,"- ","- ",32.923099517822266,-115.50930023193359,IMPERIAL,UNINCORPORATED,-115.50912475585938,32.923099517822266
91541471,2021,2021-08-10,9620,2021-07-12,2038,019291,,1,2,9,1300,0,1,1,,2,081,"I-8 W/B","GORDONS WELL RD",7920.00,W,N,A,-,Y,,,8,,,,,,W,N,1,1,0,2,A,-,11,21954,A,N,G,B,D,A,H,-,D,D,0,Y,,,,Y,,N,60,0,0,0,1,0,0,0,0,0,"- ","- ",32.710491180419922,-114.93183135986328,IMPERIAL,UNINCORPORATED,-114.93182373046875,32.710472106933594