CASE_ID,ACCIDENT_YEAR,PROC_DATE,JURIS,COLLISION_DATE,COLLISION_TIME,OFFICER_ID,REPORTING_DISTRICT,DAY_OF_WEEK,CHP_SHIFT,POPULATION,CNTY_CITY_LOC,SPECIAL_COND,BEAT_TYPE,CHP_BEAT_TYPE,CITY_DIVISION_LAPD,CHP_BEAT_CLASS,BEAT_NUMBER,PRIMARY_RD,SECONDARY_RD,DISTANCE,DIRECTION,INTERSECTION,WEATHER_1,WEATHER_2,STATE_HWY_IND,CALTRANS_COUNTY,CALTRANS_DISTRICT,STATE_ROUTE,ROUTE_SUFFIX,POSTMILE_PREFIX,POSTMILE,LOCATION_TYPE,RAMP_INTERSECTION,SIDE_OF_HWY,TOW_AWAY,COLLISION_SEVERITY,NUMBER_KILLED,NUMBER_INJURED,PARTY_COUNT,PRIMARY_COLL_FACTOR,PCF_CODE_OF_VIOL,PCF_VIOL_CATEGORY,PCF_VIOLATION,PCF_VIOL_SUBSECTION,HIT_AND_RUN,TYPE_OF_COLLISION,MVIW,PED_ACTION,ROAD_SURFACE,ROAD_COND_1,ROAD_COND_2,LIGHTING,CONTROL_DEVICE,CHP_ROAD_TYPE,PEDESTRIAN_ACCIDENT,BICYCLE_ACCIDENT,MOTORCYCLE_ACCIDENT,TRUCK_ACCIDENT,NOT_PRIVATE_PROPERTY,ALCOHOL_INVOLVED,STWD_VEHTYPE_AT_FAULT,CHP_VEHTYPE_AT_FAULT,COUNT_SEVERE_INJ,COUNT_VISIBLE_INJ,COUNT_COMPLAINT_PAIN,COUNT_PED_KILLED,COUNT_PED_INJURED,COUNT_BICYCLIST_KILLED,COUNT_BICYCLIST_INJURED,COUNT_MC_KILLED,COUNT_MC_INJURED,PRIMARY_RAMP,SECONDARY_RAMP,LATITUDE,LONGITUDE,COUNTY,CITY,POINT_X,POINT_Y
91541761,2021,2021-08-10,9625,2021-03-15,1620,021107,,1,2,9,1300,0,1,3,,1,012,"STATE ROUTE 86 NORTHBOUND","NORTH MARINA DRIVE",2014.00,N,N,F,G,Y,,,86,,,,,,N,Y,1,1,1,3,A,-,03,22350,,N,G,B,E,A,H,-,A,D,0,Y,,,,Y,,D,22,0,1,0,1,0,0,0,0,0,"- ","- ",33.3077392578125,-115.98535919189453,IMPERIAL,UNINCORPORATED,-115.98532867431641,33.307765960693359
91542841,2021,2021-08-11,9625,2021-08-03,1400,021107,,2,2,9,1300,0,1,3,,1,044,"STATE ROUTE 86 S/B","AUSTIN ROAD",3300.00,N,N,A,-,Y,,,86,,,,,,S,Y,2,0,3,2,A,-,03,22350,,N,C,C,A,A,H,-,A,D,0,,,,,Y,,D,22,1,1,1,0,0,0,0,0,0,"- ","- ",32.95452880859375,-115.55716705322266,IMPERIAL,UNINCORPORATED,-115.55714416503906,32.9544677734375
91543721,2021,2021-08-12,9625,2021-08-03,0635,017727,,2,1,9,1300,0,1,3,,1,012,"SR-86 (N/B)","TREADWELL BLVD",78.00,N,N,A,-,Y,,,86,,,,,,,Y,3,0,1,1,A,-,08,22107,,N,E,I,A,A,H,-,B,D,0,,,,,Y,,A,07,0,1,0,0,0,0,0,0,0,"- ","- ",33.327690124511719,-116.00007629394531,IMPERIAL,UNINCORPORATED,-116.00010681152344,33.327671051025391
91543842,2021,2021-08-12,9625,2021-08-02,1610,019668,,1,2,9,1300,0,1,3,,2,053,"SR-111 N/B","HEBER ROAD",2152.00,S,N,A,-,Y,,,,,,,,,,Y,3,0,2,4,A,-,08,22107,,N,B,C,A,A,H,-,A,D,0,,,,,Y,,A,01,0,1,1,0,0,0,0,0,0,"- ","- ",,,IMPERIAL,UNINCORPORATED,-115.50019836425781,32.724788665771484
91546221,2021,2021-08-16,9620,2021-08-07,1835,018535,,6,2,9,1300,0,2,4,,1,061,"S-34 (OGILBY ROAD)","INDIAN PASS ROAD",12144.00,S,N,A,G,N,,,,,,,,,,Y,2,0,1,2,A,-,08,22107,,N,E,I,A,A,H,-,B,D,0,,,,,Y,,A,01,1,0,0,0,0,0,0,0,0,"- ","- ",32.928020477294922,-114.8424072265625,IMPERIAL,UNINCORPORATED,,
91549033,2021,2021-08-19,9625,2021-08-08,0040,022010,,7,3,9,1300,0,1,3,,1,044,"SR-86 N/B","HARRIS ROAD",54.00,S,N,A,-,Y,,,86,,,,,,N,Y,3,0,1,1,A,-,08,22107,,N,E,I,A,A,H,-,D,D,0,,,,,Y,,A,01,0,1,0,0,0,0,0,0,0,"- ","- ",32.883800506591797,-115.57008361816406,IMPERIAL,UNINCORPORATED,-115.57022857666016,32.883800506591797
91549176,2021,2021-08-19,9625,2021-08-13,1710,019667,,5,2,9,1300,0,3,5,,2,040,"ROSS ROAD","FORRESTER ROAD",1731.00,E,N,A,-,N,,,,,,,,,,N,3,0,2,1,A,-,08,22107,,N,E,I,A,A,H,-,A,D,0,,,,,Y,,A,07,0,1,1,0,0,0,0,0,0,"- ","- ",32.781551361083984,-115.61456298828125,IMPERIAL,UNINCORPORATED,-115.61503601074219,32.781425476074219
91553101,2021,2021-08-24,9620,2021-08-21,1330,018535,,6,1,9,1300,0,3,5,,2,060,"RIVER RD","NEIGHBORS BLVD",1056.00,S,N,A,G,N,,,,,,,,,,Y,3,0,2,1,A,-,08,22107,,N,F,A,A,A,H,-,A,D,0,,,,,Y,,A,01,0,2,0,0,0,0,0,0,0,"- ","- ",33.415458679199219,-114.65769958496094,IMPERIAL,UNINCORPORATED,,
91554188,2021,2021-08-25,9625,2021-06-22,0145,020263,,2,3,9,1300,0,1,3,,1,021,SR-111,"BAUGHMAN ROAD",210.00,N,N,A,-,Y,,,111,,,,,,,N,1,1,0,2,A,-,00,21971,,F,G,B,E,A,H,-,D,D,0,Y,,,,Y,,N,60,0,0,0,1,0,0,0,0,0,"- ","- ",33.031230926513672,-115.52671813964844,IMPERIAL,UNINCORPORATED,-115.52687835693359,33.031230926513672
91555374,2021,2021-08-26,9625,2021-08-25,0710,018368,,3,1,9,1300,0,2,4,,2,047,"FORRESTER ROAD","HACKLEMAN ROAD",106.00,N,N,A,-,Y,,,,,,,,,,Y,3,0,1,1,A,-,08,22107,,N,E,I,A,A,H,-,A,D,0,,,,,Y,,A,01,0,1,0,0,0,0,0,0,0,"- ","- ",32.811771392822266,-115.62045288085938,IMPERIAL,UNINCORPORATED,-115.62065887451172,32.811389923095703
91557035,2021,2021-08-27,9625,2021-08-24,1120,018468,,2,1,9,1300,0,1,3,,1,054,"STATE ROUTE 111 (N/B)","EVAN HEWES HIGHWAY",100.00,S,N,A,-,Y,,,111,,,,,,,Y,4,0,1,3,A,-,03,22350,,N,C,C,A,A,H,-,A,A,0,,,,,Y,,D,22,0,0,1,0,0,0,0,0,0,"- ","- ",32.799350738525391,-115.50045776367188,IMPERIAL,UNINCORPORATED,-115.50062561035156,32.799373626708984
91557211,2021,2021-08-27,9625,2021-07-14,1430,018792,,3,2,9,1300,0,2,4,,2,047,"FORRESTER ROAD","CADY ROAD",2534.00,N,N,A,-,N,,,,,,,,,,Y,1,1,2,1,A,-,01,23152,A,N,F,A,A,A,H,-,A,D,0,,,,,Y,Y,D,22,2,0,0,0,0,0,0,0,0,"- ","- ",32.984329223632812,-115.62403869628906,IMPERIAL,UNINCORPORATED,-115.62407684326172,32.984317779541016
91558243,2021,2021-08-30,9625,2021-08-22,1910,019667,,7,2,9,1300,0,1,3,,1,054,"KEYSTONE ROAD",SR-111,0.00,,Y,A,-,Y,,,,,,,,,,N,2,0,5,2,A,-,12,21453,A,N,D,C,A,A,H,-,B,A,0,,,,,Y,,A,01,4,1,0,0,0,0,0,0,0,"- ","- ",32.913959503173828,-115.50927734375,IMPERIAL,UNINCORPORATED,-115.50896453857422,32.912666320800781
91558299,2021,2021-08-30,9625,2021-08-27,0950,018368,,5,1,9,1300,0,2,4,,2,057,"EVAN HEWES HIGHWAY","METS RD",0.00,,Y,A,-,N,,,,,,,,,,Y,4,0,1,2,A,-,09,21801,A,N,D,C,A,A,H,-,A,D,0,,,,,Y,,A,01,0,0,1,0,0,0,0,0,0,"- ","- ",32.806350708007812,-115.39743041992188,IMPERIAL,UNINCORPORATED,-115.39746856689453,32.806285858154297
91559813,2021,2021-08-31,9625,2021-08-27,1355,019668,,5,1,9,1300,0,1,1,,2,006,"I-8 W/B",SR-111,2832.00,W,N,A,-,Y,,,8,,,,,,W,Y,4,0,1,1,A,-,08,22107,,N,E,I,A,A,H,-,A,D,0,,,,,Y,,A,07,0,0,1,0,0,0,0,0,0,"- ","- ",32.774280548095703,-115.51109313964844,IMPERIAL,UNINCORPORATED,-115.51109313964844,32.773983001708984
91561054,2021,2021-09-02,9625,2021-08-24,0730,017727,,2,1,9,1300,0,1,3,,1,012,"SR-86 S/B","NORM NIVER ROAD",60.00,S,N,A,-,Y,,,86,,,,,,S,Y,2,0,1,1,A,-,08,22107,,N,E,8,A,A,H,-,A,D,0,,,,,Y,,A,01,1,0,0,0,0,0,0,0,0,"- ","- ",33.357200622558594,-116.018798828125,IMPERIAL,UNINCORPORATED,-116.01877593994141,33.357208251953125
91561275,2021,2021-09-07,9625,2021-08-31,1612,021107,,2,2,9,1300,0,2,4,,2,046,"DOGWOOD ROAD","WILLOUGHBY ROAD",0.00,,Y,B,-,N,,,,,,,,,,Y,4,0,2,2,A,-,09,21802,A,N,D,C,A,A,H,-,A,A,0,,,,,Y,,A,01,0,0,2,0,0,0,0,0,0,"- ","- ",32.708450317382812,-115.53408813476562,IMPERIAL,UNINCORPORATED,-115.53408050537109,32.708446502685547
91561521,2021,2021-09-02,9620,2021-08-24,0815,019953,Quech,2,1,9,1300,0,1,3,,1,062,"STATE ROUTE 186","ANRADE PORT OF ENTRY",3168.00,N,N,A,-,Y,,,,,,,,,,N,4,0,1,2,A,-,11,21954,A,F,G,B,D,A,H,-,A,D,0,Y,,,,Y,Y,N,60,0,0,1,0,1,0,0,0,0,"- ","- ",,,IMPERIAL,UNINCORPORATED,,
91561668,2021,2021-09-02,9625,2021-08-29,1753,018792,,7,2,9,1300,0,1,3,,1,011,"SR-86 S/B","KALIN RD",0.00,,Y,A,-,Y,,,86,,,,,,S,Y,3,0,3,2,A,-,09,21802,A,N,D,C,A,A,H,-,A,A,0,,,,,Y,,A,01,0,3,0,0,0,0,0,0,0,"- ","- ",32.984691619873047,-115.57823181152344,IMPERIAL,UNINCORPORATED,-115.57820892333984,32.984710693359375
91562203,2021,2021-09-03,9625,2021-08-24,0352,020263,,2,3,9,1300,0,1,3,,2,014,"SR-78 W/B","BRANDT ROAD",0.00,,Y,A,-,Y,,,78,,,,,,W,Y,2,0,1,2,A,-,01,23152,A,N,D,D,A,A,H,-,C,A,0,,,,,Y,Y,A,07,1,0,0,0,0,0,0,0,0,"- ","- ",33.000408172607422,-115.56143951416016,IMPERIAL,UNINCORPORATED,-115.56143951416016,33.000335693359375
91562671,2021,2021-09-06,9625,2021-09-02,1605,018933,,4,2,9,1300,0,2,4,,2,045,"EVAN HEWES HWY","FORRESTER ROAD",1379.00,W,N,A,-,Y,,,,,,,,,,Y,3,0,1,2,A,-,06,21750,A,N,D,C,A,A,H,-,A,D,0,,,,,Y,,A,01,0,1,0,0,0,0,0,0,0,"- ","- ",32.796630859375,-115.6253662109375,IMPERIAL,UNINCORPORATED,-115.61180877685547,32.804050445556641
91565506,2021,2021-09-08,9625,2021-09-04,0210,021107,,6,3,9,1300,0,3,5,,2,040,"SILSBEE ROAD","ATEN ROAD",41.00,S,N,A,-,N,,,,,,,,,,Y,3,0,2,1,A,-,08,22107,,N,E,I,A,A,H,-,D,D,0,,,,,Y,,A,07,0,2,0,0,0,0,0,0,0,"- ","- ",32.825431823730469,-115.64643859863281,IMPERIAL,UNINCORPORATED,-115.64643096923828,32.825416564941406
91565516,2021,2021-09-08,9625,2021-09-07,1515,018468,,2,2,9,1300,0,3,5,,2,010,"INDIAN OCEAN AVENUE","STARDUST AVENUE",24.00,E,N,A,-,N,,,,,,,,,,N,2,0,1,1,A,-,08,22107,,N,E,I,A,A,H,-,A,D,0,,,Y,,Y,,C,06,1,0,0,0,0,0,0,0,1,"- ","- ",33.336681365966797,-115.97157287597656,IMPERIAL,UNINCORPORATED,-115.97173309326172,33.336688995361328
9156565,2020,2020-11-18,1301,2020-09-17,1128,MORENO,,4,5,3,1301,0,0,0,,0,001,"PATER ST","FLAMMANG AV",0.00,,Y,A,-,N,,,,,,,,,,Y,4,0,1,2,A,-,12,22450,,N,D,C,A,A,H,-,A,A,0,,,,,Y,,-,,0,0,1,0,0,0,0,0,0,"- ","- ",,,IMPERIAL,BRAWLEY,-115.53939056396484,32.987949371337891
91565657,2021,2021-09-08,9625,2021-08-03,1535,019667,,2,2,9,1300,0,2,4,,2,046,"WILLOUGHBY ROAD","DOGWOOD ROAD",0.00,,Y,A,-,N,,,,,,,,,,Y,1,1,1,2,A,-,09,21802,A,N,D,C,A,A,H,-,A,A,0,,,,,Y,,A,07,0,1,0,0,0,0,0,0,0,"- ","- ",32.708480834960938,-115.53388977050781,IMPERIAL,UNINCORPORATED,-115.53408050537109,32.708446502685547
91566568,2021,2021-09-17,9625,2021-08-30,0251,018978,,1,3,9,1300,0,1,1,,2,006,"INTERSTATE 8 W/B","DOGWOOD ROAD",4860.00,E,N,A,-,Y,,,8,,,,,,W,Y,2,0,1,2,A,-,01,23152,A,N,C,C,A,A,H,-,C,D,0,,,,,Y,Y,A,01,1,0,0,0,0,0,0,0,0,"- ","- ",32.773708343505859,-115.5189208984375,IMPERIAL,UNINCORPORATED,-115.5189208984375,32.773990631103516
91566618,2021,2021-09-09,9625,2021-08-31,0500,022010,,2,3,9,1300,0,1,3,,2,024,SR-78,"OSBORNE PARK ROAD",2006.00,E,N,C,-,Y,,,78,,,,,,,Y,3,0,1,1,A,-,08,22107,,N,F,A,A,B,H,-,D,D,0,,,,,Y,,A,01,0,1,0,0,0,0,0,0,0,"- ","- ",32.987110137939453,-115.12982177734375,IMPERIAL,UNINCORPORATED,-115.12983703613281,32.987197875976562
91569879,2021,2021-09-14,9625,2021-09-03,1317,018978,,5,1,9,1300,0,2,4,,2,046,"DOGWOOD ROAD","COLE ROAD",0.00,,Y,A,-,N,,,,,,,,,,N,3,0,1,2,A,-,09,21801,A,N,D,C,A,A,H,-,A,D,0,,,,,Y,,A,01,0,1,0,0,0,0,0,0,0,"- ","- ",32.693981170654297,-115.53397369384766,IMPERIAL,UNINCORPORATED,-115.53398132324219,32.694004058837891
91569911,2021,2021-09-14,9625,2021-09-04,1105,018368,,6,1,9,1300,0,2,4,,2,046,"DOGWOOD ROAD","COLE ROAD",0.00,,Y,A,-,N,,,,,,,,,,Y,4,0,1,2,A,-,09,21801,A,N,D,C,A,A,H,-,A,D,0,,,,,Y,,A,07,0,0,1,0,0,0,0,0,0,"- ","- ",32.693931579589844,-115.53378295898438,IMPERIAL,UNINCORPORATED,-115.53398132324219,32.694004058837891
91570239,2021,2021-09-14,9625,2021-09-01,1000,016248,,3,1,9,1300,0,1,1,,2,001,"I-8 E/B","MOUNTAIN SPRINGS ROAD",307.00,W,N,A,-,Y,,,8,,,,,,E,N,3,0,2,2,A,-,03,22350,,N,C,C,A,A,H,-,A,D,0,,,,Y,Y,,A,01,0,1,1,0,0,0,0,0,0,"- ","- ",32.676479339599609,-116.099853515625,IMPERIAL,UNINCORPORATED,-116.09984588623047,32.676490783691406
91571951,2021,2021-09-16,9625,2021-09-07,0420,018930,,2,3,9,1300,0,3,5,,2,050,"COLE ROAD","PRUETT ROAD",241.00,W,N,A,-,N,,,,,,,,,,Y,2,0,1,1,A,-,08,22107,,N,E,I,A,A,H,-,C,D,0,,,Y,,Y,,C,02,1,0,0,0,0,0,0,0,1,"- ","- ",32.694011688232422,-115.51423645019531,IMPERIAL,UNINCORPORATED,-115.51213836669922,32.6939697265625
91572515,2021,2021-09-16,9625,2021-09-04,1640,022010,,6,2,9,1300,0,3,5,,2,050,"YOURMAN ROAD","HEBER ROAD",0.00,,Y,A,-,N,,,,,,,,,,Y,4,0,2,2,A,-,12,22450,A,N,D,C,A,A,H,-,A,A,0,,,,,Y,,A,07,0,0,2,0,0,0,0,0,0,"- ","- ",32.730751037597656,-115.49857330322266,IMPERIAL,UNINCORPORATED,-115.49834442138672,32.730678558349609
91573112,2021,2021-09-17,9625,2021-09-07,0711,018368,,2,1,2,1306,1,2,4,,2,047,"FORRESTER ROAD","ATEN ROAD",0.00,,Y,A,-,N,,,,,,,,,,Y,3,0,2,3,A,-,12,22450,A,N,D,C,A,A,H,-,A,A,0,,,,,Y,,A,01,0,1,1,0,0,0,0,0,0,"- ","- ",32.825550079345703,-115.62074279785156,IMPERIAL,IMPERIAL,-115.61183166503906,32.810840606689453
91573433,2021,2021-09-17,9625,2021-09-10,0949,018978,,5,1,9,1300,0,1,3,,1,011,"STATE ROUTE 86 S/B","VENDEL ROAD",1800.00,S,N,A,-,Y,,,86,,,,,,S,Y,4,0,1,2,A,-,05,21651,B,N,E,J,A,A,H,-,A,D,0,,,,,Y,,D,22,0,0,1,0,0,0,0,0,0,"- ","- ",33.037410736083984,-115.70191192626953,IMPERIAL,UNINCORPORATED,-115.701904296875,33.037494659423828
91573505,2021,2021-09-17,9625,2021-09-12,1658,022010,,7,2,9,1300,0,1,1,,2,006,"I-8 W/B",SR-111,317.00,W,N,A,-,Y,,,8,,,,,,W,Y,3,0,1,1,C,-,18,,,N,E,I,A,A,H,-,A,D,0,,,,,Y,,-,"- ",0,1,0,0,0,0,0,0,0,"- ","- ",32.675979614257812,-116.10659790039062,IMPERIAL,UNINCORPORATED,-116.10689544677734,32.676143646240234
91573517,2021,2021-09-17,9625,2021-09-12,1833,018468,,7,2,9,1300,0,1,1,,2,001,"INTERSTATE 8 (E/B)","MOUNTAIN SPRINGS ROAD",1219.00,W,N,A,-,Y,,,8,,,,,,,Y,2,0,1,1,A,-,03,22350,,N,F,A,A,A,H,-,A,D,0,,,,Y,Y,,G,25,1,0,0,0,0,0,0,0,0,"- ","- ",32.676609039306641,-116.10603332519531,IMPERIAL,UNINCORPORATED,-116.10599517822266,32.676582336425781
91574329,2021,2021-09-20,9625,2021-09-11,1250,018978,,6,1,9,1300,0,1,3,,2,053,"SR-111 N/B","MCCABE ROAD",150.00,N,N,A,-,Y,,,111,,,,,,N,Y,2,0,1,1,A,-,08,22107,,N,F,A,A,A,H,-,A,D,0,,,,,Y,,A,07,1,0,0,0,0,0,0,0,0,"- ","- ",32.753921508789062,-115.50086975097656,IMPERIAL,UNINCORPORATED,-115.50077819824219,32.753921508789062
91575419,2021,2021-09-21,9625,2021-09-14,0947,018368,,2,1,9,1300,0,1,3,,1,044,"SR-86 S/B","AUSTIN RD",3284.00,N,N,A,-,N,,,86,,,,,,S,N,4,0,2,2,A,-,03,22350,,N,C,C,A,A,H,-,A,D,0,,,,,Y,,A,01,0,0,2,0,0,0,0,0,0,"- ","- ",32.954299926757812,-115.55780029296875,IMPERIAL,UNINCORPORATED,-115.55776214599609,32.954212188720703
91576366,2021,2021-09-22,9620,2021-09-19,0700,019333,Quech,7,1,9,1300,0,2,4,,1,075,"WINTERHAVEN DRIVE","EASTBOUND INTERSTATE 8",401.00,S,N,A,-,N,,,,,,,,,,Y,4,0,1,1,A,-,08,22107,,N,E,I,A,A,H,-,A,D,0,,,,,Y,,A,01,0,0,1,0,0,0,0,0,0,"- ","- ",32.730548858642578,-114.62467956542969,IMPERIAL,UNINCORPORATED,-114.62455749511719,32.730606079101562
91580161,2021,2021-09-27,9625,2021-09-17,1520,019225,,5,2,9,1300,0,2,4,,2,046,"DOGWOOD ROAD","NECKEL ROAD",5.00,S,N,A,-,N,,,,,,,,,,Y,4,0,1,2,A,-,09,21801,A,N,E,I,A,A,H,-,A,D,0,,,,,Y,,A,01,0,0,1,0,0,0,0,0,0,"- ","- ",32.861778259277344,-115.53565216064453,IMPERIAL,UNINCORPORATED,-115.53559112548828,32.861766815185547
91580328,2021,2021-09-27,9625,2021-09-19,1905,019225,,7,2,9,1300,0,1,3,,2,053,"SR-111 S/B","JASPER ROAD",1841.00,N,N,A,-,Y,,,111,,,,,,S,N,4,0,2,3,A,-,08,22107,,N,G,B,E,A,H,-,D,D,0,Y,,,,Y,,A,01,0,0,2,0,2,0,0,0,0,"- ","- ",32.713848114013672,-115.49961853027344,IMPERIAL,UNINCORPORATED,-115.49946594238281,32.713851928710938
91581931,2021,2021-09-28,9625,2021-09-26,1050,020996,,7,1,9,1300,0,1,3,,1,054,"SR-111 N/B","EVAN HEWES HIGHWAY",2640.00,S,N,B,-,N,,,111,,,,,,N,N,4,0,1,2,A,-,07,21658,A,N,B,C,A,A,H,-,A,D,0,,,,,Y,,A,07,0,0,1,0,0,0,0,0,0,"- ","- ",32.793769836425781,-115.50051116943359,IMPERIAL,UNINCORPORATED,-115.50065612792969,32.793769836425781
91583565,2021,2021-09-30,9620,2021-09-25,0540,018979,Quech,6,3,9,1300,0,1,1,,2,082,"I-8 E/B","WINTERHAVEN DRIVE",2640.00,W,N,A,-,Y,,,8,,,,,,E,Y,4,0,1,1,A,-,08,22107,,N,F,A,A,A,H,-,D,D,0,,,,,Y,,A,01,0,0,1,0,0,0,0,0,0,"- ","- ",32.737239837646484,-114.65898132324219,IMPERIAL,UNINCORPORATED,-114.65898132324219,32.737125396728516
91588231,2021,2021-10-05,9625,2021-09-28,2015,018468,,2,2,9,1300,0,1,1,,2,003,"INTERSTATE 8 (E/B)","DOGWOOD ROAD",237.00,W,N,A,-,Y,,,,,,,,,,Y,3,0,1,1,A,-,01,23152,A,M,E,I,A,A,H,-,C,D,0,,,,,Y,Y,A,01,0,1,0,0,0,0,0,0,0,"- ","- ",32.773818969726562,-115.53546905517578,IMPERIAL,UNINCORPORATED,-115.53694915771484,32.773689270019531
91589341,2021,2021-10-06,9625,2021-09-28,0758,016248,,2,1,9,1300,0,3,5,,2,050,"ZENOS ROAD",SR-115,2678.00,E,N,A,-,N,,,,,,,,,,Y,4,0,2,2,A,-,05,21650,,N,A,C,A,A,H,-,A,D,0,,,,,Y,,A,01,0,0,2,0,0,0,0,0,0,"- ","- ",32.812679290771484,-115.39665222167969,IMPERIAL,UNINCORPORATED,-115.39763641357422,32.812644958496094
91589852,2021,2021-10-06,9620,2021-09-30,0010,020054,,4,3,9,1300,0,1,1,,2,081,"W/B I-8","SAND HILLS REST AREA",2006.00,W,N,A,-,Y,,,8,,,,,,,Y,3,0,1,1,C,-,18,,,N,H,A,A,A,H,-,D,D,0,,,,,Y,Y,-,"- ",0,1,0,0,0,0,0,0,0,"- ","- ",32.734390258789062,-114.89746856689453,IMPERIAL,UNINCORPORATED,-114.89749145507812,32.734439849853516
91593021,2021,2021-10-11,9625,2021-10-08,1935,018468,,5,2,9,1300,0,2,4,,2,046,"DOGWOOD ROAD","COLE ROAD",11.00,N,N,B,-,N,,,,,,,,,,Y,4,0,2,2,A,-,03,22350,,N,C,C,A,A,H,-,D,D,0,,,,,Y,,A,01,0,0,2,0,0,0,0,0,0,"- ","- ",32.694068908691406,-115.53397369384766,IMPERIAL,UNINCORPORATED,-115.53398132324219,32.69403076171875
91593945,2021,2021-10-12,9620,2021-10-04,1115,018247,Quech,1,1,9,1300,0,2,4,,1,075,"QUECHAN DRIVE","AGNES ROAD",0.00,,Y,A,-,N,,,,,,,,,,Y,4,0,1,2,A,-,09,21804,A,N,D,C,A,A,H,-,A,A,0,,,,,Y,,A,01,0,0,1,0,0,0,0,0,0,"- ","- ",32.735279083251953,-114.61544036865234,IMPERIAL,UNINCORPORATED,-114.61545562744141,32.735260009765625
91594163,2021,2021-10-12,9625,2021-08-30,1500,019668,,1,2,9,1300,0,1,1,,2,001,"I-8 E/B","IN KO PAH PARK ROAD",4732.00,E,N,A,-,Y,,,8,,,,,,E,Y,1,1,0,1,A,-,08,22107,,N,E,I,A,A,H,-,A,D,0,,,,,Y,,A,07,0,0,0,0,0,0,0,0,0,"- ","- ",32.653911590576172,-116.09877014160156,IMPERIAL,UNINCORPORATED,-116.09872436523438,32.653873443603516
91596135,2021,2021-10-14,9625,2021-10-02,2355,018930,,6,3,9,1300,0,1,3,,1,011,"SR-86 N/B","ALLEN ROAD",8976.00,N,N,A,-,Y,,,86,,,,,,N,N,4,0,1,2,A,-,03,22350,,N,C,C,A,A,H,-,D,D,0,,,,,Y,,D,22,0,0,1,0,0,0,0,0,0,"- ","- ",33.104358673095703,-115.80465698242188,IMPERIAL,UNINCORPORATED,-115.80466461181641,33.104335784912109
91596279,2021,2021-10-14,9625,2021-10-12,1510,019667,,2,2,9,1300,0,1,1,,2,004,"I-8 W/B TO 4TH STREET","4TH STREET",390.00,E,N,A,-,Y,,,,,,,,,,Y,4,0,1,2,A,-,03,22350,,N,C,C,A,A,H,-,A,D,0,,,,,Y,,A,01,0,0,1,0,0,0,0,0,0,"- ","- ",32.774169921875,-115.55078125,IMPERIAL,UNINCORPORATED,-115.54885101318359,32.773868560791016
91598961,2021,2021-10-18,9625,2021-07-30,2040,018792,,5,2,9,1300,0,1,3,,2,024,SR-78,"WHITLOCK ROAD",4541.00,E,N,A,-,Y,,,,,,,,,,Y,1,2,5,3,A,-,05,21650,,N,B,C,A,A,H,-,D,D,0,,,,Y,Y,,A,01,2,3,0,0,0,0,0,0,0,"- ","- ",32.970508575439453,-115.57021331787109,IMPERIAL,UNINCORPORATED,-115.28261566162109,32.970512390136719
91600735,2021,2021-10-19,9625,2021-10-11,1415,019667,,1,2,9,1300,0,3,5,,2,040,"OPEN DESERT",SR-98,575.00,E,N,A,G,N,,,,,,,,,,Y,4,0,1,1,A,-,01,23152,A,N,E,I,A,A,H,-,A,D,0,,,,,Y,Y,A,08,0,0,1,0,0,0,0,0,0,"- ","- ",32.727878570556641,-116.01909637451172,IMPERIAL,UNINCORPORATED,,
91601319,2021,2021-10-27,9625,2021-10-17,1940,019667,,7,2,9,1300,0,1,3,,2,043,SR-86,"DOGWOOD ROAD",0.00,,Y,A,-,Y,,,86,,,,,,,N,4,0,1,2,A,-,09,21802,A,N,D,C,A,D,H,-,C,A,0,,,,,Y,,A,01,0,0,1,0,0,0,0,0,0,"- ","- ",32.73046875,-115.53434753417969,IMPERIAL,UNINCORPORATED,-115.53434753417969,32.730655670166016
91604106,2021,2021-10-22,9620,2021-09-29,0500,014306,,3,3,9,1300,0,1,1,,2,081,"I-8 E/B","BROCK RESEARCH CENTER RD.",10032.00,E,N,B,-,Y,,,8,,,,,,E,N,1,1,0,2,A,-,11,21954,A,N,G,B,D,A,H,-,D,D,0,Y,,,,Y,,N,60,0,0,0,1,0,0,0,0,0,"- ","- ",32.707820892333984,-115.00196838378906,IMPERIAL,UNINCORPORATED,-115.00196838378906,32.707771301269531
91605803,2021,2021-10-25,9620,2021-10-21,1634,018464,,4,2,9,1300,0,1,1,,2,081,"INTERSTATE 8 (E/B)","GORDONS WELL ROAD",12144.00,E,N,A,-,Y,,,8,,,,,,,Y,4,0,1,2,A,-,08,22107,,N,D,C,A,A,H,-,A,D,0,,,,Y,Y,,A,01,0,0,1,0,0,0,0,0,0,"- ","- ",32.716850280761719,-114.91873931884766,IMPERIAL,UNINCORPORATED,-114.91873931884766,32.716850280761719