CASE_ID,ACCIDENT_YEAR,PROC_DATE,JURIS,COLLISION_DATE,COLLISION_TIME,OFFICER_ID,REPORTING_DISTRICT,DAY_OF_WEEK,CHP_SHIFT,POPULATION,CNTY_CITY_LOC,SPECIAL_COND,BEAT_TYPE,CHP_BEAT_TYPE,CITY_DIVISION_LAPD,CHP_BEAT_CLASS,BEAT_NUMBER,PRIMARY_RD,SECONDARY_RD,DISTANCE,DIRECTION,INTERSECTION,WEATHER_1,WEATHER_2,STATE_HWY_IND,CALTRANS_COUNTY,CALTRANS_DISTRICT,STATE_ROUTE,ROUTE_SUFFIX,POSTMILE_PREFIX,POSTMILE,LOCATION_TYPE,RAMP_INTERSECTION,SIDE_OF_HWY,TOW_AWAY,COLLISION_SEVERITY,NUMBER_KILLED,NUMBER_INJURED,PARTY_COUNT,PRIMARY_COLL_FACTOR,PCF_CODE_OF_VIOL,PCF_VIOL_CATEGORY,PCF_VIOLATION,PCF_VIOL_SUBSECTION,HIT_AND_RUN,TYPE_OF_COLLISION,MVIW,PED_ACTION,ROAD_SURFACE,ROAD_COND_1,ROAD_COND_2,LIGHTING,CONTROL_DEVICE,CHP_ROAD_TYPE,PEDESTRIAN_ACCIDENT,BICYCLE_ACCIDENT,MOTORCYCLE_ACCIDENT,TRUCK_ACCIDENT,NOT_PRIVATE_PROPERTY,ALCOHOL_INVOLVED,STWD_VEHTYPE_AT_FAULT,CHP_VEHTYPE_AT_FAULT,COUNT_SEVERE_INJ,COUNT_VISIBLE_INJ,COUNT_COMPLAINT_PAIN,COUNT_PED_KILLED,COUNT_PED_INJURED,COUNT_BICYCLIST_KILLED,COUNT_BICYCLIST_INJURED,COUNT_MC_KILLED,COUNT_MC_INJURED,PRIMARY_RAMP,SECONDARY_RAMP,LATITUDE,LONGITUDE,COUNTY,CITY,POINT_X,POINT_Y
91606282,2021,2021-10-26,9625,2021-10-17,2230,020516,,7,3,9,1300,0,1,3,,1,012,"SR-86 S/B",SR-78,11458.00,N,N,A,G,Y,,,86,,,,,,S,Y,3,0,1,1,A,-,08,22107,,N,E,8,A,A,H,-,D,D,0,,,,,Y,,A,01,0,1,0,0,0,0,0,0,0,"- ","- ",33.155269622802734,-115.86827850341797,IMPERIAL,UNINCORPORATED,-115.86820220947266,33.155307769775391
91607976,2021,2021-10-27,9625,2021-10-21,1828,020263,,4,2,9,1300,0,3,5,,2,040,"ROSS ROAD","FORRESTER ROAD",851.00,E,N,A,-,N,,,,,,,,,,N,3,0,1,2,A,-,03,22350,,N,C,C,A,A,H,-,D,D,0,,,,,Y,,A,07,0,1,0,0,0,0,0,0,0,"- ","- ",32.781509399414062,-115.61781311035156,IMPERIAL,UNINCORPORATED,-115.61788940429688,32.781429290771484
91608047,2021,2021-10-27,9625,2021-10-21,1905,020263,,4,2,9,1300,0,1,3,,2,052,SR-98,I-8,29146.00,W,N,A,-,N,,,98,,,,,,,Y,2,0,9,2,A,-,08,22107,,N,D,C,A,A,H,-,D,D,0,,,,,Y,,D,22,7,2,0,0,0,0,0,0,0,"- ","- ",32.711391448974609,-115.18316650390625,IMPERIAL,UNINCORPORATED,-115.18317413330078,32.711246490478516
91612020,2021,2021-11-01,9625,2021-10-21,1315,017727,,4,1,9,1300,0,1,3,,2,013,SR-78,SR-86,0.00,,Y,A,-,N,,,78,,,,,,,Y,4,0,1,2,A,-,09,21802,A,N,D,C,A,A,H,-,A,A,0,,,,,Y,,A,07,0,0,1,0,0,0,0,0,0,"- ","- ",33.125759124755859,-115.85543060302734,IMPERIAL,UNINCORPORATED,-115.85543060302734,33.125778198242188
9161480,2020,2021-01-16,1304,2020-09-14,2131,358,EWEST,1,5,4,1304,0,0,0,,0,WEST,"WEST HEIL AV","S WATERMAN AV",179.00,E,N,A,-,N,,,,,,,,,,Y,4,0,1,2,A,-,05,21650,,N,E,E,A,A,H,-,C,D,0,,,,,Y,,-,,0,0,1,0,0,0,0,0,0,"- ","- ",,,IMPERIAL,"EL CENTRO",-115.57347869873047,32.787200927734375
9161481,2020,2020-11-20,1304,2020-09-10,1809,357,ELCE,4,5,4,1304,0,0,0,,0,EAST,6TH,HAMILTON,0.00,,Y,A,-,N,,,,,,,,,,Y,4,0,1,2,A,-,09,21802,A,N,D,C,A,A,H,-,A,A,0,,,,,Y,,A,01,0,0,1,0,0,0,0,0,0,"- ","- ",32.785911560058594,-115.55692291259766,IMPERIAL,"EL CENTRO",-115.55690765380859,32.785831451416016
91617861,2021,2021-11-08,9620,2021-10-30,0245,021051,Quech,6,3,9,1300,0,2,4,,1,075,"S-24 (ROSS RD)","S-24 (PICACHO RD)",12.00,W,N,A,-,N,,,,,,,,,,N,3,0,1,1,A,-,01,23152,A,N,E,I,A,A,H,-,D,A,0,,,,,Y,Y,A,01,0,1,0,0,0,0,0,0,0,"- ","- ",38.819801330566406,-121.02760314941406,IMPERIAL,UNINCORPORATED,,
91627568,2021,2021-11-17,9625,2021-11-06,0135,020996,,6,3,9,1300,0,1,3,,1,021,SR-111,"RUTHERFORD ROAD",62.00,N,N,A,-,Y,,,111,,,,,,,Y,2,0,1,1,A,-,01,23152,A,N,F,C,A,A,H,-,D,D,0,,,,,Y,Y,A,07,1,0,0,0,0,0,0,0,0,"- ","- ",33.044998168945312,-115.52729797363281,IMPERIAL,UNINCORPORATED,-115.52728271484375,33.044998168945312
91628219,2021,2021-11-18,9625,2021-11-11,2305,020996,,4,3,9,1300,0,1,3,,1,054,"SR-111 N/B","HARRIS ROAD",2112.00,S,N,A,-,Y,,,111,,,,,,N,Y,3,0,1,1,A,-,08,22107,,N,E,I,A,A,H,-,D,D,0,,,,,Y,,A,01,0,1,0,0,0,0,0,0,0,"- ","- ",32.877460479736328,-115.50892639160156,IMPERIAL,UNINCORPORATED,-115.50914001464844,32.877460479736328
91628265,2021,2021-11-18,9625,2021-11-12,2000,018933,,5,2,9,1300,0,3,5,,2,040,SR-86,"MCCABE ROAD",20.00,N,N,A,-,Y,,,86,,,,,,,N,4,0,1,2,A,-,03,22350,,N,C,C,A,A,H,-,C,A,0,,,,,Y,,A,01,0,0,1,0,0,0,0,0,0,"- ","- ",32.752540588378906,-115.55194854736328,IMPERIAL,UNINCORPORATED,-115.55187225341797,32.752540588378906
91628330,2021,2021-11-18,9625,2021-11-13,2045,019668,,6,2,9,1300,0,3,5,,2,040,"IMLER ROAD","WHEELER ROAD",12144.00,E,N,A,-,N,,,,,,,,,,Y,4,0,2,1,A,-,08,22107,,N,E,J,A,A,H,-,D,D,0,,,,,Y,,A,01,0,0,2,0,0,0,0,0,0,"- ","- ",32.913829803466797,-115.7105712890625,IMPERIAL,UNINCORPORATED,,
91632547,2021,2021-11-22,9625,2021-11-10,2250,021232,,3,3,9,1300,0,1,3,,2,025,SR-78,"BUTTERS ROAD",0.00,,Y,A,-,Y,,,78,,,,,,,Y,3,0,1,2,A,-,12,22450,A,N,D,C,A,A,H,-,D,A,0,,,,Y,Y,,G,25,0,1,0,0,0,0,0,0,0,"- ","- ",32.974639892578125,-115.37178039550781,IMPERIAL,UNINCORPORATED,-115.37178039550781,32.974662780761719
91633104,2021,2021-11-23,9625,2021-11-11,2500,021232,,4,4,9,1300,0,3,5,,2,010,SR-78,"ELDER ROAD",0.00,,Y,A,-,Y,,,,,,,,,,Y,3,0,1,1,A,-,03,22350,,F,E,8,A,A,H,-,C,A,0,,,,,Y,,A,01,0,1,0,0,0,0,0,0,0,"- ","- ",32.999191284179688,-115.58992004394531,IMPERIAL,UNINCORPORATED,-115.58943176269531,32.999065399169922
91633131,2021,2021-11-23,9625,2021-11-12,0540,021232,,5,3,9,1300,0,1,3,,1,021,SR-111,"RUEGGER ROAD",18.00,N,N,A,-,Y,,,111,,,,,,,Y,3,0,3,2,A,-,03,22350,,N,C,C,A,A,H,-,A,D,0,,,,,Y,,A,01,0,3,0,0,0,0,0,0,0,"- ","- ",33.104011535644531,-115.51487731933594,IMPERIAL,UNINCORPORATED,-115.51478576660156,33.104011535644531
91634367,2021,2021-11-24,9625,2021-11-14,0343,018978,,7,3,9,1300,0,3,5,,2,050,"YOURMAN ROAD NORTH OF JASPER ROAD","JASPER ROAD",245.00,N,N,A,-,N,,,,,,,,,,Y,3,0,1,1,A,-,01,23152,A,N,F,A,A,A,H,-,D,A,0,,,,,Y,Y,D,22,0,1,0,0,0,0,0,0,0,"- ","- ",32.709480285644531,-115.49864196777344,IMPERIAL,UNINCORPORATED,-115.49863433837891,32.709407806396484
91634723,2021,2021-11-24,9625,2021-11-11,0230,020738,,4,3,9,1300,0,3,5,,2,050,"PITZER ROAD","CHICK ROAD",0.00,,Y,A,-,N,,,,,,,,,,N,3,0,2,1,A,-,01,23152,A,N,E,I,A,A,H,-,D,D,0,,,,,Y,Y,A,01,0,2,0,0,0,0,0,0,0,"- ","- ",32.766910552978516,-115.5177001953125,IMPERIAL,UNINCORPORATED,-115.51802062988281,32.766921997070312
91638680,2021,2021-11-30,9620,2021-11-20,0905,018734,,6,1,9,1300,0,3,5,,2,070,"FLOOD ROAD","ROSS RD",0.00,,Y,A,-,N,,,,,,,,,,Y,3,0,4,2,A,-,09,21802,A,N,C,C,A,A,H,-,A,D,0,,,,,Y,,A,01,0,4,0,0,0,0,0,0,0,"- ","- ",32.781711578369141,-114.57386016845703,IMPERIAL,UNINCORPORATED,-114.57392120361328,32.781753540039062
9164066,2020,2020-10-08,1304,2020-09-16,1450,340,E1,3,5,4,1304,0,0,0,,0,EAST,4TH,DRIFTWOOD,50.00,S,N,A,-,N,,,,,,,,,,Y,3,0,2,2,A,-,03,22350,,N,C,C,A,A,H,-,A,A,0,,,,,Y,,A,01,0,2,0,0,0,0,0,0,0,"- ","- ",,,IMPERIAL,"EL CENTRO",-115.55226898193359,32.775943756103516
9164084,2020,2020-12-02,1304,2020-08-31,1026,E0194,ELCE,1,5,4,1304,0,0,0,,0,EAST,"4TH ST",HAMILTON,0.00,,N,A,-,Y,IMP,11,86,-,-,6.820,H,-,N,Y,3,0,1,2,A,-,07,21658,A,N,B,C,A,A,H,-,A,D,0,,,,,Y,,A,01,0,1,0,0,0,0,0,0,0,"- ","- ",,,IMPERIAL,"EL CENTRO",-115.55251312255859,32.785694122314453
91641095,2021,2021-12-02,9620,2021-11-24,1336,019291,,3,1,9,1300,0,1,3,,1,063,SR-78,"THREE SLASHES RD",50.00,E,N,A,-,Y,,,78,,,,,,,Y,4,0,1,4,A,-,03,22350,,N,C,C,A,A,H,-,A,D,0,,,,,Y,,E,22,0,0,1,0,0,0,0,0,0,"- ","- ",33.296150207519531,-114.75009155273438,IMPERIAL,UNINCORPORATED,-114.75016021728516,33.296207427978516
91641314,2021,2021-12-02,9625,2021-11-23,1745,019668,,2,2,9,1300,0,3,5,,2,050,"WORTHINGTON ROAD","COOLEY ROAD",1531.00,W,N,A,-,N,,,,,,,,,,Y,3,0,1,1,A,-,08,22107,,N,F,A,A,A,H,-,D,D,0,,,Y,,Y,,O,05,0,1,0,0,0,0,0,0,1,"- ","- ",32.847221374511719,-115.52352142333984,IMPERIAL,UNINCORPORATED,-115.52342987060547,32.847370147705078
91641997,2021,2021-12-03,9625,2021-11-24,1620,019668,,3,2,9,1300,0,1,3,,1,044,"SR-86 N/B","KEYSTONE ROAD",0.00,,Y,A,-,Y,,,86,,,,,,N,N,3,0,2,2,A,-,12,21453,A,N,D,C,A,A,H,-,A,A,0,,,,Y,Y,,A,01,0,2,0,0,0,0,0,0,0,"- ","- ",32.912570953369141,-115.56999206542969,IMPERIAL,UNINCORPORATED,-115.57006072998047,32.912563323974609
91642595,2021,2021-12-10,9625,2021-11-25,2130,019668,,4,2,9,1300,0,2,4,,2,046,"DOGWOOD ROAD","WILLOUGHBY ROAD",15.00,N,N,A,-,N,,,,,,,,,,Y,3,0,3,3,A,-,01,23152,A,N,C,C,A,A,H,-,D,A,0,,,,,Y,Y,A,01,0,3,0,0,0,0,0,0,0,"- ","- ",32.7086181640625,-115.53408813476562,IMPERIAL,UNINCORPORATED,-115.53408050537109,32.708492279052734
91643839,2021,2021-12-06,9625,2021-11-29,1908,018933,,1,2,9,1300,0,2,4,,2,046,"DOGWOOD ROAD","WORTHINGTON ROAD",0.00,,Y,A,-,N,,,,,,,,,,Y,3,0,1,2,D,-,00,,,N,D,C,A,A,H,-,C,A,0,,,,,Y,,-,"- ",0,1,0,0,0,0,0,0,0,"- ","- ",32.847389221191406,-115.53575897216797,IMPERIAL,UNINCORPORATED,-115.53569030761719,32.847370147705078
91644533,2021,2021-12-06,9625,2021-12-01,0230,020996,,3,3,9,1300,0,3,5,,2,040,"ATEN ROAD","SILSBEE ROAD",300.00,W,N,A,-,N,,,,,,,,,,Y,4,0,1,1,A,-,01,23152,A,N,E,I,A,A,H,-,D,A,0,,,,,Y,Y,A,07,0,0,1,0,0,0,0,0,0,"- ","- ",32.825618743896484,-115.64743804931641,IMPERIAL,UNINCORPORATED,-115.64739990234375,32.825534820556641
91647498,2021,2021-12-09,9625,2021-11-26,1218,019582,,5,1,9,1300,0,3,5,,2,040,"WHEELER ROAD","HUFF ROAD",18480.00,W,N,A,-,N,,,,,,,,,,Y,2,0,4,2,A,-,01,23152,A,N,D,C,A,A,H,-,A,D,0,,,,,Y,Y,D,22,1,2,1,0,0,0,0,0,0,"- ","- ",32.893718719482422,-115.78131103515625,IMPERIAL,UNINCORPORATED,-115.74817657470703,32.870559692382812
91647845,2021,2021-12-09,9625,2021-10-30,1630,022010,,6,2,9,1300,0,3,5,,2,020,"GECKO ROAD",SR-78,317.00,S,N,A,-,N,,,,,,,,,,Y,4,0,3,2,A,-,03,22350,,F,D,C,A,A,H,-,A,D,0,,,Y,,Y,,C,06,0,0,3,0,0,0,0,0,0,"- ","- ",32.975269317626953,-115.17378234863281,IMPERIAL,UNINCORPORATED,-115.17389678955078,32.975406646728516
91647853,2021,2021-12-09,9625,2021-11-28,1400,018933,,7,2,9,1300,0,1,1,,2,004,"I-8 W/B","DUNAWAY ROAD",26242.00,W,N,A,-,Y,,,8,,,,,,W,Y,3,0,1,1,A,-,08,22107,,N,F,A,A,A,H,-,A,D,0,,,,,Y,,A,01,0,1,0,0,0,0,0,0,0,"- ","- ",32.754219055175781,-115.88414764404297,IMPERIAL,UNINCORPORATED,-115.88413238525391,32.754116058349609
91648027,2021,2021-12-09,9625,2021-12-01,1340,018792,,3,1,9,1300,0,3,5,,2,010,"ATLANTIC BLVD","BIG BEAR AVE",1584.00,N,N,A,-,N,,,,,,,,,,Y,3,0,1,1,A,-,01,23152,A,N,F,A,A,A,H,-,A,D,0,,,,,Y,Y,D,22,0,1,0,0,0,0,0,0,0,"- ","- ",33.322971343994141,-115.96096038818359,IMPERIAL,UNINCORPORATED,-115.96205902099609,33.326206207275391
91648822,2021,2021-12-10,9625,2021-12-03,1715,020263,,5,2,9,1300,0,3,5,,2,020,"E. WIRT ROAD","HASTAIN ROAD",7920.00,W,N,A,-,N,,,,,,,,,,Y,2,0,1,1,A,-,08,22107,,N,F,A,A,A,H,-,D,D,0,,,,,Y,,A,07,1,0,0,0,0,0,0,0,0,"- ","- ",33.125659942626953,-115.42771148681641,IMPERIAL,UNINCORPORATED,-115.44124603271484,33.125724792480469
91650957,2021,2021-12-13,9625,2021-12-09,1355,019668,,4,1,9,1300,0,1,3,,2,043,SR-86,"MCCABE ROAD",0.00,,Y,A,-,Y,,,86,,,,,,,Y,4,0,1,2,A,-,03,22350,,N,C,C,A,A,H,-,A,A,0,,,,,Y,,A,01,0,0,1,0,0,0,0,0,0,"- ","- ",32.752361297607422,-115.55184173583984,IMPERIAL,UNINCORPORATED,-115.55187225341797,32.752357482910156
91651638,2021,2021-12-14,9625,2021-12-07,1330,018368,,2,1,9,1300,0,2,4,,2,046,"DOGWOOD ROAD","CAREY ROAD",2587.00,N,N,A,-,N,,,,,,,,,,Y,2,0,1,1,A,-,08,22107,,N,F,A,A,A,H,-,A,D,0,,,,,Y,,D,22,1,0,0,0,0,0,0,0,0,"- ","- ",32.934410095214844,-115.53546142578125,IMPERIAL,UNINCORPORATED,-115.53554534912109,32.934341430664062
91653957,2021,2021-12-16,9625,2021-12-07,1425,018792,,2,2,9,1300,0,1,3,,1,012,"SR-86 N/B","NORM NIVER ROAD",2957.00,N,N,A,-,Y,,,86,,,,,,N,Y,3,0,2,1,A,-,08,22107,,M,E,8,A,A,H,-,A,D,0,,,,,Y,,A,01,0,2,0,0,0,0,0,0,0,"- ","- ",33.365200042724609,-116.02101135253906,IMPERIAL,UNINCORPORATED,-116.02096557617188,33.365215301513672
91656421,2021,2021-12-20,9625,2021-12-15,1645,018792,,3,2,9,1300,0,2,4,,2,046,"RALPH ROAD","DOGWOOD ROAD",0.00,,Y,A,-,N,,,,,,,,,,Y,3,0,1,2,A,-,09,21802,A,N,D,C,A,A,H,-,B,A,0,,,,,Y,,A,01,0,1,0,0,0,0,0,0,0,"- ","- ",32.869140625,-115.53556823730469,IMPERIAL,UNINCORPORATED,-115.53556823730469,32.869152069091797
9165747,2020,2020-12-02,1301,2020-09-07,1715,901,BRAWL,1,5,3,1301,0,0,0,,0,002,"RT 86","MALAN ST",0.00,,Y,A,-,Y,IMP,11,86,-,-,20.068,I,5,N,Y,3,0,2,2,A,-,12,21453,A,N,D,C,A,A,H,-,A,A,0,,,,,Y,,A,01,0,1,1,0,0,0,0,0,0,"- ","- ",,,IMPERIAL,BRAWLEY,-115.54371643066406,32.971279144287109
9166176,2020,2020-11-10,1304,2020-09-29,1457,320,EMISC,2,5,4,1304,0,0,0,,0,EAST,8TH,"EL DORADO",0.00,,Y,A,-,N,,,,,,,,,,Y,3,0,2,2,A,-,03,22350,,N,C,C,A,A,H,-,A,D,0,,,,,Y,,-,,0,2,0,0,0,0,0,0,0,"- ","- ",,,IMPERIAL,"EL CENTRO",-115.56140899658203,32.809238433837891
9166177,2020,2020-11-10,1304,2020-09-16,1348,337,ELCE,3,5,4,1304,0,0,0,,0,WEST,EUCLID,"LA BRUCHERIE",650.00,E,N,A,-,N,,,,,,,,,,Y,3,0,1,2,A,-,08,22107,,N,C,E,A,A,H,-,A,D,0,,,,,Y,Y,A,01,0,1,0,0,0,0,0,0,0,"- ","- ",32.798431396484375,-115.57476806640625,IMPERIAL,"EL CENTRO",-115.57657623291016,32.798374176025391
9166178,2020,2020-11-10,1304,2020-09-16,1031,337,ELCE,3,5,4,1304,0,0,0,,0,EAST,MAIN,DOGWOOD,157.00,W,N,A,-,N,,,,,,,,,,Y,4,0,1,2,A,-,08,22107,,N,B,C,A,A,H,-,A,D,0,,,,,Y,Y,A,01,0,0,1,0,0,0,0,0,0,"- ","- ",,,IMPERIAL,"EL CENTRO",-115.53615570068359,32.792819976806641
91662142,2021,2021-12-27,9625,2021-12-10,1956,018933,,5,2,9,1300,0,1,3,,2,023,SR-115,"SILLIMAN ROAD",0.00,,Y,A,-,Y,,,115,,,,,,,Y,2,0,1,2,A,-,03,22350,,N,C,C,A,A,H,-,D,D,0,,,Y,Y,Y,,G,25,1,0,0,0,0,0,0,0,1,"- ","- ",32.981899261474609,-115.44873809814453,IMPERIAL,UNINCORPORATED,-115.44874572753906,32.981899261474609
91663920,2021,2021-12-28,9625,2021-12-17,0955,016248,,5,1,9,1300,0,1,1,,2,004,"I-8 W/B","HOLDRIDGE ROAD",783.00,E,N,A,-,Y,,,8,,,,,,W,Y,2,0,2,1,A,-,08,22107,,N,F,A,A,A,H,-,A,D,0,,,,,Y,,A,01,1,1,0,0,0,0,0,0,0,"- ","- ",32.765361785888672,-115.27005004882812,IMPERIAL,UNINCORPORATED,-115.27016448974609,32.765037536621094
91665448,2021,2021-12-29,9625,2021-12-22,1415,019668,,3,2,9,1300,0,1,3,,2,055,SR-115,"HOYT ROAD",48.00,N,N,A,-,Y,,,115,,,,,,,Y,2,0,3,2,A,-,12,22450,A,N,D,C,A,A,H,-,A,A,0,,,Y,,Y,,C,06,1,2,0,0,0,0,0,0,2,"- ","- ",32.796821594238281,-115.31575012207031,IMPERIAL,UNINCORPORATED,-115.31572723388672,32.796848297119141
91665681,2021,2021-12-29,9625,2021-12-22,1800,018792,,3,2,9,1300,0,2,4,,2,046,"DOGWOOD ROAD","MCCABE ROAD",250.00,N,N,A,-,N,,,,,,,,,,Y,4,0,2,2,A,-,01,23152,A,N,C,C,A,A,H,-,D,D,0,,,,,Y,Y,A,01,0,0,2,0,0,0,0,0,0,"- ","- ",32.754081726074219,-115.53486633300781,IMPERIAL,UNINCORPORATED,-115.53485870361328,32.7530517578125
91668843,2021,2022-01-03,9620,2021-12-24,0145,021051,,5,3,9,1300,0,1,1,,2,082,"I-8 W/B","4TH AVENUE",1056.00,E,N,B,C,Y,,,8,,,,,,W,Y,4,0,1,1,A,-,03,22350,,N,E,8,A,B,H,-,C,D,0,,,,Y,Y,,G,27,0,0,1,0,0,0,0,0,0,"- ","- ",32.729778289794922,-114.61981201171875,IMPERIAL,UNINCORPORATED,-114.61983489990234,32.729732513427734
91669934,2021,2022-01-04,9625,2021-12-27,1100,018978,,1,1,9,1300,0,1,3,,1,011,"SR-86 S/B","KALIN ROAD",73.00,N,N,A,-,Y,,,86,,,,,,S,Y,2,0,2,2,A,-,03,22350,,N,C,C,A,A,H,-,A,D,0,,,,Y,Y,,A,01,2,0,0,0,0,0,0,0,0,"- ","- ",32.984909057617188,-115.57843017578125,IMPERIAL,UNINCORPORATED,-115.57839202880859,32.984939575195312
91673346,2021,2022-01-07,9625,2021-12-29,0252,019582,,3,3,9,1300,0,1,3,,2,052,SR-98,I-8,11616.00,W,N,A,-,Y,,,,,,,,,,Y,2,0,1,1,A,-,08,22107,,N,E,I,A,A,H,-,D,D,0,,,,,Y,,A,07,1,0,0,0,0,0,0,0,0,"- ","- ",32.714561462402344,-115.10265350341797,IMPERIAL,UNINCORPORATED,-115.08984375,32.7099609375
91674631,2022,2022-01-10,9625,2022-01-05,"659 ",021232,,3,1,9,1300,0,1,3,,2,024,SR-78,"SEYBERT ROAD",0.00,,Y,A,-,Y,,,78,,,,,,,Y,3,0,2,2,A,-,09,21801,A,N,D,C,A,A,H,-,A,D,0,,,,Y,Y,,D,22,0,2,0,0,0,0,0,0,0,"- ","- ",32.978328704833984,-115.46278381347656,IMPERIAL,UNINCORPORATED,-115.46278381347656,32.978321075439453
91674706,2022,2022-01-10,9625,2022-01-06,1640,019668,,4,2,9,1300,0,3,5,,2,050,"WORTHINGTON ROAD","MCCONNELL ROAD",0.00,,Y,A,-,N,,,,,,,,,,Y,3,0,1,2,A,-,12,22450,A,N,D,C,A,A,H,-,A,A,0,,,,,Y,,A,01,0,1,0,0,0,0,0,0,0,"- ","- ",32.847339630126953,-115.48384857177734,IMPERIAL,UNINCORPORATED,-115.48390197753906,32.847354888916016
91675700,2022,2022-01-11,9625,2022-01-01,1038,018933,,6,1,9,1300,0,1,1,,2,004,"I-8 W/B","DUNAWAY ROAD",15840.00,W,N,A,-,Y,,,8,,,,,,W,Y,3,0,1,1,A,-,08,22107,,N,F,A,A,A,H,-,A,D,0,,,,,Y,,A,07,0,1,0,0,0,0,0,0,0,"- ","- ",32.751949310302734,-115.89868927001953,IMPERIAL,UNINCORPORATED,-115.898681640625,32.751876831054688
91675966,2022,2022-01-11,9625,2022-01-01,"200 ",020516,,6,3,9,1300,0,1,3,,2,053,"SR-111 N/B","MCCABE ROAD",1100.00,N,N,A,-,Y,,,111,,,,,,N,Y,2,0,1,2,A,-,03,22350,,F,C,C,A,A,H,-,D,D,0,,,,,Y,,-,99,1,0,0,0,0,0,0,0,0,"- ","- ",32.755851745605469,-115.50077819824219,IMPERIAL,UNINCORPORATED,-115.50080871582031,32.755847930908203
91677314,2022,2022-01-13,9625,2022-01-04,"615 ",017727,,2,1,9,1300,0,1,3,,1,022,SR-111,"RANGE ROAD",23760.00,N,N,A,-,Y,,,111,,,,,,,Y,4,0,1,1,A,-,08,22107,,N,F,A,A,A,H,-,D,D,0,,,,,Y,,D,22,0,0,1,0,0,0,0,0,0,"- ","- ",33.416698455810547,-115.82309722900391,IMPERIAL,UNINCORPORATED,-115.82316589355469,33.416618347167969
91677794,2022,2022-01-13,9625,2022-01-03,1745,019668,,1,2,9,1300,0,1,3,,2,052,SR-98,"BONESTEELE ROAD",2112.00,E,N,A,-,Y,,,98,,,,,,,Y,3,0,1,3,A,-,08,22107,,N,B,C,A,A,H,-,D,D,0,,,,,Y,,A,01,0,1,0,0,0,0,0,0,0,"- ","- ",32.694358825683594,-115.30174255371094,IMPERIAL,UNINCORPORATED,-115.30174255371094,32.694431304931641
91679571,2022,2022-01-18,9620,2022-01-10,2240,020555,QUECH,1,3,9,1300,0,2,4,,1,072,"WINTERHAVEN DRIVE",I-8,220.00,S,N,A,-,N,,,,,,,,,,N,4,0,1,2,A,-,03,22350,,N,C,C,A,A,H,-,C,D,0,,,,,Y,,A,07,0,0,1,0,0,0,0,0,0,"- ","- ",32.731178283691406,-114.62471771240234,IMPERIAL,UNINCORPORATED,-114.62455749511719,32.731098175048828
91682500,2022,2022-01-21,9620,2022-01-14,1845,021051,,5,2,9,1300,0,1,3,,1,063,"STATE ROUTE 78","MIDWAY WELL RD",20592.00,W,N,A,-,Y,,,78,,,,,,,Y,3,0,1,1,A,-,08,22107,,N,F,A,A,A,H,-,D,D,0,,,,,Y,,-,"- ",0,1,0,0,0,0,0,0,0,"- ","- ",33.162948608398438,-114.86871337890625,IMPERIAL,UNINCORPORATED,-114.8687744140625,33.162952423095703
91682585,2022,2022-01-21,9625,2022-01-12,1520,019667,,3,2,9,1300,0,3,5,,2,040,"BROCKMAN ROAD","MCCABE ROAD",0.00,,Y,A,-,N,,,,,,,,,,N,3,0,2,2,A,-,09,21802,A,N,D,C,A,A,H,-,A,A,0,,,,,Y,,A,01,0,1,1,0,0,0,0,0,0,"- ","- ",32.75238037109375,-115.63784790039062,IMPERIAL,UNINCORPORATED,-115.63682556152344,32.752449035644531
91682634,2022,2022-01-21,9625,2022-01-15,1625,019667,,6,2,9,1300,0,1,3,,1,012,"SR-86 N/B","BRAWLEY AVENUE",3654.00,N,N,B,-,Y,,,86,,,,,,N,Y,3,0,1,1,A,-,08,22107,,N,E,I,A,A,H,-,A,D,0,,,,,Y,,D,22,0,1,0,0,0,0,0,0,0,"- ","- ",33.385910034179688,-116.03642272949219,IMPERIAL,UNINCORPORATED,-116.03643035888672,33.385898590087891
9168424,2020,2020-11-07,1301,2020-09-01,1210,945,,2,5,3,1301,0,0,0,,0,004,"EASTERN AV","K ST",0.00,,Y,A,-,N,,,,,,,,,,Y,4,0,2,2,A,-,12,22450,A,N,D,C,A,A,H,-,A,A,0,,,,,Y,,D,22,0,0,2,0,0,0,0,0,0,"- ","- ",,,IMPERIAL,BRAWLEY,-115.51779937744141,32.973098754882812
91684599,2022,2022-01-25,9620,2022-01-19,2200,018979,,3,3,9,1300,0,1,1,,2,081,"I-8 W/B","GORDONS WELL ROAD",11088.00,E,N,A,-,Y,,,8,,,,,,W,Y,4,0,1,1,A,-,08,22107,,N,F,A,A,A,H,-,D,A,0,,,,,Y,,A,01,0,0,1,0,0,0,0,0,0,"- ","- ",32.715171813964844,-114.92060852050781,IMPERIAL,UNINCORPORATED,-114.92057037353516,32.715129852294922