CASE_ID,ACCIDENT_YEAR,PROC_DATE,JURIS,COLLISION_DATE,COLLISION_TIME,OFFICER_ID,REPORTING_DISTRICT,DAY_OF_WEEK,CHP_SHIFT,POPULATION,CNTY_CITY_LOC,SPECIAL_COND,BEAT_TYPE,CHP_BEAT_TYPE,CITY_DIVISION_LAPD,CHP_BEAT_CLASS,BEAT_NUMBER,PRIMARY_RD,SECONDARY_RD,DISTANCE,DIRECTION,INTERSECTION,WEATHER_1,WEATHER_2,STATE_HWY_IND,CALTRANS_COUNTY,CALTRANS_DISTRICT,STATE_ROUTE,ROUTE_SUFFIX,POSTMILE_PREFIX,POSTMILE,LOCATION_TYPE,RAMP_INTERSECTION,SIDE_OF_HWY,TOW_AWAY,COLLISION_SEVERITY,NUMBER_KILLED,NUMBER_INJURED,PARTY_COUNT,PRIMARY_COLL_FACTOR,PCF_CODE_OF_VIOL,PCF_VIOL_CATEGORY,PCF_VIOLATION,PCF_VIOL_SUBSECTION,HIT_AND_RUN,TYPE_OF_COLLISION,MVIW,PED_ACTION,ROAD_SURFACE,ROAD_COND_1,ROAD_COND_2,LIGHTING,CONTROL_DEVICE,CHP_ROAD_TYPE,PEDESTRIAN_ACCIDENT,BICYCLE_ACCIDENT,MOTORCYCLE_ACCIDENT,TRUCK_ACCIDENT,NOT_PRIVATE_PROPERTY,ALCOHOL_INVOLVED,STWD_VEHTYPE_AT_FAULT,CHP_VEHTYPE_AT_FAULT,COUNT_SEVERE_INJ,COUNT_VISIBLE_INJ,COUNT_COMPLAINT_PAIN,COUNT_PED_KILLED,COUNT_PED_INJURED,COUNT_BICYCLIST_KILLED,COUNT_BICYCLIST_INJURED,COUNT_MC_KILLED,COUNT_MC_INJURED,PRIMARY_RAMP,SECONDARY_RAMP,LATITUDE,LONGITUDE,COUNTY,CITY,POINT_X,POINT_Y
91796961,2022,2022-06-16,9625,2022-06-07,2015,019225,,2,2,9,1300,0,1,3,,2,056,SR-115,"HARTSHORN ROAD",0.00,,Y,A,-,Y,,,115,,,,,,,Y,4,0,1,2,A,-,09,21802,A,N,D,C,A,A,H,-,D,A,0,,,,Y,Y,,A,07,0,0,1,0,0,0,0,0,0,"- ","- ",32.862949371337891,-115.40617370605469,IMPERIAL,UNINCORPORATED,-115.40620422363281,32.862949371337891
91796989,2022,2022-06-16,9625,2022-06-10,"935 ",018773,,5,1,9,1300,0,1,3,,2,052,SR-98,"DESERT ROAD",5280.00,E,N,A,-,Y,,,98,,,,,,,Y,4,0,1,1,A,-,08,22107,,N,F,A,A,A,H,-,A,D,0,,,,,Y,,A,07,0,0,1,0,0,0,0,0,0,"- ","- ",32.712100982666016,-115.21491241455078,IMPERIAL,UNINCORPORATED,-115.21491241455078,32.712089538574219
91797002,2022,2022-06-16,9625,2022-06-06,"500 ",021232,,1,3,9,1300,0,3,5,,2,050,"BOWKER ROAD","CHICK ROAD",585.00,S,N,A,-,N,,,,,,,,,,Y,3,0,1,1,A,-,08,22107,,N,E,I,A,A,H,-,B,D,0,,,,,Y,,A,01,0,1,0,0,0,0,0,0,0,"- ","- ",32.765670776367188,-115.473388671875,IMPERIAL,UNINCORPORATED,-115.47296905517578,32.765083312988281
91797081,2022,2022-06-16,9625,2022-06-13,1840,019668,,1,2,9,1300,0,3,5,,2,010,"LINDSEY ROAD","GARST ROAD",323.00,E,N,A,-,N,,,,,,,,,,Y,3,0,2,1,A,-,08,22107,,N,F,A,A,A,H,-,A,D,0,,,,,Y,,A,07,0,2,0,0,0,0,0,0,0,"- ","- ",33.147388458251953,-115.59686279296875,IMPERIAL,UNINCORPORATED,-115.59609222412109,33.147571563720703
91800449,2022,2022-06-22,9625,2022-06-14,1340,016248,,2,1,9,1300,0,1,3,,2,052,SR-98,"ANDERHOLT ROAD",1756.00,W,N,A,-,Y,,,98,,,,,,,Y,2,0,1,1,C,-,18,,,N,H,J,A,A,A,-,A,D,0,,,,,Y,,-,"- ",1,0,0,0,0,0,0,0,0,"- ","- ",32.693950653076172,-115.41963195800781,IMPERIAL,UNINCORPORATED,-115.41963195800781,32.693824768066406
91804712,2022,2022-06-28,9625,2022-06-18,1245,019667,,6,1,9,1300,0,2,4,,2,047,"FORRESTER ROAD","ATEN ROAD",0.00,,Y,A,-,N,,,,,,,,,,Y,3,0,1,2,A,-,09,21802,A,N,D,C,A,A,H,-,A,A,0,,,,,Y,,A,01,0,1,0,0,0,0,0,0,0,"- ","- ",32.826019287109375,-115.62088775634766,IMPERIAL,UNINCORPORATED,-115.61183166503906,32.810840606689453
91804968,2022,2022-06-28,9625,2022-06-16,1720,022010,,4,2,9,1300,0,1,3,,1,011,"SR-86 N/B",SR-78,0.00,,Y,A,-,Y,,,86,,,,,,N,Y,3,0,1,2,A,-,09,21453,C,N,D,C,A,A,H,-,A,A,0,,,,Y,Y,,G,25,0,1,0,0,0,0,0,0,0,"- ","- ",32.999221801757812,-115.588623046875,IMPERIAL,UNINCORPORATED,-115.58870697021484,32.999156951904297
91805327,2022,2022-06-28,9625,2022-06-20,1954,019582,,1,2,9,1300,0,3,5,,2,050,"PITZER ROAD","MCCABE ROAD",0.00,,Y,A,-,N,,,,,,,,,,Y,2,0,2,2,A,-,09,21801,A,N,D,C,A,A,H,-,A,A,0,,,,,Y,,A,01,1,0,1,0,0,0,0,0,0,"- ","- ",32.752490997314453,-115.51760864257812,IMPERIAL,UNINCORPORATED,-115.51763153076172,32.752456665039062
91805844,2022,2022-06-29,9625,2022-06-05,"705 ",017727,,7,1,9,1300,0,1,3,,2,025,"STATE ROUTE 78","BUTTERS ROAD",0.00,,Y,A,-,Y,,,78,,,,,,,Y,1,1,1,2,A,-,09,21802,A,N,D,C,A,A,H,-,A,A,0,,,,,Y,,A,01,0,1,0,0,0,0,0,0,0,"- ","- ",32.974658966064453,-115.37178039550781,IMPERIAL,UNINCORPORATED,-115.37178039550781,32.974662780761719
91805991,2022,2022-06-29,9625,2022-06-23,"410 ",020516,,4,3,9,1300,0,1,1,,2,004,"I-8 (W/B)","IMPERIAL HIGHWAY",602.00,W,N,A,-,Y,,,8,,,,,,,Y,3,0,1,1,A,-,08,22107,,N,F,A,A,A,H,-,D,D,0,,,,,Y,,A,01,0,1,0,0,0,0,0,0,0,"- ","- ",32.733058929443359,-116.00051879882812,IMPERIAL,UNINCORPORATED,-116.00052642822266,32.733104705810547
91808964,2022,2022-07-01,9625,2022-06-28,1055,016248,,2,1,9,1300,0,3,5,,2,050,"ALAMO ROAD","MELON ROAD",594.00,W,N,A,-,N,,,,,,,,,,Y,4,0,1,1,A,-,08,22107,,N,E,I,A,A,H,-,A,D,0,,,,,Y,,A,01,0,0,1,0,0,0,0,0,0,"- ","- ",32.818431854248047,-115.39096832275391,IMPERIAL,UNINCORPORATED,-115.39092254638672,32.818340301513672
91809177,2022,2022-07-01,9625,2022-06-24,"515 ",021232,,5,3,9,1300,0,1,3,,1,012,"STATE ROUTE 86 (N/B)","AIR PARK ROAD",17424.00,S,N,A,-,Y,,,86,,,,,,,Y,3,0,1,2,A,-,01,23152,A,N,B,E,A,A,H,-,B,D,0,,,,,Y,Y,A,07,0,1,0,0,0,0,0,0,0,"- ","- ",33.210960388183594,-115.91500854492188,IMPERIAL,UNINCORPORATED,-115.91501617431641,33.210956573486328
91811133,2022,2022-07-06,9625,2022-06-24,1132,018368,,5,1,9,1300,0,1,1,,2,001,"INTERSTATE 8 (E/B)","IN-KO-PAH RD",1061.00,E,N,A,-,Y,,,8,,,,,,,Y,3,0,1,1,A,-,08,22107,,N,E,I,A,A,H,-,A,D,0,,,,,Y,,A,07,0,1,0,0,0,0,0,0,0,"- ","- ",32.648189544677734,-116.10352325439453,IMPERIAL,UNINCORPORATED,-116.10352325439453,32.648193359375
91811295,2022,2022-07-06,9625,2022-06-29,1337,018773,,3,1,9,1300,0,1,3,,2,053,"SR-111 NORTHBOUND","MCCABE ROAD",84.00,S,N,A,-,Y,,,111,,,,,,N,N,4,0,1,2,A,-,03,22350,,N,C,C,A,A,H,-,A,A,0,,,,,Y,,A,01,0,0,1,0,0,0,0,0,0,"- ","- ",32.752120971679688,-115.50064849853516,IMPERIAL,UNINCORPORATED,-115.50075531005859,32.752117156982422
91813585,2022,2022-07-11,9625,2022-07-06,1310,019667,,3,1,9,1300,0,3,5,,2,050,"HIGHLINE ROAD","WORTHINGTON ROAD",751.00,S,N,A,-,N,,,,,,,,,,N,3,0,1,1,A,-,08,22107,,N,H,A,A,A,H,-,A,D,0,,,,,Y,,M,46,0,1,0,0,0,0,0,0,0,"- ","- ",32.845069885253906,-115.31082153320312,IMPERIAL,UNINCORPORATED,-115.31079864501953,32.845348358154297
91814280,2022,2022-07-11,9625,2022-07-09,1155,019225,,6,1,9,1300,0,3,5,,2,050,SR-111,"ROSS ROAD",0.00,,Y,A,-,Y,,,111,,,,,,,N,4,0,1,2,A,-,09,21801,A,N,A,C,A,A,H,-,A,A,0,,,,,Y,,A,01,0,0,1,0,0,0,0,0,0,"- ","- ",32.781471252441406,-115.50163269042969,IMPERIAL,UNINCORPORATED,-115.50151062011719,32.781471252441406
91814536,2022,2022-07-11,9625,2022-07-01,2250,020125,,5,3,9,1300,0,1,1,,2,005,"INTERSTATE 8 E/B","ANDERHOLT ROAD",3010.00,W,N,A,-,Y,,,8,,,,,,E,N,4,0,2,2,A,-,03,22350,,N,C,C,A,A,H,-,D,D,0,,,,,Y,,A,01,0,0,2,0,0,0,0,0,0,"- ","- ",32.773220062255859,-115.42330932617188,IMPERIAL,UNINCORPORATED,-115.42330932617188,32.773296356201172
91814967,2022,2022-07-12,9625,2022-07-04,"155 ",020516,,1,3,9,1300,0,3,5,,2,020,"GENTRY ROAD","WALKER ROAD",60.00,S,N,A,-,N,,,,,,,,,,Y,2,0,1,1,A,-,03,22350,,N,E,J,A,A,H,-,D,A,0,,,,,Y,,A,01,1,0,0,0,0,0,0,0,0,"- ","- ",33.075111389160156,-115.61466979980469,IMPERIAL,UNINCORPORATED,-115.61444854736328,33.075550079345703
91816327,2022,2022-07-13,9620,2022-07-07,"740 ",018464,,4,1,9,1300,0,1,3,,1,063,SR-78,"IMPERIAL GABLES ROAD",13728.00,N,N,A,-,Y,,,78,,,,,,,Y,4,0,1,1,A,-,08,22107,,N,F,A,A,A,H,-,A,D,0,,,,,Y,,-,"- ",0,0,1,0,0,0,0,0,0,"- ","- ",33.157501220703125,-114.86885070800781,IMPERIAL,UNINCORPORATED,-114.86890411376953,33.157501220703125
91818389,2022,2022-07-15,9625,2022-07-05,"445 ",021232,,2,3,9,1300,0,1,1,,2,003,"INTERSTATE 8 (E/B)","WESTSIDE ROAD",4119.00,W,N,A,-,Y,,,8,,,,,,,Y,3,0,1,1,A,-,08,22107,,N,F,0,A,A,H,-,B,D,0,,,,,Y,,A,01,0,1,0,0,0,0,0,0,0,"- ","- ",32.773258209228516,-115.7454833984375,IMPERIAL,UNINCORPORATED,-115.7454833984375,32.773281097412109
91818733,2022,2022-07-18,9625,2022-07-07,"445 ",022010,,4,3,9,1300,0,1,3,,1,054,"SR-111 N/B","KEYSTONE ROAD",450.00,N,N,A,-,Y,,,111,,,,,,N,Y,3,0,1,2,A,-,03,22350,,N,C,C,A,A,H,-,B,D,0,,,,Y,Y,,A,01,0,1,0,0,0,0,0,0,0,"- ","- ",32.913898468017578,-115.50897979736328,IMPERIAL,UNINCORPORATED,-115.50912475585938,32.913902282714844
91818883,2022,2022-07-18,9625,2022-07-06,1240,018773,,3,1,9,1300,0,1,1,,2,005,"INTERSTATE 8 E/B FROM SR-111 S/B","SR-111 S/B",99.00,W,N,A,-,Y,,,8,,,,R,,E,Y,2,0,1,1,A,-,03,22350,,N,F,A,A,A,H,-,A,D,0,,,,Y,Y,,G,27,1,0,0,0,0,0,0,0,0,"- ","- ",32.773658752441406,-115.50180816650391,IMPERIAL,UNINCORPORATED,-115.50180816650391,32.773658752441406
9182046,2020,2021-02-13,1304,2020-11-02,1618,E0030,ESCO,1,5,4,1304,0,0,0,,0,EAST,"EAST MAIN",DOGWOOD,53.00,W,N,A,-,N,,,,,,,,,,Y,3,0,1,2,A,-,08,22107,,N,D,C,A,A,H,-,A,A,0,,,Y,,Y,,A,01,0,1,0,0,0,0,0,0,1,"- ","- ",,,IMPERIAL,"EL CENTRO",-115.53582000732422,32.792819976806641
91821229,2022,2022-07-20,9625,2022-07-16,1010,018773,,6,1,9,1300,0,3,5,,2,050,"HOLT ROAD","KEYSTONE ROAD",1637.00,S,N,A,-,N,,,,,,,,,,Y,3,0,1,1,A,-,08,22107,,N,E,I,A,A,H,-,A,D,0,,,,,Y,,A,01,0,1,0,0,0,0,0,0,0,"- ","- ",32.911838531494141,-115.38047790527344,IMPERIAL,UNINCORPORATED,-115.38038635253906,32.91204833984375
91822144,2022,2022-07-21,9620,2022-07-17,1454,020054,,7,2,9,1300,0,1,1,,2,081,"I-8 E/B","GORDON'S WELL ROAD",1901.00,W,N,A,-,Y,,,,,,,,,,Y,3,0,1,1,A,-,08,22107,,N,E,I,A,A,H,-,A,D,0,,,,,Y,,A,07,0,1,0,0,0,0,0,0,0,"- ","- ",38.58367919921875,-114.96343994140625,IMPERIAL,UNINCORPORATED,,
91824547,2022,2022-07-25,9625,2022-07-15,2040,019668,,5,2,9,1300,0,1,3,,1,054,"SR-111 (S/B)","EVAN HEWES HIGHWAY",415.00,N,N,A,-,Y,,,111,,,,,,,Y,2,0,2,5,A,-,03,22350,,N,C,C,A,A,H,-,D,A,0,,,,Y,Y,,G,25,1,1,0,0,0,0,0,0,0,"- ","- ",32.800758361816406,-115.50074768066406,IMPERIAL,UNINCORPORATED,-115.50054168701172,32.800754547119141
91826410,2022,2022-07-27,9625,2022-06-01,1524,018792,,3,2,9,1300,0,1,3,,1,044,"STATE ROUTE 86 (S/B)","CAREY ROAD",42.00,N,N,A,-,Y,,,86,,,,,,,Y,1,1,0,2,A,-,03,22350,,N,C,C,A,A,H,-,A,D,0,,,,,Y,,A,01,0,0,0,0,0,0,0,0,0,"- ","- ",32.927268981933594,-115.57010650634766,IMPERIAL,UNINCORPORATED,-115.57003784179688,32.927268981933594
91826913,2022,2022-07-28,9625,2022-07-17,1143,018773,,7,1,9,1300,0,1,3,,2,056,SR-115,"ZENOS ROAD",0.00,,Y,A,-,Y,,,115,,,,,,,Y,3,0,1,2,A,-,09,21802,A,N,D,C,A,A,H,-,A,A,0,,,Y,,Y,,C,02,0,1,0,0,0,0,0,0,1,"- ","- ",32.811100006103516,-115.40609741210938,IMPERIAL,UNINCORPORATED,-115.40615081787109,32.811100006103516
91827429,2022,2022-07-28,9625,2022-07-21,1745,018933,,4,2,9,1300,0,3,5,,2,050,"PITZER ROAD","MCCABE ROAD",0.00,,Y,A,-,N,,,,,,,,,,Y,3,0,2,3,A,-,09,21801,A,N,D,C,A,A,H,-,A,A,0,,,,,Y,,A,01,0,2,0,0,0,0,0,0,0,"- ","- ",32.752460479736328,-115.51756286621094,IMPERIAL,UNINCORPORATED,-115.51763153076172,32.752456665039062
91828791,2022,2022-07-29,9625,2022-07-22,1535,018978,,5,2,9,1300,0,1,1,,2,002,"INTERSTATE 8 (W/B)","MOUNTAIN SPRINGS ROAD",14784.00,E,N,A,-,Y,,,8,,,,,,,Y,3,0,1,1,A,-,08,22107,,N,F,A,A,A,H,-,A,D,0,,,,,Y,,A,01,0,1,0,0,0,0,0,0,0,"- ","- ",32.705699920654297,-116.06693267822266,IMPERIAL,UNINCORPORATED,-116.06697082519531,32.705768585205078
91829227,2022,2022-07-29,9625,2022-07-21,2138,021107,,4,2,9,1300,0,3,5,,2,040,"EVAN HEWES HIGHWAY","PAINTED GORGE ROAD",1117.00,W,N,A,-,N,,,,,,,,,,N,3,0,1,1,C,-,18,,,N,E,I,A,A,A,-,D,D,0,,,Y,,Y,,-,"- ",0,1,0,0,0,0,0,0,1,"- ","- ",32.761001586914062,-115.93463897705078,IMPERIAL,UNINCORPORATED,-115.93454742431641,32.761005401611328
91829870,2021,2022-08-02,9625,2021-03-02,0614,018136,,2,1,9,1300,0,1,3,,2,056,"STATE ROUTE 115","NORRISH ROAD",0.00,,Y,A,-,Y,,,115,,,,,,,Y,1,13,13,2,A,-,01,23152,F,N,D,C,A,A,H,-,A,A,0,,,,Y,Y,,A,07,10,3,0,0,0,0,0,0,0,"- ","- ",32.832759857177734,-115.40611267089844,IMPERIAL,UNINCORPORATED,-115.40616607666016,32.832759857177734
91832521,2022,2022-08-17,9625,2022-07-25,"515 ",022010,,1,3,9,1300,0,2,4,,2,045,"EVAN HEWES HIGHWAY","FORRESTER ROAD",3432.00,W,N,A,-,Y,,,,,,,,,,Y,3,0,1,2,A,-,03,22350,,N,D,C,A,A,H,-,D,D,0,,,,,Y,,A,01,0,1,0,0,0,0,0,0,0,"- ","- ",32.796630859375,-115.63211059570312,IMPERIAL,UNINCORPORATED,-115.61180877685547,32.804050445556641
91837473,2022,2022-08-10,9625,2022-08-01,1625,018933,,1,2,9,1300,0,3,5,,2,050,"SR-111 (N/B)","HEBER ROAD",0.00,,Y,A,-,Y,,,111,,,,,,,Y,3,0,3,3,A,-,12,21453,A,N,D,C,A,A,H,-,A,A,0,,,,,Y,,D,22,0,3,0,0,0,0,0,0,0,"- ","- ",32.73065185546875,-115.50028991699219,IMPERIAL,UNINCORPORATED,-115.50040435791016,32.730648040771484
91838031,2022,2022-08-11,9625,2022-08-03,1015,017727,,3,1,9,1300,0,3,5,,2,020,"NOFFSINGER RAOD","NILAND AVE",0.00,,Y,A,-,N,,,,,,,,,,N,3,0,1,2,A,-,12,22450,A,N,D,C,A,A,H,-,A,A,0,,,,,Y,,A,01,0,1,0,0,0,0,0,0,0,"- ","- ",33.234580993652344,-115.51592254638672,IMPERIAL,UNINCORPORATED,,
91840775,2022,2022-08-15,9620,2022-08-05,1640,018535,,5,2,9,1300,0,1,3,,1,063,SR-78,"MITCHELLS CAMP ROAD",1584.00,E,N,A,-,Y,,,,,,,,,,N,2,0,3,1,A,-,08,22107,,N,E,I,A,A,H,-,A,D,0,,,,,Y,,A,08,1,0,2,0,0,0,0,0,0,"- ","- ",33.311370849609375,-114.73600769042969,IMPERIAL,UNINCORPORATED,-114.727294921875,33.327335357666016
91840842,2022,2022-08-15,9625,2022-08-05,1030,018978,,5,1,9,1300,0,1,3,,1,012,"SR-86 S/B","SUNRISE DRIVE",0.00,,Y,A,-,Y,,,86,,,,,,S,Y,3,0,4,2,A,-,09,21804,A,N,D,C,A,A,E,-,A,D,0,,,,,Y,,A,01,0,4,0,0,0,0,0,0,0,"- ","- ",33.289028167724609,-115.97189331054688,IMPERIAL,UNINCORPORATED,-115.97182464599609,33.289077758789062
91840862,2022,2022-08-15,9625,2022-07-27,1715,019667,,3,2,9,1300,0,2,4,,2,047,"ATEN ROAD","FORRESTER ROAD",0.00,,Y,A,-,N,,,,,,,,,,Y,3,0,2,2,A,-,09,21802,A,N,D,C,A,A,H,-,A,A,0,,,,,Y,,A,01,0,2,0,0,0,0,0,0,0,"- ","- ",32.825489044189453,-115.62075042724609,IMPERIAL,UNINCORPORATED,-115.61183166503906,32.810840606689453
91841255,2022,2022-08-16,9625,2022-08-05,1202,018930,,5,1,9,1300,0,3,5,,2,050,"ATEN ROAD","DOGWOOD ROAD",130.00,E,N,A,-,N,,,,,,,,,,Y,4,0,1,2,A,-,08,22107,,N,D,C,A,A,H,-,A,D,0,,,,,Y,,D,22,0,0,1,0,0,0,0,0,0,"- ","- ",32.82537841796875,-115.53540802001953,IMPERIAL,UNINCORPORATED,-115.53569793701172,32.825431823730469
91841654,2022,2022-08-16,9620,2022-08-12,1028,018464,QUECH,5,1,9,1300,0,1,1,,2,082,"I-8 (W/B)","WINTERHAVEN DR / 4TH AVE",2680.00,W,N,B,C,Y,,,8,,,,,,,Y,4,0,1,2,A,-,03,22350,,N,C,C,A,B,H,-,A,D,0,,,,,Y,,A,07,0,0,1,0,0,0,0,0,0,"- ","- ",32.733600616455078,-114.63327026367188,IMPERIAL,UNINCORPORATED,-114.63327026367188,32.733585357666016
9184217,2020,2020-12-14,1304,2020-10-28,2011,332,EWES,3,5,4,1304,0,0,0,,0,WEST,ADAMS,"LA BRUCHERIE",0.00,,Y,A,-,N,,,,,,,,,,N,3,0,1,2,A,-,01,23152,A,N,B,E,A,A,H,-,C,D,0,,,,,Y,Y,-,,0,1,0,0,0,0,0,0,0,"- ","- ",32.796669006347656,-115.57585906982422,IMPERIAL,"EL CENTRO",-115.57872009277344,32.796550750732422
91842729,2022,2022-08-17,9625,2022-08-09,1010,017727,,2,1,9,1300,0,1,3,,1,012,"SR-86 (S/B)","COOLIDGE SPRINGS  ROAD",2140.00,S,N,A,-,Y,,,86,,,,,,,Y,2,0,1,2,A,-,08,22107,,N,B,C,A,A,H,-,A,D,0,,,,Y,Y,,A,07,1,0,0,0,0,0,0,0,0,"- ","- ",33.411361694335938,-116.04765319824219,IMPERIAL,UNINCORPORATED,-116.04761505126953,33.411369323730469
91842774,2022,2022-08-17,9625,2022-08-07,"200 ",021232,,7,3,9,1300,0,1,1,,2,001,"INTERSTATE 8 (E/B)","IN KO PAH PARK ROAD",2112.00,S,N,A,-,Y,,,8,,,,,,,Y,2,0,1,1,A,-,08,22107,,N,E,I,A,A,H,-,D,D,0,,,,,Y,,A,07,1,0,0,0,0,0,0,0,0,"- ","- ",32.658920288085938,-116.09754180908203,IMPERIAL,UNINCORPORATED,-116.09749603271484,32.658950805664062
91843304,2022,2022-08-18,9625,2022-08-08,1319,018773,,1,1,9,1300,0,1,3,,1,021,SR-111,"RUTHERFORD ROAD",2150.00,N,N,A,-,Y,,,111,,,,,,,Y,2,0,2,2,C,-,18,,,N,C,C,A,A,H,-,A,D,0,,,,,Y,,-,"- ",1,1,0,0,0,0,0,0,0,"- ","- ",33.048240661621094,-115.52668762207031,IMPERIAL,UNINCORPORATED,-115.52679443359375,33.048255920410156
91843313,2022,2022-08-18,9620,2022-08-14,2106,020054,QUECH,7,2,9,1300,0,1,1,,2,082,"I-8 E/B","WINTERHAVEN DRIVE",5122.00,W,N,B,C,Y,,,8,,,,,,E,Y,3,0,1,1,A,-,03,22350,,N,E,I,A,B,H,-,D,D,0,,,,,Y,,A,01,0,1,0,0,0,0,0,0,0,"- ","- ",32.738300323486328,-114.66732788085938,IMPERIAL,UNINCORPORATED,-114.66732025146484,32.738346099853516
91845440,2022,2022-08-22,9625,2022-08-11,1049,018368,,4,1,9,1300,0,2,4,,2,045,"EVAN HEWES HIGHWAY","LOW ROAD",75.00,E,N,A,-,N,,,,,,,,,,Y,3,0,1,4,A,-,03,22350,,N,C,C,A,A,H,-,A,D,0,,,,,Y,,D,22,0,1,0,0,0,0,0,0,0,"- ","- ",32.796588897705078,-115.65454864501953,IMPERIAL,UNINCORPORATED,-115.65467834472656,32.796558380126953
91846433,2022,2022-08-23,9625,2022-08-12,"515 ",018773,,5,3,9,1300,0,1,3,,1,054,"SR-111 (S/B)","HARRIS ROAD",4421.00,S,N,A,-,Y,,,111,,,,,,,Y,2,0,1,2,A,-,08,22107,,N,C,C,A,A,H,-,B,D,0,,,,Y,Y,,A,01,1,0,0,0,0,0,0,0,0,"- ","- ",32.872600555419922,-115.50935363769531,IMPERIAL,UNINCORPORATED,-115.50914764404297,32.872600555419922
91846582,2022,2022-08-23,9625,2022-08-16,"803 ",018930,,2,1,9,1300,0,3,5,,2,050,"BARBARA WORTH ROAD","MCCABE ROAD",0.00,,Y,A,-,N,,,,,,,,,,Y,4,0,1,2,A,-,09,21802,A,N,D,C,A,A,H,-,A,A,0,,,,,Y,,D,22,0,0,1,0,0,0,0,0,0,"- ","- ",32.751941680908203,-115.43074035644531,IMPERIAL,UNINCORPORATED,-115.43074035644531,32.751937866210938
91849145,2022,2022-08-25,9625,2022-08-23,1515,019667,,2,2,9,1300,0,3,5,,2,010,"BANNISTER ROAD","KALIN ROAD",1711.00,W,N,A,-,N,,,,,,,,,,Y,3,0,1,1,A,-,08,22107,,N,E,J,A,A,H,-,A,D,0,,,,,Y,,A,01,0,1,0,0,0,0,0,0,0,"- ","- ",33.051651000976562,-115.58376312255859,IMPERIAL,UNINCORPORATED,-115.58406066894531,33.051803588867188
91850919,2022,2022-08-26,9625,2022-07-10,1440,020996,,7,2,9,1300,0,1,1,,2,005,"INTERSTATE 8 (E/B)","STATE ROUTE 115",290.00,W,N,A,-,Y,,,8,,,,,,,Y,1,1,1,1,A,-,08,22107,,N,F,A,A,A,H,-,A,D,0,,,,,Y,,A,07,1,0,0,0,0,0,0,0,0,"- ","- ",32.773059844970703,-115.28661346435547,IMPERIAL,UNINCORPORATED,-115.28661346435547,32.773021697998047
91853679,2022,2022-08-30,9625,2022-08-23,"730 ",017727,,2,1,9,1300,0,1,3,,1,044,"SR-86 (S/B)","AUSTIN ROAD",1600.00,S,N,A,-,Y,,,86,,,,,,,Y,3,0,1,1,A,-,08,22107,,N,F,A,A,A,H,-,A,D,0,,,,,Y,,A,07,0,1,0,0,0,0,0,0,0,"- ","- ",32.946098327636719,-115.57029724121094,IMPERIAL,UNINCORPORATED,-115.57009887695312,32.946102142333984
91855283,2022,2022-09-01,9625,2022-08-02,1257,018773,,2,1,9,1300,0,1,3,,1,054,"SR-111 (S/B)","ATEN ROAD",2101.00,N,N,A,-,Y,,,111,,,,,,,Y,1,1,0,2,A,-,08,22107,,N,F,A,A,A,H,-,A,D,0,,,,,Y,,A,07,0,0,0,0,0,0,0,0,0,"- ","- ",32.831878662109375,-115.50048828125,IMPERIAL,UNINCORPORATED,-115.50045013427734,32.831886291503906
91855649,2022,2022-09-01,9625,2022-08-26,"649 ",018773,,5,1,9,1300,0,2,4,,2,057,"EVAN HEWES HIGHWAY","MELOLAND ROAD",1470.00,W,N,A,-,N,,,,,,,,,,Y,4,0,1,2,A,-,03,22350,,N,C,C,A,A,H,-,A,D,0,,,,,Y,,A,01,0,0,1,0,0,0,0,0,0,"- ","- ",32.803138732910156,-115.45282745361328,IMPERIAL,UNINCORPORATED,-115.45274353027344,32.803340911865234
91857943,2022,2022-09-06,9625,2022-08-30,1340,019225,,2,1,9,1300,0,1,3,,1,051,"SR-7 (S/B)",SR-98,90.00,N,N,A,-,Y,,,7,,,,,,,Y,4,0,3,3,A,-,03,22350,,N,C,C,A,A,H,-,A,D,0,,,,,Y,,A,07,0,0,3,0,0,0,0,0,0,"- ","- ",32.694099426269531,-115.37911224365234,IMPERIAL,UNINCORPORATED,-115.37913513183594,32.694099426269531
91862155,2022,2022-09-12,9625,2022-09-05,1416,019582,,1,2,9,1300,0,1,3,,1,042,SR-98,"MPM 15",1584.00,W,N,A,-,Y,,,98,,,,,,,Y,3,0,1,1,A,-,08,22107,,N,E,I,A,A,H,-,A,D,0,,,,,Y,,A,01,0,1,0,0,0,0,0,0,0,"- ","- ",32.675189971923828,-115.79734039306641,IMPERIAL,UNINCORPORATED,-115.79734039306641,32.675258636474609
91862639,2022,2022-09-12,9625,2022-09-01,1705,018930,,4,2,9,1300,0,1,3,,1,042,SR-98,"IMPERIAL HIGHWAY",1584.00,E,N,A,-,Y,,,98,,,,,,,Y,4,0,1,1,A,-,08,22107,,N,E,I,A,A,H,-,A,D,0,,,,,Y,,A,08,0,0,1,0,0,0,0,0,0,"- ","- ",32.724388122558594,-115.99069213867188,IMPERIAL,UNINCORPORATED,-115.99069213867188,32.724452972412109