CASE_ID,ACCIDENT_YEAR,PROC_DATE,JURIS,COLLISION_DATE,COLLISION_TIME,OFFICER_ID,REPORTING_DISTRICT,DAY_OF_WEEK,CHP_SHIFT,POPULATION,CNTY_CITY_LOC,SPECIAL_COND,BEAT_TYPE,CHP_BEAT_TYPE,CITY_DIVISION_LAPD,CHP_BEAT_CLASS,BEAT_NUMBER,PRIMARY_RD,SECONDARY_RD,DISTANCE,DIRECTION,INTERSECTION,WEATHER_1,WEATHER_2,STATE_HWY_IND,CALTRANS_COUNTY,CALTRANS_DISTRICT,STATE_ROUTE,ROUTE_SUFFIX,POSTMILE_PREFIX,POSTMILE,LOCATION_TYPE,RAMP_INTERSECTION,SIDE_OF_HWY,TOW_AWAY,COLLISION_SEVERITY,NUMBER_KILLED,NUMBER_INJURED,PARTY_COUNT,PRIMARY_COLL_FACTOR,PCF_CODE_OF_VIOL,PCF_VIOL_CATEGORY,PCF_VIOLATION,PCF_VIOL_SUBSECTION,HIT_AND_RUN,TYPE_OF_COLLISION,MVIW,PED_ACTION,ROAD_SURFACE,ROAD_COND_1,ROAD_COND_2,LIGHTING,CONTROL_DEVICE,CHP_ROAD_TYPE,PEDESTRIAN_ACCIDENT,BICYCLE_ACCIDENT,MOTORCYCLE_ACCIDENT,TRUCK_ACCIDENT,NOT_PRIVATE_PROPERTY,ALCOHOL_INVOLVED,STWD_VEHTYPE_AT_FAULT,CHP_VEHTYPE_AT_FAULT,COUNT_SEVERE_INJ,COUNT_VISIBLE_INJ,COUNT_COMPLAINT_PAIN,COUNT_PED_KILLED,COUNT_PED_INJURED,COUNT_BICYCLIST_KILLED,COUNT_BICYCLIST_INJURED,COUNT_MC_KILLED,COUNT_MC_INJURED,PRIMARY_RAMP,SECONDARY_RAMP,LATITUDE,LONGITUDE,COUNTY,CITY,POINT_X,POINT_Y
92254124,2023,2023-12-06,9625,2023-11-26,1330,020771,,7,1,9,1300,0,3,5,,2,010,"BLACK SEA AVE.","MIDAS AVE.",0.00,,Y,A,-,N,,,,,,,,,,N,2,0,3,2,A,-,09,21800,A,N,D,C,A,A,H,-,A,D,0,,,,,Y,,D,22,2,1,0,0,0,0,0,0,0,"- ","- ",33.335788726806641,-115.981689453125,IMPERIAL,UNINCORPORATED,-115.981689453125,33.335819244384766
92254200,2023,2023-12-06,9625,2023-11-26,2209,021107,,7,3,9,1300,0,1,1,,2,003,"INTERSTATE 8 E/B","DUNAWAY ROAD",19061.00,W,N,A,-,Y,,,8,,,,,,E,Y,3,0,1,1,A,-,01,23152,A,N,E,I,A,A,H,-,D,D,0,,,,,Y,Y,A,07,0,1,0,0,0,0,0,0,0,"- ","- ",32.757301330566406,-115.86125946044922,IMPERIAL,UNINCORPORATED,-115.86126708984375,32.757354736328125
92254448,2023,2023-12-27,9625,2023-12-04,1650,019668,,1,2,9,1300,0,1,3,,1,044,"SR-86 N/B","KEYSTONE ROAD",125.00,S,N,A,-,Y,,,86,,,,,,N,N,4,0,1,2,A,-,03,22350,,N,C,C,A,A,H,-,C,A,0,,,,,Y,,A,01,0,0,1,0,0,0,0,0,0,"- ","- ",32.912300109863281,-115.56997680664062,IMPERIAL,UNINCORPORATED,-115.57006072998047,32.912300109863281
92256496,2023,2023-12-07,9625,2023-11-09,"920 ",016248,,4,1,9,1300,0,1,3,,2,052,SR-98,"BONESTEELE ROAD",2293.00,W,N,A,-,Y,,,98,,,,,,,Y,2,0,2,2,A,-,08,22107,,N,A,C,A,A,H,-,A,A,0,,,,,Y,,A,01,1,1,0,0,0,0,0,0,0,"- ","- ",32.69403076171875,-115.32093811035156,IMPERIAL,UNINCORPORATED,-115.32094573974609,32.694065093994141
92260014,2023,2023-12-12,9620,2023-10-30,1045,018247,,1,1,9,1300,0,1,3,,1,063,SR-78,"MIDWAY WELL RD",1413.00,W,N,A,-,Y,,,78,,,,,,,Y,1,1,0,2,A,-,08,22107,,N,A,C,A,A,H,-,A,D,0,,,,Y,Y,,A,07,0,0,0,0,0,0,0,0,0,"- ","- ",33.214889526367188,-114.8544921875,IMPERIAL,UNINCORPORATED,-114.8544921875,33.214889526367188
92260766,2023,2023-12-13,9625,2023-12-01,"710 ",016248,,5,1,9,1300,0,1,3,,2,056,SR-115,"KAMM ROAD",127.00,N,N,A,-,Y,,,115,,,,,,,Y,3,0,1,1,A,-,08,22107,,N,E,I,A,A,H,-,A,D,0,,,,,Y,,A,01,0,1,0,0,0,0,0,0,0,"- ","- ",32.826091766357422,-115.40621948242188,IMPERIAL,UNINCORPORATED,-115.40615081787109,32.826091766357422
9226099,2021,2021-03-24,1304,2021-02-17,1452,358,,3,5,4,1304,0,0,0,,0,EAST,BROADWAY,"7TH ST",14.00,E,N,A,-,N,,,,,,,,,,Y,4,0,1,2,A,-,09,21802,A,N,D,C,A,A,H,-,A,A,0,,,,,Y,,-,,0,0,1,0,0,0,0,0,0,"- ","- ",,,IMPERIAL,"EL CENTRO",-115.55906677246094,32.793869018554688
92263536,2023,2023-12-15,9625,2023-11-30,"705 ",018617,,4,1,9,1300,0,3,5,,2,020,"HOWELL ROAD",SR-111,180.00,N,N,B,-,Y,,,,,,,,,,Y,4,0,1,2,A,-,12,22451,A,N,H,F,A,A,H,-,A,D,0,,,,,Y,,D,22,0,0,1,0,0,0,0,0,0,"- ","- ",33.307319641113281,-115.59610748291016,IMPERIAL,UNINCORPORATED,-115.59680938720703,33.307319641113281
92263953,2023,2023-12-18,9625,2023-11-30,1636,019582,,4,2,9,1300,0,1,3,,1,054,"STATE ROUTE 111","WORTHINGTON ROAD",0.00,,Y,A,-,Y,,,111,,,,,,,Y,2,0,3,2,A,-,09,21453,C,N,D,C,A,A,H,-,C,A,0,,,,,Y,,D,22,1,1,1,0,0,0,0,0,0,"- ","- ",32.847370147705078,-115.50746917724609,IMPERIAL,UNINCORPORATED,-115.50760650634766,32.847312927246094
92263955,2023,2023-12-18,9625,2023-11-30,1432,019225,,4,2,9,1300,0,1,3,,1,054,SR-111,"EVAN HEWES HIGHWAY",0.00,,Y,A,-,Y,,,111,,,,,,,Y,2,0,4,3,C,-,18,,,N,D,C,A,A,H,-,A,A,0,,,,Y,Y,,-,"- ",1,2,1,0,0,0,0,0,0,"- ","- ",32.799919128417969,-115.50038909912109,IMPERIAL,UNINCORPORATED,-115.50056457519531,32.7999267578125
92263970,2023,2023-12-18,9625,2023-12-10,1723,019668,,7,2,9,1300,0,1,3,,1,054,"SR-111 SB","ATEN ROAD",0.00,,Y,A,-,Y,,,111,,,,,,S,Y,3,0,3,2,A,-,12,21453,A,N,D,C,A,A,H,-,C,A,0,,,,,Y,,A,01,0,3,0,0,0,0,0,0,0,"- ","- ",32.825809478759766,-115.50032806396484,IMPERIAL,UNINCORPORATED,-115.50020599365234,32.825809478759766
92265128,2023,2023-12-18,9620,2023-12-15,"545 ",018247,,5,3,9,1300,0,1,1,,2,081,"I-8 E/B","GRAYS WELL RD",240.00,E,N,A,-,Y,,,8,,,,,,E,N,3,0,1,2,A,-,03,22350,,M,C,C,A,A,H,-,D,D,0,,,,,Y,,A,01,0,1,0,0,0,0,0,0,0,"- ","- ",32.74237060546875,-114.88188171386719,IMPERIAL,UNINCORPORATED,-114.88190460205078,32.742404937744141
92265259,2023,2023-12-18,9625,2023-12-03,1650,019668,,7,2,9,1300,0,1,3,,2,052,SR-98,"BARBARA WORTH ROAD",2078.00,W,N,A,-,Y,,,98,,,,,,,Y,2,0,4,2,A,-,01,23152,F,N,B,C,A,A,H,-,D,D,0,,,,,Y,,A,01,1,2,1,0,0,0,0,0,0,"- ","- ",32.69390869140625,-115.43778228759766,IMPERIAL,UNINCORPORATED,-115.43778228759766,32.693855285644531
92271687,2023,2023-12-27,9625,2023-12-10,2230,020771,,7,3,9,1300,0,1,1,,2,001,"I-8 E/B","INKOPAH PARK RD.",6125.00,E,N,A,-,Y,,,8,,,,,,E,Y,3,0,3,1,A,-,08,22107,,N,E,8,A,A,H,-,D,D,0,,,,,Y,,A,01,0,3,0,0,0,0,0,0,0,"- ","- ",32.657489776611328,-116.09705352783203,IMPERIAL,UNINCORPORATED,-116.09696197509766,32.657489776611328
92271688,2023,2023-12-27,9625,2023-12-18,"44  ",021591,,1,3,9,1300,0,1,3,,1,011,"STATE ROUTE 86","STATE ROUTE 78",415.00,S,N,A,-,Y,,,86,,,,,,,N,4,0,2,2,A,-,03,22350,,N,C,C,A,A,H,-,D,A,0,,,,,Y,,A,01,0,0,2,0,0,0,0,0,0,"- ","- ",33.124691009521484,-115.85456085205078,IMPERIAL,UNINCORPORATED,-115.85462188720703,33.124656677246094
92271693,2023,2023-12-27,9625,2023-12-17,1205,018617,,7,1,9,1300,0,3,5,,2,050,"PITZER ROAD","MCCABE ROAD",0.00,,Y,A,-,N,,,,,,,,,,Y,4,0,3,2,A,-,09,21801,A,N,A,C,A,A,H,-,A,A,0,,,,,Y,,A,01,0,0,3,0,0,0,0,0,0,"- ","- ",32.752510070800781,-115.517578125,IMPERIAL,UNINCORPORATED,-115.51763153076172,32.752456665039062
92271701,2023,2023-12-27,9625,2023-12-10,"635 ",018930,,7,1,9,1300,0,1,3,,1,022,SR-111,"RANGE ROAD",2090.00,S,N,A,-,Y,,,111,,,,,,,Y,3,0,1,1,A,-,08,22107,,N,E,I,A,A,H,-,B,D,0,,,,,Y,,E,22,0,1,0,0,0,0,0,0,0,"- ","- ",33.364040374755859,-115.76528167724609,IMPERIAL,UNINCORPORATED,-115.7652587890625,33.36407470703125
92271705,2023,2023-12-27,9625,2023-12-20,1421,018792,,3,2,9,1300,0,1,3,,1,044,"SR-86 N/B","KEYSTONE ROAD",63.00,S,N,A,-,Y,,,86,,,,,,N,N,4,0,1,2,A,-,03,22350,,N,C,C,A,A,H,-,A,A,0,,,,,Y,,A,07,0,0,1,0,0,0,0,0,0,"- ","- ",32.912361145019531,-115.5699462890625,IMPERIAL,UNINCORPORATED,-115.57006072998047,32.912361145019531
92271716,2023,2023-12-27,9625,2023-12-24,1110,020111,,7,1,9,1300,0,1,3,,1,011,"STATE ROUTE 86 (S/B)","COOLIDGE SPRINGS ROAD",1214.00,S,N,A,-,Y,,,86,,,,,,,Y,4,0,1,1,A,-,08,22107,,N,E,I,A,A,H,-,A,D,0,,,,,Y,,A,07,0,0,1,0,0,0,0,0,0,"- ","- ",33.387901306152344,-116.03896331787109,IMPERIAL,UNINCORPORATED,-116.03899383544922,33.387863159179688
92273477,2023,2023-12-28,9620,2023-12-22,1329,018464,,5,1,9,1300,0,1,1,,2,081,"I8 E/B","SIDEWINDER ROAD",1500.00,W,N,B,C,Y,,,,,,,,,,Y,4,0,1,1,A,-,03,22350,,N,F,A,A,B,F,-,A,D,0,,,,,Y,,-,"- ",0,0,1,0,0,0,0,0,0,"- ","- ",32.747261047363281,-114.75985717773438,IMPERIAL,UNINCORPORATED,-114.75862121582031,32.747001647949219
92273926,2023,2023-12-28,9625,2023-12-17,"600 ",018933,,7,1,9,1300,0,2,4,,2,046,"DOGWOOD ROAD","COLE ROAD",1088.00,N,N,A,-,N,,,,,,,,,,Y,3,0,1,1,A,-,01,23152,A,N,E,I,A,A,H,-,B,D,0,,,,,Y,Y,A,01,0,1,0,0,0,0,0,0,0,"- ","- ",32.6964111328125,-115.53398895263672,IMPERIAL,UNINCORPORATED,-115.53408050537109,32.696971893310547
92273928,2023,2023-12-28,9625,2023-12-16,1820,019668,,6,2,9,1300,0,1,3,,2,053,"SR-111 SB","HEBER ROAD",700.00,N,N,A,-,Y,,,111,,,,,,S,Y,4,0,4,6,D,-,00,,,F,C,C,A,A,H,-,D,A,0,,,,,Y,,-,"- ",0,0,4,0,0,0,0,0,0,"- ","- ",32.732700347900391,-115.50044250488281,IMPERIAL,UNINCORPORATED,-115.50045013427734,32.732700347900391
92274225,2023,2023-12-28,9625,2023-12-26,1105,019225,,2,1,9,1300,0,2,4,,2,046,"DOGWOOD RD","WORTHINGTON RD",0.00,,Y,A,-,N,,,,,,,,,,N,4,0,2,2,A,-,09,21800,A,N,D,C,A,A,H,-,A,A,0,,,,,Y,,A,07,0,0,2,0,0,0,0,0,0,"- ","- ",32.847400665283203,-115.53569793701172,IMPERIAL,UNINCORPORATED,-115.53569030761719,32.847370147705078
92277790,2023,2024-01-03,9625,2023-12-21,"422 ",020771,,4,3,9,1300,0,1,3,,2,024,SR-78,"SEYBERT RD.",360.00,W,N,B,-,Y,,,78,,,,,,,Y,2,0,1,1,A,-,08,22107,,N,F,A,A,A,H,-,D,D,0,,,,Y,Y,,G,25,1,0,0,0,0,0,0,0,0,"- ","- ",32.978641510009766,-115.46394348144531,IMPERIAL,UNINCORPORATED,-115.46393585205078,32.978645324707031
92277908,2023,2024-01-03,9625,2023-12-22,1838,022010,,5,2,9,1300,0,1,1,,2,001,"INTERSTATE 8 (E/B)","IN KO PAH RD",6072.00,E,N,A,-,Y,,,8,,,,,,,Y,4,0,1,1,A,-,08,22107,,N,E,8,A,A,H,-,D,A,0,,,,,Y,,A,07,0,0,1,0,0,0,0,0,0,"- ","- ",32.658168792724609,-116.09706878662109,IMPERIAL,UNINCORPORATED,-116.09709167480469,32.658161163330078
92278449,2023,2024-01-03,9625,2023-12-23,2040,020516,,6,2,9,1300,0,1,3,,1,012,"SR-86 S/B","NORM NIVER RD.",0.00,,Y,B,-,Y,,,86,,,,,,S,Y,3,0,3,2,A,-,01,23152,A,N,D,C,A,A,H,-,C,A,0,,,,,Y,Y,A,07,0,1,2,0,0,0,0,0,0,"- ","- ",33.357368469238281,-116.01876831054688,IMPERIAL,UNINCORPORATED,-116.01882171630859,33.357353210449219
92279758,2023,2024-01-04,9625,2023-10-15,1953,020111,,7,2,9,1300,0,3,5,,2,050,"BARBARA WORTH ROAD","MCCABE ROAD",0.00,,Y,A,-,N,,,,,,,,,,Y,1,1,0,2,A,-,12,22450,A,N,D,C,A,A,H,-,D,A,0,,,Y,,Y,,C,02,0,0,0,0,0,0,0,1,0,"- ","- ",32.751888275146484,-115.43073272705078,IMPERIAL,UNINCORPORATED,-115.43074035644531,32.751937866210938
92280273,2023,2024-01-05,9625,2023-12-24,"310 ",018978,,7,3,9,1300,0,1,3,,1,044,"STATE ROUTE 86 NORTHBOUND","AUSTIN ROAD",360.00,S,N,A,-,Y,,,86,,,,,,N,Y,3,0,1,1,A,-,01,23152,A,N,E,I,A,A,H,-,D,A,0,,,,,Y,Y,A,01,0,1,0,0,0,0,0,0,0,"- ","- ",32.948581695556641,-115.56960296630859,IMPERIAL,UNINCORPORATED,-115.56965637207031,32.948619842529297
9228465,2020,2021-02-23,1301,2020-12-03,1918,901,BRAWL,4,5,3,1301,0,0,0,,0,0B1,"RIVER DR","N 5TH ST",0.00,,Y,A,-,N,,,,,,,,,,Y,4,0,1,1,A,-,08,22107,,N,E,I,A,A,H,-,C,A,0,,,,,Y,,A,01,0,0,1,0,0,0,0,0,0,"- ","- ",,,IMPERIAL,BRAWLEY,-115.53305816650391,32.986598968505859
92321799,2023,2024-02-27,9625,2023-08-26,1710,020771,,6,2,9,1300,0,3,5,,2,040,"W. ROSS RD.","NICHOLS RD.",2471.00,W,N,A,-,N,,,,,,,,,,Y,2,0,3,2,A,-,09,21804,B,N,A,2,A,A,H,-,A,D,0,,,,,Y,,J,48,2,1,0,0,0,0,0,0,0,"- ","- ",32.781429290771484,-115.61144256591797,IMPERIAL,UNINCORPORATED,-115.61143493652344,32.781421661376953
9232973,2021,2021-03-05,1304,2021-01-27,2221,325,ELCE,3,5,4,1304,0,0,0,,0,EAST,"5TH ST","BRIGHTON AV",25.00,N,N,A,-,N,,,,,,,,,,N,3,0,1,2,A,-,10,21954,B,N,G,B,E,A,H,-,C,D,0,Y,,,,Y,Y,-,,0,1,0,0,1,0,0,0,0,"- ","- ",,,IMPERIAL,"EL CENTRO",-115.55471801757812,32.789829254150391
9234373,2021,2021-04-15,1304,2021-03-10,1543,358,,3,5,4,1304,0,0,0,,0,WEST,BRADSHAW,IMPERIAL,0.00,W,N,A,-,N,,,,,,,,,,Y,3,0,1,2,A,-,09,21804,A,N,D,C,A,A,H,-,A,D,0,,,,,Y,,-,,0,1,0,0,0,0,0,0,0,"- ","- ",32.811149597167969,-115.57192993164062,IMPERIAL,"EL CENTRO",-115.56999969482422,32.811073303222656
9234375,2021,2021-04-15,1304,2021-03-25,1557,360,EAST,4,5,4,1304,0,0,0,,0,EAST,5TH,OLIVE,0.00,,Y,A,-,N,,,,,,,,,,N,3,0,1,2,A,-,09,21802,A,N,D,C,A,A,H,-,A,A,0,,,,,Y,,A,01,0,1,0,0,0,0,0,0,0,"- ","- ",,,IMPERIAL,"EL CENTRO",-115.55471801757812,32.790752410888672
92394349,2023,2024-05-20,9625,2023-09-05,2347,020516,,2,3,9,1300,0,1,1,,2,003,"INTERSTATE 8 E/B","FORRESTER ROAD",56.00,W,N,A,-,Y,,,8,,,,,,E,Y,1,1,0,2,A,-,01,23152,A,N,C,C,A,A,H,-,D,D,0,,,Y,Y,Y,Y,C,02,0,0,0,0,0,0,0,1,0,"- ","- ",32.773750305175781,-115.62094116210938,IMPERIAL,UNINCORPORATED,-115.62094116210938,32.773754119873047
9240221,2021,2021-04-28,1304,2021-04-03,0905,E0014,EPTRL,6,5,4,1304,0,0,0,,0,WEST,"IMPERIAL AV","PICO RD",0.00,,Y,A,-,Y,IMP,11,86,-,-,7.930,I,5,S,Y,3,0,1,1,A,-,01,23152,G,N,E,I,A,A,H,-,A,A,0,,,,,Y,Y,A,01,0,1,0,0,0,0,0,0,0,"- ","- ",,,IMPERIAL,"EL CENTRO",-115.56989288330078,32.805660247802734
9240280,2021,2021-04-12,1304,2021-03-20,1620,361,ELCE,6,5,4,1304,0,0,0,,0,EAST,ADAMS,6TH,0.00,,Y,A,-,Y,IMP,11,86,-,-,7.770,I,5,N,Y,3,0,1,2,A,-,12,21453,A,N,D,C,A,A,H,-,A,A,0,,,,,Y,,A,07,0,1,0,0,0,0,0,0,0,"- ","- ",,,IMPERIAL,"EL CENTRO",-115.56987762451172,32.803150177001953
9240441,2021,2021-04-20,1301,2021-01-28,0557,906,BRAWL,4,5,3,1301,0,0,0,,0,0B4,"RT 111","RT 78",57.00,S,N,A,-,Y,IMP,11,111,-,R,22.000,H,-,N,Y,4,0,4,2,A,-,08,22107,,N,C,C,A,A,H,-,B,A,0,,,,,Y,,A,07,0,0,4,0,0,0,0,0,0,"- ","- ",,,IMPERIAL,BRAWLEY,-115.50135040283203,32.978424072265625
9244956,2021,2021-04-13,1306,2021-01-23,2045,R1772,OCOTI,6,5,2,1306,0,0,0,,0,906,"COUNTY LINE RD","RT 78",0.00,,Y,A,-,N,,,,,,,,,,N,2,0,1,1,A,-,03,38305,,N,H,A,A,A,A,B,D,D,0,,,,,Y,,A,07,1,0,0,0,0,0,0,0,0,"- ","- ",,,IMPERIAL,IMPERIAL,-114.97940063476562,33.022342681884766
9254892,2021,2021-04-29,1304,2021-03-17,2047,368,E1,3,5,4,1304,0,0,0,,0,WEST,"LA BRUCHERIE",ADAMS,0.00,,Y,A,-,N,,,,,,,,,,Y,3,0,3,2,A,-,12,21453,A,N,A,C,A,A,H,-,C,A,0,,,,,Y,,-,,0,3,0,0,0,0,0,0,0,"- ","- ",,,IMPERIAL,"EL CENTRO",-115.57872009277344,32.796550750732422
9256103,2021,2023-06-20,1304,2021-01-11,1817,355,ELCE,1,5,4,1304,0,0,0,,0,WEST,"LA BRUCHERIE",EUCLID,87.00,N,N,A,-,N,,,,,,,,,,Y,1,1,0,2,A,-,11,21954,A,N,G,B,D,A,H,-,E,D,0,Y,,,,Y,,N,60,0,0,0,1,0,0,0,0,0,"- ","- ",,,IMPERIAL,"EL CENTRO",-115.57868194580078,32.798618316650391
9256174,2021,2023-06-20,1301,2021-01-25,0133,917,BRAWL,1,5,3,1301,0,0,0,,0,001,"OLD HIGHWAY 111","OLD HWY 111",0.00,,N,A,-,N,,,,,,,,,,N,1,1,0,2,A,-,11,21954,A,N,G,B,D,A,H,-,D,D,0,Y,,,,Y,,N,60,0,0,0,1,0,0,0,0,0,"- ","- ",32.987701416015625,-115.52809906005859,IMPERIAL,BRAWLEY,,
9263367,2021,2021-05-13,1304,2021-04-30,0115,368,E1,5,5,4,1304,0,0,0,,0,EAST,"MACY WY","DOGWOOD RD",217.00,N,N,A,-,N,,,,,,,,,,Y,3,0,1,1,A,-,01,23152,B,N,A,I,A,A,H,-,C,A,0,,,,,Y,Y,-,,0,1,0,0,0,0,0,0,0,"- ","- ",,,IMPERIAL,"EL CENTRO",-115.53489685058594,32.762027740478516
9263371,2021,2021-05-13,1304,2021-04-22,1304,332,EAST,4,5,4,1304,0,0,0,,0,EAST,"8TH ST",WAKE,800.00,N,N,A,-,N,,,,,,,,,,Y,3,0,3,3,A,-,03,22350,,N,A,C,A,A,H,-,-,A,0,,,,,Y,,A,01,0,3,0,0,0,0,0,0,0,"- ","- ",32.774398803710938,-115.56034088134766,IMPERIAL,"EL CENTRO",-115.56108856201172,32.7728271484375
9263428,2021,2021-05-24,1304,2021-04-27,1330,361,ELCE,2,5,4,1304,0,0,0,,0,WEST,"RT 86",SCOTT,314.00,S,N,A,-,Y,IMP,11,86,-,-,7.580,H,-,S,N,4,0,2,2,A,-,03,22350,,N,C,C,A,A,H,-,A,A,0,,,,,Y,,D,22,0,0,2,0,0,0,0,0,0,"- ","- ",,,IMPERIAL,"EL CENTRO",-115.56992340087891,32.800498962402344
9265933,2021,2021-05-26,1304,2021-05-06,1152,358,,4,5,4,1304,0,0,0,,0,EAST,8TH,WAKE,780.00,N,N,A,-,N,,,,,,,,,,Y,3,0,2,3,A,-,03,22350,,N,-,C,A,A,H,-,A,D,0,,,,,Y,,A,07,0,2,0,0,0,0,0,0,0,"- ","- ",32.773269653320312,-115.56111907958984,IMPERIAL,"EL CENTRO",-115.56108856201172,32.772769927978516
9265934,2021,2021-05-26,1304,2021-05-03,1036,363,EPTRL,1,5,4,1304,0,0,0,,0,WEST,"8TH ST",ADAMS,0.00,,Y,A,-,N,,,,,,,,,,N,3,0,1,2,A,-,08,22107,,N,D,G,A,A,H,-,A,D,0,,Y,,,Y,,L,04,0,1,0,0,0,0,1,0,0,"- ","- ",32.797080993652344,-115.56140899658203,IMPERIAL,"EL CENTRO",-115.56147766113281,32.796550750732422
9265935,2021,2021-05-26,1304,2021-05-07,1450,E0187,EWEST,5,5,4,1304,0,0,0,,0,WEST,"LA BRUCHERIE",OLIVE,0.00,,Y,A,-,N,,,,,,,,,,Y,4,0,1,2,A,-,09,21800,A,N,D,C,A,A,H,-,A,-,0,,,,,Y,,A,01,0,0,1,0,0,0,0,0,0,"- ","- ",32.790779113769531,-115.57871246337891,IMPERIAL,"EL CENTRO",-115.57859039306641,32.790779113769531
9265962,2021,2021-05-27,1306,2021-04-10,1245,1775,OWSVR,6,5,2,1306,0,0,0,,0,906,"POLELINE RD","COUNTY DUMP RD",0.00,,Y,A,-,N,,,,,,,,,,N,3,0,1,1,A,-,08,38314,,N,H,A,A,A,H,-,A,D,0,,,Y,,Y,,C,06,0,1,0,0,0,0,0,0,1,"- ","- ",,,IMPERIAL,IMPERIAL,,
9269923,2021,2021-06-07,1301,2021-04-14,1437,908,BRAWL,3,5,3,1301,0,0,0,,0,0B1,"A ST","NORTH IMPERIAL AV",0.00,,Y,A,-,N,,,,,,,,,,Y,4,0,1,2,A,-,12,22450,A,N,D,C,A,A,H,-,A,A,0,,,,,Y,,D,22,0,0,1,0,0,0,0,0,0,"- ","- ",,,IMPERIAL,BRAWLEY,-115.53497314453125,32.984161376953125
9270725,2021,2021-06-04,1301,2021-04-12,1102,904,BRAWL,1,5,3,1301,0,0,0,,0,003,"E ST","N CESAR CHAVEZ ST",0.00,,Y,A,-,N,,,,,,,,,,Y,4,0,1,2,A,-,09,21804,A,N,D,C,A,A,H,-,A,A,0,,,,,Y,,A,01,0,0,1,0,0,0,0,0,0,"- ","- ",,,IMPERIAL,BRAWLEY,-115.52639770507812,32.979770660400391
9271386,2021,2021-06-17,1304,2021-05-17,1214,320,ELCE,1,5,4,1304,0,0,0,,0,,"4TH ST","DESERT GARDENS",35.00,S,N,A,-,N,,,,,,,,,,N,4,0,1,2,A,-,03,22350,,N,C,C,A,A,H,-,A,D,0,,,,,Y,,A,01,0,0,1,0,0,0,0,0,0,"- ","- ",,,IMPERIAL,"EL CENTRO",-115.55239868164062,32.780864715576172
9271401,2021,2021-06-17,1301,2021-01-29,1953,906,BRAWL,5,5,3,1301,0,0,0,,0,0B3,"RT 111","RT 78",0.00,,Y,A,-,Y,IMP,11,111,-,-,23.787,I,5,N,Y,4,0,1,2,A,-,12,21453,,N,D,C,A,A,H,-,C,A,0,,,,,Y,,A,01,0,0,1,0,0,0,0,0,0,"- ","- ",,,IMPERIAL,BRAWLEY,-115.52647399902344,33.002422332763672
9276129,2021,2021-08-31,1304,2021-08-17,1457,368,E1,2,5,4,1304,0,0,0,,0,EAST,"RT 86",AURORA,0.00,,Y,A,-,Y,IMP,11,86,-,-,6.324,I,5,N,Y,3,0,1,2,A,-,12,21453,A,N,D,C,A,A,H,-,A,A,0,,,,,Y,,-,,0,1,0,0,0,0,0,0,0,"- ","- ",32.778438568115234,-115.55226135253906,IMPERIAL,"EL CENTRO",-115.55236053466797,32.778446197509766
9279850,2021,2021-08-24,1304,2021-06-07,1602,361,ELCE,1,5,4,1304,0,0,0,,0,EAST,"RT 86",6TH,0.00,,Y,A,-,Y,IMP,11,86,-,L,7.770,I,5,N,Y,3,0,2,2,A,-,12,21453,A,N,D,C,A,A,H,-,A,A,0,,,,,Y,,E,22,0,2,0,0,0,0,0,0,0,"- ","- ",,,IMPERIAL,"EL CENTRO",-115.55709838867188,32.796558380126953
9284174,2021,2021-07-21,1304,2021-06-09,0143,345,,3,5,4,1304,0,0,0,,0,EAST,"W HOLT","W HOLT 400",0.00,,N,A,-,N,,,,,,,,,,Y,3,0,1,3,A,-,01,23152,A,N,C,E,A,A,H,-,C,D,0,,,,,Y,Y,A,01,0,1,0,0,0,0,0,0,0,"- ","- ",32.787761688232422,-115.55438995361328,IMPERIAL,"EL CENTRO",-115.54399108886719,32.787746429443359
9286360,2021,2021-07-21,1304,2021-06-07,0518,345,,1,5,4,1304,0,0,0,,0,WEST,"IMPERIAL AV",BRADSHAW,0.00,,Y,A,-,Y,IMP,11,86,-,-,8.302,I,5,N,Y,4,0,2,2,A,-,01,23152,A,N,C,C,A,A,H,-,A,A,0,,,,,Y,Y,A,01,0,0,2,0,0,0,0,0,0,"- ","- ",32.810340881347656,-115.56977844238281,IMPERIAL,"EL CENTRO",-115.56992340087891,32.811126708984375
9287413,2021,2021-07-23,1304,2021-06-23,1503,E0187,EAST,3,5,4,1304,0,0,0,,0,EAST,"4TH ST",COMMERCIAL,0.00,,Y,A,-,Y,IMP,11,86,-,L,7.453,I,5,N,Y,4,0,1,2,A,-,09,21804,A,N,D,C,A,A,H,-,A,D,0,,,,,Y,,D,22,0,0,1,0,0,0,0,0,0,"- ","- ",32.794990539550781,-115.55256652832031,IMPERIAL,"EL CENTRO",-115.55264282226562,32.795013427734375
9287561,2021,2021-07-27,1304,2021-07-08,1249,327,,4,5,4,1304,0,0,0,,0,EAST,"4TH ST","AURORA DR",392.00,N,N,A,-,Y,IMP,11,86,-,-,6.390,H,-,S,N,3,0,1,2,A,-,09,21801,A,N,D,C,A,A,H,-,A,D,0,,,,,Y,,A,01,0,1,0,0,0,0,0,0,0,"- ","- ",,,IMPERIAL,"EL CENTRO",-115.55239105224609,32.779388427734375
9287565,2021,2021-07-20,1304,2021-07-08,1708,327,,4,5,4,1304,0,0,0,,0,EAST,"8TH ST","HOLT DR",112.00,S,N,A,-,N,,,,,,,,,,N,4,0,1,2,A,-,11,21950,B,M,G,B,D,A,H,-,A,D,0,Y,,,,Y,,N,60,0,0,1,0,1,0,0,0,0,"- ","- ",,,IMPERIAL,"EL CENTRO",-115.56136322021484,32.787483215332031