CASE_ID,ACCIDENT_YEAR,PROC_DATE,JURIS,COLLISION_DATE,COLLISION_TIME,OFFICER_ID,REPORTING_DISTRICT,DAY_OF_WEEK,CHP_SHIFT,POPULATION,CNTY_CITY_LOC,SPECIAL_COND,BEAT_TYPE,CHP_BEAT_TYPE,CITY_DIVISION_LAPD,CHP_BEAT_CLASS,BEAT_NUMBER,PRIMARY_RD,SECONDARY_RD,DISTANCE,DIRECTION,INTERSECTION,WEATHER_1,WEATHER_2,STATE_HWY_IND,CALTRANS_COUNTY,CALTRANS_DISTRICT,STATE_ROUTE,ROUTE_SUFFIX,POSTMILE_PREFIX,POSTMILE,LOCATION_TYPE,RAMP_INTERSECTION,SIDE_OF_HWY,TOW_AWAY,COLLISION_SEVERITY,NUMBER_KILLED,NUMBER_INJURED,PARTY_COUNT,PRIMARY_COLL_FACTOR,PCF_CODE_OF_VIOL,PCF_VIOL_CATEGORY,PCF_VIOLATION,PCF_VIOL_SUBSECTION,HIT_AND_RUN,TYPE_OF_COLLISION,MVIW,PED_ACTION,ROAD_SURFACE,ROAD_COND_1,ROAD_COND_2,LIGHTING,CONTROL_DEVICE,CHP_ROAD_TYPE,PEDESTRIAN_ACCIDENT,BICYCLE_ACCIDENT,MOTORCYCLE_ACCIDENT,TRUCK_ACCIDENT,NOT_PRIVATE_PROPERTY,ALCOHOL_INVOLVED,STWD_VEHTYPE_AT_FAULT,CHP_VEHTYPE_AT_FAULT,COUNT_SEVERE_INJ,COUNT_VISIBLE_INJ,COUNT_COMPLAINT_PAIN,COUNT_PED_KILLED,COUNT_PED_INJURED,COUNT_BICYCLIST_KILLED,COUNT_BICYCLIST_INJURED,COUNT_MC_KILLED,COUNT_MC_INJURED,PRIMARY_RAMP,SECONDARY_RAMP,LATITUDE,LONGITUDE,COUNTY,CITY,POINT_X,POINT_Y
9287569,2021,2021-07-27,1304,2021-07-08,1659,359,,4,5,4,1304,0,0,0,,0,,"4TH ST","SOUTHWIND DR",0.00,,Y,A,-,Y,IMP,11,86,-,-,6.053,I,5,S,N,3,0,1,2,A,-,05,21650,1,N,D,G,A,A,H,-,A,A,0,,Y,,,Y,,L,04,0,1,0,0,0,0,1,0,0,"- ","- ",,,IMPERIAL,"EL CENTRO",-115.55224609375,32.774467468261719
9290663,2021,2021-08-27,1304,2021-07-11,0026,341,EWEST,7,5,4,1304,0,0,0,,0,WEST,ORANGE,"ORANGE AV 1500",0.00,,N,A,-,N,,,,,,,,,,N,3,0,1,2,A,-,08,22107,,N,B,E,A,A,H,-,C,D,0,,,,,Y,,A,01,0,1,0,0,0,0,0,0,0,"- ","- ",32.788768768310547,-115.57211303710938,IMPERIAL,"EL CENTRO",-115.54402160644531,32.788764953613281
9291242,2021,2021-08-13,1304,2021-06-11,1935,325,E1,5,5,4,1304,0,0,0,,0,EAST,EUCLID,10TH,0.00,,Y,A,-,N,,,,,,,,,,Y,4,0,1,2,A,-,12,22450,,M,D,C,A,A,H,-,B,A,0,,,,,Y,,A,01,0,0,1,0,0,0,0,0,0,"- ","- ",32.798500061035156,-115.56363677978516,IMPERIAL,"EL CENTRO",-115.56365966796875,32.798374176025391
9291243,2021,2021-08-13,1304,2021-06-23,1143,327,EPTRL,3,5,4,1304,0,0,0,,0,,"WEST MAIN ST","8TH ST",160.00,W,N,A,-,N,,,,,,,,,,N,3,0,1,2,A,-,05,21650,1,N,D,G,A,A,H,-,A,A,0,,Y,,,Y,,L,04,0,1,0,0,0,0,1,0,0,"- ","- ",,,IMPERIAL,"EL CENTRO",-115.56195068359375,32.792831420898438
9291244,2021,2021-08-13,1304,2021-06-28,1317,363,EWES,1,5,4,1304,0,0,0,,0,WEST,IMPERIAL,PICO,0.00,,N,A,-,N,,,86,,,,,,,Y,3,0,1,3,A,-,03,22350,,N,C,C,A,A,H,-,A,D,0,,,,,Y,,A,01,0,1,0,0,0,0,0,0,0,"- ","- ",32.80419921875,-115.56974029541016,IMPERIAL,"EL CENTRO",-115.56987762451172,32.80419921875
9291514,2021,2021-07-21,1304,2021-06-13,1014,322,ELCE,7,5,4,1304,0,0,0,,0,WEST,"LA BRUCHERIE","LINCOLN AV",0.00,,Y,A,-,N,,,,,,,,,,Y,3,0,3,2,A,-,12,21453,A,N,D,C,A,A,H,-,A,A,0,,,,,Y,,-,,0,1,2,0,0,0,0,0,0,"- ","- ",32.807388305664062,-115.57862091064453,IMPERIAL,"EL CENTRO",-115.57865905761719,32.807365417480469
9295945,2021,2021-08-03,1304,2021-07-08,1705,326,EAST,4,5,4,1304,0,0,0,,0,,4TH,BROADWAY,0.00,,Y,A,-,N,,,86,,,,,,,Y,4,0,1,2,A,-,09,21804,A,N,A,C,A,A,H,-,A,D,0,,,,,Y,,A,07,0,0,1,0,0,0,0,0,0,"- ","- ",32.793758392333984,-115.55252838134766,IMPERIAL,"EL CENTRO",-115.55252838134766,32.793758392333984
9298711,2021,2021-08-13,1304,2021-07-16,1810,368,E1,5,5,4,1304,0,0,0,,0,EAST,DOGWOOD,"ROSS AV",0.00,,Y,A,-,N,,,,,,,,,,N,3,0,1,2,A,-,03,22350,,N,C,C,A,A,H,-,A,A,0,,,,,Y,,A,01,0,1,0,0,0,0,0,0,0,"- ","- ",32.779388427734375,-115.53533172607422,IMPERIAL,"EL CENTRO",-115.53537750244141,32.781490325927734
9299703,2021,2021-09-13,1304,2021-07-16,1331,326,EAST,5,5,4,1304,0,0,0,,0,,DOGWOOD,BRIGHTON,4.00,S,N,A,-,N,,,,,,,,,,Y,4,0,2,4,A,-,03,22350,,M,C,C,A,A,H,-,A,A,0,,,,,Y,,A,07,0,0,2,0,0,0,0,0,0,"- ","- ",,,IMPERIAL,"EL CENTRO",-115.53556823730469,32.789768218994141
9299720,2021,2021-09-13,1304,2021-07-30,1005,361,ELCE,5,5,4,1304,0,0,0,,0,EAST,JACKRABBIT,"3RD ST",0.00,,N,B,-,N,,,,,,,,,,Y,3,0,2,2,A,-,08,22107,,N,B,C,A,A,H,-,A,D,0,,,,,Y,,A,01,0,1,1,0,0,0,0,0,0,"- ","- ",32.761589050292969,-115.54945373535156,IMPERIAL,"EL CENTRO",-115.54772186279297,32.761547088623047
9299981,2021,2021-09-03,1301,2021-05-19,1411,912,BRAWL,3,5,3,1301,0,0,0,,0,002,"RT 86",MALAN,0.00,,Y,A,-,Y,IMP,11,86,-,-,20.068,I,5,N,Y,4,0,1,3,A,-,12,21453,A,N,D,C,A,A,H,-,A,A,0,,,,,Y,,A,01,0,0,1,0,0,0,0,0,0,"- ","- ",,,IMPERIAL,BRAWLEY,-115.54371643066406,32.971279144287109
9299989,2021,2021-09-07,1301,2021-05-19,1658,908,BRAWL,3,5,3,1301,0,0,0,,0,0B2,"RT 86","MALAN ST",0.00,,Y,A,-,Y,IMP,11,86,-,-,20.068,I,5,N,Y,3,0,2,2,A,-,09,21804,A,N,D,C,A,A,H,-,A,A,0,,,,Y,Y,,A,01,0,2,0,0,0,0,0,0,0,"- ","- ",,,IMPERIAL,BRAWLEY,-115.54371643066406,32.971279144287109
9301282,2021,2021-08-19,1304,2021-07-24,2106,358,,6,5,4,1304,0,0,0,,0,,ROSS,IMPERIAL,0.00,,N,A,-,N,,,,,,,,,,N,3,0,1,2,A,-,11,21954,A,N,G,B,D,A,H,-,C,A,0,Y,,,,Y,,N,60,0,1,0,0,1,0,0,0,0,"- ","- ",,,IMPERIAL,"EL CENTRO",-115.56968688964844,32.781482696533203
9301793,2021,2021-09-20,1304,2021-06-17,2101,368,E1,4,5,4,1304,0,0,0,,0,EAST,"RT 86","DESERT GARDENS",146.00,S,N,A,-,Y,IMP,11,86,-,-,6.470,H,-,S,N,1,1,0,2,A,-,11,21954,A,N,G,B,D,A,H,-,C,D,0,Y,,,,Y,Y,N,60,0,0,0,1,0,0,0,0,0,"- ","- ",,,IMPERIAL,"EL CENTRO",-115.55242156982422,32.780536651611328
9312059,2021,2021-09-02,1301,2021-07-06,0521,9A2,BRAWL,2,5,3,1301,0,0,0,,0,004,"RT 111","N BEST AV",0.00,E,N,A,-,Y,IMP,11,78,-,R,14.190,H,-,W,Y,3,0,1,1,A,-,08,22107,,N,F,I,A,A,H,-,C,D,0,,,,,Y,,A,01,0,1,0,0,0,0,0,0,0,"- ","- ",32.997188568115234,-115.50538635253906,IMPERIAL,BRAWLEY,-115.50588226318359,32.997543334960938
9312369,2021,2021-09-09,1304,2021-08-19,1242,326,EEAS,4,5,4,1304,0,0,0,,0,,4TH,SMOKETREE,15.00,N,N,A,-,Y,IMP,11,86,-,-,6.120,H,-,S,N,4,0,2,2,A,-,03,22350,,N,C,C,A,A,H,-,A,A,0,,,,,Y,,A,01,0,0,2,0,0,0,0,0,0,"- ","- ",32.775749206542969,-115.55233001708984,IMPERIAL,"EL CENTRO",-115.55227661132812,32.775459289550781
9313045,2021,2021-09-30,1304,2021-08-10,0738,EID,EWEST,2,5,4,1304,0,0,0,,0,WEST,HOLT,"10TH ST",0.00,,Y,A,-,N,,,,,,,,,,N,3,0,1,2,A,-,05,21650,1,N,A,G,A,A,H,-,A,D,0,,Y,,,Y,,L,04,0,1,0,0,0,0,1,0,0,"- ","- ",32.78778076171875,-115.56308746337891,IMPERIAL,"EL CENTRO",-115.5634765625,32.787757873535156
9315926,2021,2021-09-22,1301,2021-07-14,1222,906,BRAWL,3,5,3,1301,0,0,0,,0,0B2,PALM,E,0.00,,Y,A,-,N,,,,,,,,,,N,4,0,1,2,A,-,09,21800,,N,H,G,A,A,H,-,A,A,0,,Y,,,Y,,D,22,0,0,1,0,0,0,1,0,0,"- ","- ",,,IMPERIAL,BRAWLEY,-115.52204132080078,32.979770660400391
9315954,2021,2021-09-22,1301,2021-08-06,1639,907,BRAWL,5,5,3,1301,0,0,0,,0,0B3,"CESAR CHAVEZ","B ST",0.00,,Y,A,-,N,,,,,,,,,,Y,4,0,1,2,A,-,12,22450,,N,D,C,A,A,H,-,A,A,0,,,,Y,Y,,F,25,0,0,1,0,0,0,0,0,0,"- ","- ",32.983051300048828,-115.52632904052734,IMPERIAL,BRAWLEY,-115.52635955810547,32.983047485351562
9316305,2021,2021-09-22,1301,2021-08-10,0148,908,BRAWL,2,5,3,1301,0,0,0,,0,0B2,"MALAN ST","SOUTH IMPERIAL AV",125.00,E,N,A,-,N,,,,,,,,,,Y,2,0,2,1,D,-,00,,,N,E,I,A,A,H,-,D,D,0,,,,,Y,,-,"- ",1,0,1,0,0,0,0,0,0,"- ","- ",,,IMPERIAL,BRAWLEY,-115.53458404541016,32.970771789550781
9320605,2021,2023-06-20,1301,2021-11-22,1953,910,BRAWL,1,5,3,1301,0,0,0,,0,0B1,"OLD HWY 111","OLD HWY 111 4705A",0.00,,N,A,-,N,,,,,,,,,,N,1,1,2,6,A,-,08,22107,,N,A,C,A,A,H,-,D,D,0,,,,,Y,Y,A,01,1,0,1,0,0,0,0,0,0,"- ","- ",32.993740081787109,-115.52648162841797,IMPERIAL,BRAWLEY,-115.52642,32.993363000000002
9320775,2022,2022-06-08,1304,2022-03-12,2306,358,,6,5,4,1304,0,0,0,,0,EAST,"DEALWOOD RD","DOGWOOD RD",414.00,E,N,A,-,N,,,,,,,,,,Y,1,1,0,2,A,-,01,23152,A,N,C,E,A,A,H,-,D,D,0,,,,,Y,Y,A,01,0,0,0,0,0,0,0,0,0,"- ","- ",,,IMPERIAL,"EL CENTRO",-115.53465270996094,32.775093078613281
9320918,2022,2022-07-14,1304,2022-05-16,1910,358,,1,5,4,1304,0,0,0,,0,WEST,ROSS,LOTUS,260.00,E,N,A,-,N,,,,,,,,,,N,1,1,0,2,A,-,11,21954,A,F,G,B,D,A,H,-,A,D,0,Y,,,,Y,,N,60,0,0,0,1,0,0,0,0,0,"- ","- ",,,IMPERIAL,"EL CENTRO",-115.5838623046875,32.781459808349609
9338535,2021,2021-10-08,1304,2021-09-01,1422,333,EEAS,3,5,4,1304,0,0,0,,0,EAST,"4TH ST","RT 8",123.00,S,N,A,-,Y,IMP,11,8,-,R,38.140,R,4,E,Y,3,0,1,4,A,-,03,22350,,N,C,C,A,A,H,-,A,A,0,,,,,Y,,A,01,0,1,0,0,0,0,0,0,0,"- ","- ",,,IMPERIAL,"EL CENTRO",-115.54935455322266,32.773685455322266
9338536,2021,2021-10-13,1304,2021-09-10,1426,333,EAST,5,5,4,1304,0,0,0,,0,,BROADWAY,SEVENTH,0.00,,Y,A,-,N,,,,,,,,,,Y,3,0,1,3,A,-,09,21802,A,N,D,C,A,A,H,-,A,A,0,,,,,Y,,-,,0,1,0,0,0,0,0,0,0,"- ","- ",,,IMPERIAL,"EL CENTRO",-115.55911254882812,32.793865203857422
9338898,2021,2021-11-09,1304,2021-09-16,1838,363,EWES,4,5,4,1304,0,0,0,,0,WEST,FIELDVIEW,"EIGTH ST",0.00,,Y,A,-,N,,,,,,,,,,Y,3,0,1,2,A,-,01,23153,B,F,D,C,A,A,H,-,A,A,0,,,,,Y,Y,A,01,0,1,0,0,0,0,0,0,0,"- ","- ",32.761329650878906,-115.5611572265625,IMPERIAL,"EL CENTRO",-115.560873,32.761364
9340325,2021,2021-10-29,1304,2021-09-09,1640,361,ELCE,4,5,4,1304,0,0,0,,0,EAST,"S DOGWOOD","S DOGWOOD 1600",0.00,,Y,A,-,N,,,,,,,,,,Y,3,0,4,3,A,-,03,22350,,N,C,C,A,A,H,-,A,A,0,,,,,Y,,A,07,0,2,2,0,0,0,0,0,0,"- ","- ",32.779430389404297,-115.53530883789062,IMPERIAL,"EL CENTRO",-115.53537750244141,32.781490325927734
9348613,2020,2022-06-20,1304,2020-04-18,1100,357,ELCE,6,5,4,1304,0,0,0,,0,WEST,IMPERIAL,"PEPPER DR",0.00,,Y,A,-,N,,,,,,,,,,Y,3,0,1,2,A,-,09,21801,B,N,D,C,A,A,H,-,A,A,0,,,,,Y,,-,,0,1,0,0,0,0,0,0,0,"- ","- ",,,IMPERIAL,"EL CENTRO",-115.5697021484375,32.779411315917969
9349414,2021,2021-11-08,1304,2021-09-29,0730,368,E1,3,5,4,1304,0,0,0,,0,EAST,8TH,"DESERT GARDENS",0.00,,Y,A,-,N,,,,,,,,,,N,3,0,1,2,A,-,10,21950,A,F,G,B,D,A,H,-,A,A,0,Y,,,,Y,Y,A,01,0,1,0,0,1,0,0,0,0,"- ","- ",32.780948638916016,-115.56107330322266,IMPERIAL,"EL CENTRO",-115.56122589111328,32.780952453613281
9350040,2021,2021-11-09,1304,2021-09-29,0901,325,ELCE,3,5,4,1304,0,0,0,,0,EAST,4TH,"RT 8",0.00,,Y,A,-,N,,,86,,,,,,,N,3,0,1,2,A,-,12,21453,A,N,D,C,A,A,H,-,A,A,0,,,,,Y,,-,,0,1,0,0,0,0,0,0,0,"- ",EO,32.773189544677734,-115.55210876464844,IMPERIAL,"EL CENTRO",-115.55223083496094,32.773189544677734
9354773,2021,2021-11-03,1304,2021-09-03,1807,368,E1,5,5,4,1304,0,0,0,,0,EAST,"DOGWOOD RD","ROSS AV",826.00,S,N,A,-,N,,,,,,,,,,Y,3,0,1,3,A,-,01,23153,B,N,-,C,A,A,H,-,B,A,0,,,,,Y,Y,-,,0,1,0,0,0,0,0,0,0,"- ","- ",,,IMPERIAL,"EL CENTRO",-115.53533172607422,32.779232025146484
9356348,2021,2021-11-04,1304,2021-10-17,1128,350,,7,5,4,1304,0,0,0,,0,EAST,"8TH ST",HAMILTON,0.00,,Y,A,-,N,,,,,,,,,,Y,3,0,1,2,A,-,09,21803,A,N,D,C,A,A,H,-,A,A,0,,,,,Y,,A,07,0,1,0,0,0,0,0,0,0,"- ","- ",,,IMPERIAL,"EL CENTRO",-115.56134033203125,32.785831451416016
9357209,2021,2021-12-14,1304,2021-10-21,0938,325,ELCE,4,5,4,1304,0,0,0,,0,EAST,4TH,"LENREY AV",0.00,,Y,A,-,N,,,,,,,,,,Y,3,0,1,4,A,-,07,21658,A,N,C,C,A,A,H,-,A,D,0,,,,,Y,,A,01,0,1,0,0,0,0,0,0,0,"- ","- ",,,IMPERIAL,"EL CENTRO",-115.55245208740234,32.783039093017578
9364374,2021,2021-12-30,1304,2021-11-03,0209,358,,3,5,4,1304,0,0,0,,0,EAST,MAIN,"MAIN ST 600 BLK",0.00,,N,A,-,N,,,,,,,,,,Y,3,0,1,1,A,-,01,23152,A,N,B,I,A,A,H,-,C,D,0,,,,,Y,Y,-,,0,1,0,0,0,0,0,0,0,"- ","- ",32.792858123779297,-115.55796051025391,IMPERIAL,"EL CENTRO",-115.55251312255859,32.792823791503906
9364375,2021,2021-12-16,1304,2021-11-08,1410,350,,1,5,4,1304,0,0,0,,0,,"N IMPERIAL","BARBARA WORTH",0.00,,Y,A,-,N,,,,,,,,,,Y,4,0,1,1,A,-,08,22107,,N,-,J,A,A,H,-,A,A,0,,,,,Y,,-,,0,0,1,0,0,0,0,0,0,"- ","- ",,,IMPERIAL,"EL CENTRO",-115.5699462890625,32.794631958007812
9364419,2021,2021-12-02,1304,2021-10-30,2152,337,ELCE,6,5,4,1304,0,0,0,,0,WEST,"12TH ST",STACEY,0.00,,Y,A,-,N,,,,,,,,,,Y,3,0,2,2,A,-,09,21800,A,N,D,C,A,A,H,-,C,D,0,,,,,Y,Y,A,01,0,2,0,0,0,0,0,0,0,"- ","- ",,,IMPERIAL,"EL CENTRO",-115.56566619873047,32.800651550292969
9366914,2021,2022-01-11,1304,2021-12-07,1316,363,EAST,2,5,4,1304,0,0,0,,0,EAST,"4TH ST",SMOKETREE,119.00,S,N,A,-,N,,,,,,,,,,N,3,0,1,2,A,-,11,21954,A,N,A,B,D,A,H,-,A,D,0,Y,,,,Y,,N,60,0,1,0,0,1,0,0,0,0,"- ","- ",,,IMPERIAL,"EL CENTRO",-115.55230712890625,32.775032043457031
9367143,2021,2021-12-09,1304,2021-11-05,1319,325,ELCE,5,5,4,1304,0,0,0,,0,WEST,"IMPERIAL AV","VILLA AV",0.00,,-,A,-,Y,IMP,11,86,-,-,7.809,I,5,N,Y,3,0,1,2,A,-,03,22350,,N,C,C,A,A,H,-,A,D,0,,,,,Y,,-,,0,1,0,0,0,0,0,0,0,"- ","- ",32.801429748535156,-115.56977081298828,IMPERIAL,"EL CENTRO",-115.56987762451172,32.803684234619141
9367147,2021,2021-12-09,1304,2021-11-18,0435,368,E1,4,5,4,1304,0,0,0,,0,WEST,"IMPERIAL AV","ADAMS AV",0.00,,Y,A,-,Y,IMP,11,86,-,L,8.525,I,5,N,Y,2,0,1,2,A,-,12,21453,A,N,D,C,A,A,H,-,C,A,0,,,,,Y,,-,,1,0,0,0,0,0,0,0,0,"- ","- ",,,IMPERIAL,"EL CENTRO",-115.56998443603516,32.796550750732422
9373450,2021,2022-01-12,1304,2021-11-19,0841,341,EAST,5,5,4,1304,0,0,0,,0,EAST,ADAMS,6TH,0.00,,Y,A,-,N,,,,,,,,,,Y,4,0,1,2,D,-,00,,,N,D,C,A,A,H,-,A,A,0,,,,,Y,,-,"- ",0,0,1,0,0,0,0,0,0,"- ","- ",,,IMPERIAL,"EL CENTRO",-115.55708312988281,32.796531677246094
9373833,2021,2021-12-16,1304,2021-11-16,1525,322,EAST,2,5,4,1304,0,0,0,,0,,"ROSS AV","3RD AV",0.00,,Y,A,-,N,,,,,,,,,,Y,3,0,1,2,A,-,08,22107,,N,D,C,A,A,H,-,A,D,0,,,,,Y,,A,01,0,1,0,0,0,0,0,0,0,"- ","- ",32.781490325927734,-115.55062866210938,IMPERIAL,"EL CENTRO",-115.55030822753906,32.781455993652344
9375067,2021,2021-12-16,1304,2021-11-16,1643,,EWES,2,5,4,1304,0,0,0,,0,WEST,"8TH ST",CRUICKSHANK,0.00,,N,A,-,N,,,,,,,,,,Y,3,0,1,2,A,-,03,22350,,N,C,C,A,A,H,-,A,A,0,,,,,Y,,A,01,0,1,0,0,0,0,0,0,0,"- ","- ",32.815448760986328,-115.56146240234375,IMPERIAL,"EL CENTRO",-115.56153106689453,32.814754486083984
9377727,2021,2022-01-19,1304,2021-12-21,2030,359,,2,5,4,1304,0,0,0,,0,EAST,"DOGWOOD RD","DANENBERG DR",0.00,S,N,A,-,N,,,,,,,,,,Y,3,0,1,2,A,-,01,23152,A,N,C,C,A,A,H,-,D,A,0,,,,Y,Y,Y,A,01,0,1,0,0,0,0,0,0,0,"- ","- ",,,IMPERIAL,"EL CENTRO",-115.53514862060547,32.766921997070312
9378827,2021,2021-12-29,1304,2021-12-06,1711,350,,1,5,4,1304,0,0,0,,0,,"ADAMS AV","12TH ST",0.00,,Y,A,-,Y,IMP,11,86,-,L,8.266,I,5,S,N,2,0,1,2,A,-,10,21950,A,N,G,B,B,A,H,-,C,A,0,Y,,,,Y,,A,07,1,0,0,0,1,0,0,0,0,"- ","- ",,,IMPERIAL,"EL CENTRO",-115.56560516357422,32.796554565429688
9378931,2021,2021-12-29,1304,2021-12-08,1525,339,ELCE,3,5,4,1304,0,0,0,,0,WEST,"IMPERIAL AV","EUCLID AV",19.90,S,N,A,-,Y,IMP,11,86,-,-,7.420,H,-,S,N,4,0,1,2,A,-,10,21954,B,N,B,B,D,A,H,-,A,A,0,Y,,,,Y,,A,01,0,0,1,0,1,0,0,0,0,"- ","- ",,,IMPERIAL,"EL CENTRO",-115.56996917724609,32.798236846923828
9378999,2021,2022-01-03,1304,2021-12-13,1525,320,EAST,1,5,4,1304,0,0,0,,0,EAST,ADAMS,6TH,0.00,,Y,A,-,Y,IMP,11,86,-,L,7.770,I,5,S,Y,3,0,2,2,A,-,12,21453,A,N,D,C,A,A,H,-,A,A,0,,,,,Y,,A,01,0,2,0,0,0,0,0,0,0,"- ","- ",,,IMPERIAL,"EL CENTRO",-115.55709838867188,32.796558380126953
9379301,2021,2022-01-19,1304,2021-12-17,1235,361,ELCE,5,5,4,1304,0,0,0,,0,EAST,"RT 86","RT 8",13.00,N,N,A,-,Y,IMP,11,86,-,-,6.040,H,-,N,N,3,0,1,2,A,-,10,21950,A,N,G,B,B,A,H,-,A,A,0,Y,,,,Y,,A,01,0,1,0,0,1,0,0,0,0,"- ",WF,,,IMPERIAL,"EL CENTRO",-115.55224609375,32.774276733398438
9380001,2022,2022-02-22,1304,2022-01-29,1457,368,E1,6,5,4,1304,0,0,0,,0,WEST,"IMPERIAL AV","ADAMS AV",0.00,,Y,A,-,Y,IMP,11,86,-,-,7.320,H,-,S,N,3,0,2,2,A,-,03,22350,,N,-,C,A,A,H,-,A,A,0,,,,Y,Y,,D,22,0,2,0,0,0,0,0,0,0,"- ","- ",32.796718597412109,-115.57005310058594,IMPERIAL,"EL CENTRO",-115.56997680664062,32.796733856201172
9380093,2021,2022-02-14,1304,2021-11-21,0606,358,,7,5,4,1304,0,0,0,,0,EASE,"ADAMS AV","4TH ST",0.00,,-,A,-,Y,IMP,11,86,-,L,7.560,H,-,N,Y,3,0,1,1,A,-,07,21658,A,M,E,I,A,A,H,-,B,D,0,,,,,Y,,-,,0,1,0,0,0,0,0,0,0,"- ","- ",32.796298980712891,-115.55364227294922,IMPERIAL,"EL CENTRO",-115.55374145507812,32.796215057373047
9384316,2021,2022-01-14,1304,2021-12-17,1524,339,EPTRL,5,5,4,1304,0,0,0,,0,EAST,"8TH ST","STACEY AV",5.00,S,N,A,-,N,,,,,,,,,,N,4,0,1,2,A,-,03,22350,,N,C,C,A,A,H,-,A,D,0,,,,,Y,,-,,0,0,1,0,0,0,0,0,0,"- ","- ",,,IMPERIAL,"EL CENTRO",-115.56147003173828,32.800506591796875
9384350,2021,2022-01-11,1304,2021-12-10,0808,341,EWEST,5,5,4,1304,0,0,0,,0,EAST,MAIN,WATERMAN,0.00,,Y,A,-,N,,,,,,,,,,N,4,0,2,2,A,-,09,21802,A,N,D,C,A,A,H,-,A,D,0,,,,,Y,,A,01,0,0,2,0,0,0,0,0,0,"- ","- ",32.792770385742188,-115.57421112060547,IMPERIAL,"EL CENTRO",-115.57420349121094,32.792797088623047
9386544,2021,2022-01-07,1304,2021-12-17,1624,341,EEAST,5,5,4,1304,0,0,0,,0,EAST,SANDALWOOD,5TH,0.00,,Y,A,-,N,,,,,,,,,,N,4,0,1,2,A,-,12,22450,A,N,D,C,A,A,H,-,A,D,0,,,,,Y,Y,A,01,0,0,1,0,0,0,0,0,0,"- ","- ",,,IMPERIAL,"EL CENTRO",-115.55463409423828,32.782032012939453
9386688,2021,2022-01-13,1304,2021-12-20,0335,350,EPTRL,1,5,4,1304,0,0,0,,0,,"IMPERIAL AV","HAMILTON AV",0.00,,Y,A,-,N,,,,,,,,,,Y,3,0,1,1,A,-,01,23152,A,N,E,I,A,A,H,-,C,A,0,,,,,Y,Y,-,,0,1,0,0,0,0,0,0,0,"- ","- ",,,IMPERIAL,"EL CENTRO",-115.56977844238281,32.785667419433594
9389080,2022,2022-01-28,1304,2022-01-06,"849 ",347,EPTRL,4,5,4,1304,0,0,0,,0,,"HOPE ST",HOLT,21.00,S,N,A,-,N,,,,,,,,,,Y,3,0,1,2,A,-,09,21800,A,N,B,D,A,A,H,-,A,A,0,,,,,Y,,A,01,0,1,0,0,0,0,0,0,0,"- ","- ",,,IMPERIAL,"EL CENTRO",-115.53971099853516,32.787681579589844
9403772,2022,2022-03-21,1304,2022-02-26,"654 ",368,E1,6,5,4,1304,0,0,0,,0,WEST,EIGHTH,EUCLID,0.00,,Y,A,-,N,,,,,,,,,,N,3,0,1,2,A,-,09,21804,A,N,A,C,A,A,H,-,A,A,0,,,,,Y,,-,,0,1,0,0,0,0,0,0,0,"- ","- ",,,IMPERIAL,"EL CENTRO",-115.56145477294922,32.798374176025391
9406342,2021,2022-02-18,1301,2021-07-12,2003,901,BRAWL,1,5,3,1301,0,0,0,,0,003,"MAIN ST","CEASER CHAVEZ ST",0.00,,Y,A,-,N,,,,,,,,,,N,2,0,1,2,A,-,10,21950,,N,G,B,D,A,H,-,C,A,0,Y,,,,Y,,N,60,1,0,0,0,1,0,0,0,0,"- ","- ",,,IMPERIAL,BRAWLEY,,
9409276,2022,2022-03-04,1304,2022-02-15,1117,358,,2,5,4,1304,0,0,0,,0,EAST,DOGWOOD,"AUDORA DR",0.00,,N,A,-,N,,,,,,,,,,N,3,0,1,2,A,-,03,22350,,N,C,C,A,A,H,-,A,D,0,,,,,Y,,-,,0,1,0,0,0,0,0,0,0,"- ","- ",,,IMPERIAL,"EL CENTRO",-115.53530120849609,32.777828216552734
9413468,2022,2022-03-10,1304,2022-02-01,"455 ",325,ELCE,2,5,4,1304,0,0,0,,0,WEST,ADAMS,"LA BRUCHERIE",490.00,,N,A,-,N,,,,,,,,,,Y,2,0,1,2,A,-,11,21954,A,N,G,B,D,A,H,-,D,D,0,Y,,,,Y,,N,60,1,0,0,0,1,0,0,0,0,"- ","- ",,,IMPERIAL,"EL CENTRO",-115.57872009277344,32.796550750732422
9414056,2022,2022-03-16,1304,2022-02-11,1319,352,EAST,5,5,4,1304,0,0,0,,0,EAST,4TH,COMMERCIAL,0.00,,Y,A,-,Y,IMP,11,86,-,L,7.453,I,5,S,Y,4,0,3,2,A,-,09,21801,A,N,D,C,A,A,H,-,A,-,0,,,,,Y,,A,01,0,0,3,0,0,0,0,0,0,"- ","- ",,,IMPERIAL,"EL CENTRO",-115.55264282226562,32.795013427734375
9417263,2021,2022-03-21,1304,2021-08-29,1836,325,ELCE,7,5,4,1304,0,0,0,,0,WEST,OCOTILLO,"LA BRUCHARD",0.00,,Y,A,-,N,,,,,,,,,,N,3,0,1,2,A,-,03,22350,,N,C,C,A,A,H,-,B,A,0,,,,,Y,,A,01,0,1,0,0,0,0,0,0,0,"- ","- ",32.777328491210938,-115.578369140625,IMPERIAL,"EL CENTRO",-115.578382,32.777369999999998
9418315,2022,2022-03-24,1304,2022-02-28,1526,368,E1,1,5,4,1304,0,0,0,,0,WEST,EUCLID,IMPERIAL,300.00,W,N,A,-,N,,,,,,,,,,N,3,0,1,2,A,-,09,21804,A,N,-,G,A,A,H,-,A,A,0,,Y,,,Y,,L,04,0,1,0,0,0,0,1,0,0,"- ","- ",32.798351287841797,-115.57132720947266,IMPERIAL,"EL CENTRO",-115.57093811035156,32.798377990722656
9420023,2022,2022-04-26,1304,2022-04-01,2147,326,EEAS,5,5,4,1304,0,0,0,,0,,"ADAMS AV","6TH ST",5.00,W,N,A,-,Y,IMP,11,86,-,L,7.770,I,5,N,N,2,0,1,2,-,-,"- ",,B,N,G,B,B,A,H,-,C,A,0,Y,,,,Y,,N,60,1,0,0,0,1,0,0,0,0,"- ","- ",,,IMPERIAL,"EL CENTRO",-115.55709838867188,32.796558380126953