CASE_ID,ACCIDENT_YEAR,PROC_DATE,JURIS,COLLISION_DATE,COLLISION_TIME,OFFICER_ID,REPORTING_DISTRICT,DAY_OF_WEEK,CHP_SHIFT,POPULATION,CNTY_CITY_LOC,SPECIAL_COND,BEAT_TYPE,CHP_BEAT_TYPE,CITY_DIVISION_LAPD,CHP_BEAT_CLASS,BEAT_NUMBER,PRIMARY_RD,SECONDARY_RD,DISTANCE,DIRECTION,INTERSECTION,WEATHER_1,WEATHER_2,STATE_HWY_IND,CALTRANS_COUNTY,CALTRANS_DISTRICT,STATE_ROUTE,ROUTE_SUFFIX,POSTMILE_PREFIX,POSTMILE,LOCATION_TYPE,RAMP_INTERSECTION,SIDE_OF_HWY,TOW_AWAY,COLLISION_SEVERITY,NUMBER_KILLED,NUMBER_INJURED,PARTY_COUNT,PRIMARY_COLL_FACTOR,PCF_CODE_OF_VIOL,PCF_VIOL_CATEGORY,PCF_VIOLATION,PCF_VIOL_SUBSECTION,HIT_AND_RUN,TYPE_OF_COLLISION,MVIW,PED_ACTION,ROAD_SURFACE,ROAD_COND_1,ROAD_COND_2,LIGHTING,CONTROL_DEVICE,CHP_ROAD_TYPE,PEDESTRIAN_ACCIDENT,BICYCLE_ACCIDENT,MOTORCYCLE_ACCIDENT,TRUCK_ACCIDENT,NOT_PRIVATE_PROPERTY,ALCOHOL_INVOLVED,STWD_VEHTYPE_AT_FAULT,CHP_VEHTYPE_AT_FAULT,COUNT_SEVERE_INJ,COUNT_VISIBLE_INJ,COUNT_COMPLAINT_PAIN,COUNT_PED_KILLED,COUNT_PED_INJURED,COUNT_BICYCLIST_KILLED,COUNT_BICYCLIST_INJURED,COUNT_MC_KILLED,COUNT_MC_INJURED,PRIMARY_RAMP,SECONDARY_RAMP,LATITUDE,LONGITUDE,COUNTY,CITY,POINT_X,POINT_Y
9421060,2022,2022-04-29,1301,2022-03-14,1443,9A10,BRAWL,1,5,3,1301,0,0,0,,0,004,"MAIN ST","CESAR CHAVEZ ST",28.00,W,N,A,-,N,,,,,,,,,,N,4,0,1,2,A,-,04,21703,,N,C,C,A,A,H,-,A,A,0,,,,Y,Y,,F,25,0,0,1,0,0,0,0,0,0,"- ","- ",,,IMPERIAL,BRAWLEY,-115.5264892578125,32.978630065917969
9422120,2021,2022-05-02,1304,2021-07-10,1908,345,,6,5,4,1304,0,0,0,,0,EAST,"6TH ST","MAIN ST",0.00,,Y,A,-,N,,,,,,,,,,Y,4,0,1,1,A,-,08,22107,,N,A,I,A,A,H,-,A,A,0,,,,,Y,,A,01,0,0,1,0,0,0,0,0,0,"- ","- ",32.792888641357422,-115.55690765380859,IMPERIAL,"EL CENTRO",-115.55696105957031,32.792823791503906
9423300,2022,2022-03-28,1304,2022-03-16,1211,358,,3,5,4,1304,0,0,0,,0,AST,DOGWOOD,DEALWOOD,314.00,S,N,A,-,Y,SD,11,8,-,R,39.126,R,4,W,N,3,0,1,3,A,-,03,22350,,N,C,C,A,A,H,-,A,D,0,,,,,Y,,A,01,0,1,0,0,0,0,0,0,0,"- ","- ",,,IMPERIAL,"EL CENTRO",-116.60446929931641,32.824436187744141
9427909,2022,2022-04-07,1304,2022-03-27,1525,368,E1,7,5,4,1304,0,0,0,,0,WEST,"IMPERIAL AV","OCOTILLO DR",0.00,,Y,A,-,N,,,,,,,,,,Y,3,0,2,2,A,-,12,21453,A,N,-,C,A,A,H,-,A,A,0,,,,,Y,,-,,0,2,0,0,0,0,0,0,0,"- ","- ",,,IMPERIAL,"EL CENTRO",-115.56957244873047,32.777179718017578
9429191,2021,2022-04-08,1304,2021-07-31,2039,332,,6,5,4,1304,0,0,0,,0,EAST,"MAIN ST",MCCULLOM,888.00,E,N,A,-,N,,,,,,,,,,N,2,0,1,2,A,-,05,21651,B,F,D,G,A,A,H,-,C,D,0,,Y,,,Y,Y,L,04,1,0,0,0,0,0,1,0,0,"- ","- ",,,IMPERIAL,"EL CENTRO",-115.53470611572266,32.792819976806641
9429881,2022,2022-04-13,1304,2022-03-13,"902 ",358,,7,5,4,1304,0,0,0,,0,,SOUTHWIND,7TH,140.00,E,N,A,-,N,,,,,,,,,,Y,3,0,1,4,A,-,01,23152,A,N,B,E,A,A,H,-,A,D,0,,,,,Y,Y,A,01,0,1,0,0,0,0,0,0,0,"- ","- ",,,IMPERIAL,"EL CENTRO",-115.55807495117188,32.774635314941406
9430649,2022,2022-04-27,1304,2022-03-29,"654 ",358,,2,5,4,1304,0,0,0,,0,WEST,IMPERIAL,ADAMS,0.00,,Y,A,-,Y,IMP,11,86,-,L,8.525,I,5,S,Y,3,0,2,2,D,-,00,,,N,D,C,A,A,H,-,A,A,0,,,,,Y,Y,-,"- ",0,2,0,0,0,0,0,0,0,"- ","- ",,,IMPERIAL,"EL CENTRO",-115.56998443603516,32.796550750732422
9432078,2022,2022-05-03,1301,2022-03-28,1810,9S6,BRAWL,1,5,3,1301,0,0,0,,0,004,"OLD HWY 111","WILDCAT DR",0.00,,Y,B,-,N,,,,,,,,,,Y,4,0,2,2,A,-,03,22350,,N,C,C,A,A,H,-,A,A,0,,,,,Y,,-,,0,0,2,0,0,0,0,0,0,"- ","- ",,,IMPERIAL,BRAWLEY,-115.50691223144531,32.9638671875
9432859,2022,2022-09-12,1304,2022-08-11,2218,337,ELCE,4,5,4,1304,0,0,0,,0,EAST,"4TH ST","MAIN ST",0.00,,Y,A,-,Y,IMP,11,86,-,L,7.308,I,5,S,Y,3,0,2,2,A,-,12,21453,A,N,D,C,A,A,H,-,C,A,0,,,,,Y,Y,A,01,0,2,0,0,0,0,0,0,0,"- ","- ",,,IMPERIAL,"EL CENTRO",-115.55252075195312,32.792831420898438
9432860,2022,2022-09-07,1304,2022-07-31,1726,361,ELCE,7,5,4,1304,0,0,0,,0,WEST,"RT 86",EUCLID,0.00,,Y,A,-,Y,IMP,11,86,-,-,7.430,I,5,N,Y,3,0,4,2,D,-,00,,,N,D,C,A,A,H,-,A,A,0,,,,,Y,,-,"- ",0,4,0,0,0,0,0,0,0,"- ","- ",,,IMPERIAL,"EL CENTRO",-115.56996154785156,32.798397064208984
9432885,2022,2022-09-07,1304,2022-08-22,"335 ",358,,1,5,4,1304,0,0,0,,0,EAST,4TH,COMMERCIAL,0.00,,Y,A,-,Y,IMP,11,86,-,L,7.453,I,5,N,N,3,0,1,2,A,-,10,21950,A,F,-,B,D,A,H,-,C,A,0,Y,,,,Y,,-,99,0,1,0,0,1,0,0,0,0,"- ","- ",,,IMPERIAL,"EL CENTRO",-115.55264282226562,32.795013427734375
9435412,2022,2022-04-26,1301,2022-02-09,"838 ",919,BRAWL,3,5,3,1301,0,0,0,,0,002,"W CATTLE CALL DR","DE ANZA PL",0.00,,Y,A,-,N,,,,,,,,,,N,2,0,1,2,A,-,10,21950,A,N,G,B,B,A,H,-,A,A,0,Y,,,,Y,,D,22,1,0,0,0,1,0,0,0,0,"- ","- ",,,IMPERIAL,BRAWLEY,-115.54689788818359,32.970798492431641
9435580,2022,2022-05-11,1304,2022-04-06,2228,341,EEAST,3,5,4,1304,0,0,0,,0,EAST,"W MAIN",2ND,118.00,E,N,A,-,N,,,,,,,,,,Y,3,0,1,2,A,-,08,22107,,N,C,I,A,A,H,-,D,D,0,,,,,Y,,A,01,0,1,0,0,0,0,0,0,0,"- ","- ",,,IMPERIAL,"EL CENTRO",-115.54609680175781,32.792831420898438
9435592,2022,2022-04-22,1301,2022-03-09,1733,919,BRAWL,3,5,3,1301,0,0,0,,0,001,"A ST","1ST ST",0.00,,Y,A,-,N,,,,,,,,,,Y,4,0,1,2,A,-,12,22450,,N,D,C,A,A,H,-,A,A,0,,,,,Y,,A,01,0,0,1,0,0,0,0,0,0,"- ","- ",,,IMPERIAL,BRAWLEY,-115.56541442871094,32.9591064453125
9435593,2022,2022-04-22,1301,2022-03-15,"640 ",914,BRAWL,2,5,3,1301,0,0,0,,0,001,"1ST ST","C ST",57.00,S,N,A,-,N,,,,,,,,,,Y,4,0,1,3,A,-,21,22106,,N,B,C,A,A,H,-,A,A,0,,,,,Y,,A,01,0,0,1,0,0,0,0,0,0,"- ","- ",,,IMPERIAL,BRAWLEY,-115.56546783447266,32.958133697509766
9438114,2022,2022-06-09,1304,2022-05-05,2112,356,EEAST,4,5,4,1304,0,0,0,,0,EAST,HAMILTON,"THIRD ST",261.00,E,N,A,-,N,,,,,,,,,,N,4,0,1,3,A,-,08,22107,,N,B,C,A,A,G,-,A,D,0,,,,,Y,,A,01,0,0,1,0,0,0,0,0,0,"- ","- ",,,IMPERIAL,"EL CENTRO",-115.55039215087891,32.785770416259766
9440004,2022,2022-04-25,1301,2022-02-14,"957 ",9A2,BRAWL,1,5,3,1301,0,0,0,,0,001,"N WESTERN AV","W A ST",0.00,,Y,A,-,N,,,,,,,,,,Y,3,0,1,1,-,-,"- ",,,N,E,-,A,A,H,-,A,A,0,,,,,Y,,-,"- ",0,1,0,0,0,0,0,0,0,"- ","- ",,,IMPERIAL,BRAWLEY,-115.54364013671875,32.984153747558594
9440498,2022,2022-05-05,1304,2022-04-18,1818,363,EPTRL,1,5,4,1304,0,0,0,,0,EAST,DODWOOD,"RT 8",0.00,,Y,A,-,N,,,,,,,,,,Y,3,0,1,2,A,-,09,21804,A,N,H,-,A,B,H,-,A,A,0,,,,,Y,,A,01,0,1,0,0,0,0,0,0,0,"- ","- ",32.772731781005859,-115.535400390625,IMPERIAL,"EL CENTRO",,
9441725,2022,2022-06-15,1304,2022-04-29,1334,340,E1,5,5,4,1304,0,0,0,,0,EAST,4TH,PARK,0.00,,Y,A,-,Y,IMP,11,86,-,L,7.510,H,-,S,N,3,0,1,2,A,-,08,22107,,N,B,C,A,A,H,-,A,D,0,,,,,Y,,I,11,0,1,0,0,0,0,0,0,0,"- ","- ",32.795600891113281,-115.5531005859375,IMPERIAL,"EL CENTRO",-115.55312347412109,32.795753479003906
9443497,2022,2022-05-12,1304,2022-04-17,1848,363,EPTRL,7,5,4,1304,0,0,0,,0,WEST,CRUICKSHANK,COTTONWOOD,0.00,,-,A,-,N,,,,,,,,,,Y,3,0,1,1,A,-,07,21658,A,N,E,J,A,A,H,-,A,D,0,,,,,Y,,A,01,0,1,0,0,0,0,0,0,0,"- ","- ",32.814891815185547,-115.57095336914062,IMPERIAL,"EL CENTRO",-115.57084655761719,32.814712524414062
9443499,2022,2022-05-12,1304,2022-04-22,1647,335,E1,5,5,4,1304,0,0,0,,0,WEST,IMPERIAL,BROADWAY,0.00,,Y,A,-,N,,,,,,,,,,Y,3,0,1,2,A,-,09,21802,A,N,D,C,A,A,H,-,A,A,0,,,,,Y,,A,01,0,1,0,0,0,0,0,0,0,"- ","- ",,,IMPERIAL,"EL CENTRO",-115.56991577148438,32.793804168701172
9443541,2022,2022-05-11,1304,2022-04-24,1320,340,E1,7,5,4,1304,0,0,0,,0,WEST,CRUICKSHANK,IMPERIAL,86.00,E,N,A,-,N,,,,,,,,,,N,3,0,2,2,A,-,03,22350,,N,C,C,A,A,H,-,A,A,0,,,,,Y,,A,01,0,2,0,0,0,0,0,0,0,"- ","- ",,,IMPERIAL,"EL CENTRO",-115.5697021484375,32.814712524414062
9444757,2022,2022-05-23,1304,2022-05-07,1355,368,E1,6,5,4,1304,0,0,0,,0,WEST,ROSS,MCCULLOM,0.00,,Y,A,-,N,,,,,,,,,,Y,2,0,2,1,A,-,03,22350,,N,H,I,A,A,H,-,A,A,0,,,,,Y,,-,,1,1,0,0,0,0,0,0,0,"- ","- ",,,IMPERIAL,"EL CENTRO",-115.53748321533203,32.781490325927734
9445344,2022,2022-06-08,1301,2022-04-19,1601,912,BRAWL,2,5,3,1301,0,0,0,,0,001,"RT 111","SHANK RD",0.00,,Y,A,G,Y,IMP,11,111,-,-,23.538,I,5,S,Y,4,0,1,2,A,-,04,21703,,N,C,C,A,A,H,-,A,A,0,,,,,Y,Y,A,01,0,0,1,0,0,0,0,0,0,"- ","- ",,,IMPERIAL,BRAWLEY,-115.52642059326172,32.998832702636719
9446854,2022,2022-06-16,1304,2022-05-29,1748,358/,,7,5,4,1304,0,0,0,,0,WEST,"FARMER DR",18TH,228.00,E,N,A,-,N,,,,,,,,,,Y,2,0,2,2,A,-,08,22107,,N,C,E,A,A,H,-,A,D,0,,,Y,,Y,,C,06,1,1,0,0,0,0,0,0,1,"- ","- ",,,IMPERIAL,"EL CENTRO",-115.57292938232422,32.771480560302734
9447628,2022,2022-11-21,1304,2022-09-17,1959,325,EPTRL,6,5,4,1304,0,0,0,,0,EAST,"S 4TH ST","DESERT GARDENS DR",0.00,,N,A,-,N,,,,,,,,,,Y,4,0,1,2,A,-,03,22350,,F,G,-,D,A,H,-,C,D,0,Y,,,,Y,Y,-,,0,0,1,0,1,0,0,0,0,"- ","- ",32.779949188232422,-115.55239868164062,IMPERIAL,"EL CENTRO",-115.55239868164062,32.780960083007812
9448534,2022,2022-09-28,1301,2022-04-16,"231 ",904,BRAWL,6,5,3,1301,0,0,0,,0,003,"RT 111","RT 78",0.00,,N,A,-,Y,IMP,11,78,-,R,14.610,H,-,W,Y,2,0,1,1,A,-,08,22107,,N,F,A,A,A,H,-,D,D,0,,,,,Y,,-,"- ",1,0,0,0,0,0,0,0,0,"- ","- ",32.991519927978516,-115.50198364257812,IMPERIAL,BRAWLEY,-115.50181579589844,32.992340087890625
9454565,2022,2022-07-06,1301,2022-04-27,"844 ",912,BRAWL,3,5,3,1301,0,0,0,,0,003,MAIN,"BEST RD",185.00,W,N,A,-,N,,,,,,,,,,,3,0,1,2,A,-,05,21651,A,N,D,C,A,A,H,-,A,D,0,,,,,Y,,A,01,0,1,0,0,0,0,0,0,0,"- ","- ",,,IMPERIAL,BRAWLEY,-115.50991058349609,32.978641510009766
9455643,2022,2022-06-28,1301,2022-06-09,"124 ",914,BRAWL,4,5,3,1301,0,0,0,,0,003,"BEST RD","JONES ST",0.00,,Y,A,-,N,,,,,,,,,,Y,2,0,3,1,A,-,03,22350,,N,E,I,A,A,H,-,C,A,0,,,,,Y,,A,01,3,0,0,0,0,0,0,0,0,"- ","- ",,,IMPERIAL,BRAWLEY,-115.50925445556641,32.98895263671875
9459856,2022,2022-06-21,1304,2022-05-30,2010,327,,1,5,4,1304,0,0,0,,0,WEST,AURORA,5TH,18.00,W,N,A,-,N,,,,,,,,,,Y,3,0,1,2,A,-,09,21802,A,N,D,C,A,A,H,-,C,A,0,,,,,Y,Y,A,01,0,1,0,0,0,0,0,0,0,"- ","- ",,,IMPERIAL,"EL CENTRO",-115.55467987060547,32.778450012207031
9459862,2022,2022-06-27,1304,2022-06-07,1257,358,,2,5,4,1304,0,0,0,,0,WEST,8TH,PICO,0.00,,Y,A,-,N,,,,,,,,,,Y,3,0,1,2,A,-,09,21802,A,N,D,C,A,A,H,-,A,A,0,,,,,Y,,A,01,0,1,0,0,0,0,0,0,0,"- ","- ",,,IMPERIAL,"EL CENTRO",-115.56140899658203,32.805629730224609
9462960,2022,2022-08-12,1304,2022-07-11,2058,345,,1,5,4,1304,0,0,0,,0,EAST,"4TH ST 1461","DESERT GARDENS DR",0.00,S,N,A,-,Y,IMP,11,86,-,-,6.470,H,-,S,N,3,0,1,2,A,-,11,21954,A,N,A,B,D,A,H,-,C,D,0,Y,,,,Y,,N,60,0,1,0,0,1,0,0,0,0,"- ","- ",32.780559539794922,-115.55248260498047,IMPERIAL,"EL CENTRO",-115.55242156982422,32.780536651611328
9464384,2022,2022-09-06,1304,2022-07-03,"709 ",368,E1,7,5,4,1304,0,0,0,,0,WEST,ADAMS,LOTUS,86.00,E,N,A,-,N,,,,,,,,,,Y,1,1,0,1,A,-,01,23152,G,N,F,I,A,A,H,-,A,D,0,,,,,Y,Y,-,,0,0,0,0,0,0,0,0,0,"- ","- ",,,IMPERIAL,"EL CENTRO",-115.58446502685547,32.796550750732422
9464628,2022,2022-07-28,1301,2022-04-27,2210,910,,3,5,3,1301,0,0,0,,0,0B1,"MAIN ST","1ST ST",86.00,E,N,A,-,N,,,,,,,,,,Y,3,0,1,2,A,-,08,22107,,N,C,C,A,-,H,-,C,A,0,,,Y,,Y,,C,03,0,1,0,0,0,0,0,0,1,"- ","- ",,,IMPERIAL,BRAWLEY,-115.54163360595703,32.978630065917969
9464776,2022,2022-12-01,1304,2022-10-28,1254,342,EPTRL,5,5,4,1304,0,0,0,,0,WEST,"LA BRUCHERIE",OCOTILLO,0.00,,Y,A,-,N,,,,,,,,,,Y,3,0,2,2,A,-,12,21453,A,N,D,C,A,A,H,-,A,A,0,,,,,Y,,A,01,0,2,0,0,0,0,0,0,0,"- ","- ",32.777351379394531,-115.57837677001953,IMPERIAL,"EL CENTRO",-115.57837677001953,32.777378082275391
9464779,2022,2022-12-01,1304,2022-10-09,"950 ",363,EPTRL,7,5,4,1304,0,0,0,,0,WEST,BROADWAY,11TH,14.00,E,N,A,-,N,,,,,,,,,,Y,3,0,1,1,A,-,05,21650,,N,E,I,A,A,H,-,A,D,0,,,,,Y,,A,07,0,1,0,0,0,0,0,0,0,"- ","- ",32.793930053710938,-115.56436920166016,IMPERIAL,"EL CENTRO",-115.56440734863281,32.793842315673828
9467868,2022,2022-12-30,1304,2022-11-14,1901,337,ELCE,1,5,4,1304,0,0,0,,0,EAST,7TH,OLIVE,0.00,,Y,A,-,N,,,,,,,,,,N,4,0,1,2,A,-,21,22106,,N,D,C,A,A,H,-,C,A,0,,,,,Y,Y,J,48,0,0,1,0,0,0,0,0,0,"- ","- ",32.790878295898438,-115.55912780761719,IMPERIAL,"EL CENTRO",-115.55912017822266,32.790752410888672
9467952,2022,2023-01-13,1304,2022-11-28,1659,368,E1,1,5,4,1304,0,0,0,,0,WEST,"RT 86",8TH,0.00,,Y,A,-,Y,IMP,11,86,-,L,8.028,I,5,S,Y,3,0,2,3,A,-,12,21453,A,F,-,C,A,A,H,-,C,A,0,,,,,Y,Y,-,,0,2,0,0,0,0,0,0,0,"- ","- ",,,IMPERIAL,"EL CENTRO",-115.56153869628906,32.796554565429688
9467956,2022,2023-01-13,1304,2022-11-23,1111,368,E1,3,5,4,1304,0,0,0,,0,WEST,"RT 86",PICO,575.00,S,N,A,-,Y,IMP,11,86,-,-,7.830,H,-,N,Y,3,0,2,3,A,-,03,22350,,N,C,C,A,A,H,-,A,A,0,,,,,Y,,A,01,0,2,0,0,0,0,0,0,0,"- ","- ",,,IMPERIAL,"EL CENTRO",-115.56987762451172,32.804008483886719
9468010,2022,2023-01-13,1304,2022-12-04,1713,361,ELCE,7,5,4,1304,0,0,0,,0,EAST,DOGWOOD,"RT 8",0.00,,Y,A,-,Y,IMP,11,8,-,R,39.136,R,4,E,Y,3,0,3,2,A,-,12,21453,A,N,D,C,A,A,A,H,C,-,0,,,,,Y,,A,01,0,3,0,0,0,0,0,0,0,"- ",EO,32.772869110107422,-115.35352325439453,IMPERIAL,"EL CENTRO",-115.53232574462891,32.773689270019531
9468014,2022,2023-01-04,1304,2022-12-01,"515 ",346,EAST,4,5,4,1304,0,0,0,,0,EAST,"MAIN ST","2ND ST",0.00,,Y,A,-,N,,,,,,,,,,Y,3,0,1,2,A,-,09,21802,A,N,D,C,A,A,H,-,C,A,0,,,,,Y,,A,01,0,1,0,0,0,0,0,0,0,"- ","- ",32.792808532714844,-115.54653930664062,IMPERIAL,"EL CENTRO",-115.54647827148438,32.792831420898438
9473301,2022,2022-08-11,1304,2022-07-06,1946,341,EEAST,3,5,4,1304,0,0,0,,0,EAST,6TH,MAIN,0.00,,Y,A,-,N,,,,,,,,,,N,4,0,1,2,A,-,09,21802,A,N,D,C,A,A,H,-,A,D,0,,,,,Y,,A,01,0,0,1,0,0,0,0,0,0,"- ","- ",32.792819976806641,-115.55695343017578,IMPERIAL,"EL CENTRO",-115.55696105957031,32.792823791503906
9480098,2022,2022-08-10,1304,2022-06-25,"230 ",E4302,EPTRL,6,5,4,1304,0,0,0,,0,WEST,"IMPERIAL AV","PEPPER ST",26.00,W,N,A,-,N,,,,,,,,,,Y,3,0,2,2,A,-,09,21801,A,N,D,C,A,A,H,-,C,A,0,,,,,Y,Y,A,01,0,2,0,0,0,0,0,0,0,"- ","- ",,,IMPERIAL,"EL CENTRO",-115.56957244873047,32.779411315917969
9482361,2022,2022-08-18,1301,2022-07-10,1145,9A10,BRAWL,7,5,3,1301,0,0,0,,0,002,"1ST ST","J ST",0.00,,Y,A,-,N,,,,,,,,,,Y,4,0,1,3,A,-,03,22350,,N,A,C,A,A,H,-,A,A,0,,,,,Y,,A,01,0,0,1,0,0,0,0,0,0,"- ","- ",,,IMPERIAL,BRAWLEY,-115.54164123535156,32.974208831787109
9484263,2022,2022-07-25,1301,2022-05-06,1948,410,BRAWL,5,5,3,1301,0,0,0,,0,0B4,"MAIN ST","SEABOLT WY",0.00,,Y,A,-,N,,,,,,,,,,N,4,0,1,2,A,-,09,21801,A,N,D,C,A,A,H,-,C,D,0,,,Y,,Y,,A,07,0,0,1,0,0,0,0,0,0,"- ","- ",,,IMPERIAL,BRAWLEY,-115.50439453125,32.978618621826172
9484489,2022,2022-08-29,1301,2022-08-01,1716,907,BRAWL,1,5,3,1301,0,0,0,,0,0B1,IMPERIAL,A,0.00,,Y,A,-,N,,,,,,,,,,Y,4,0,1,2,A,-,12,22450,,N,D,C,A,A,H,-,A,A,0,,,,,Y,,A,01,0,0,1,0,0,0,0,0,0,"- ","- ",32.984161376953125,-115.53495788574219,IMPERIAL,BRAWLEY,-115.53497314453125,32.984161376953125
9484890,2022,2022-08-29,1304,2022-08-05,"401 ",335,E1,5,5,4,1304,0,0,0,,0,EAST,"N 8TH",BROADWAY,37.00,E,N,A,-,N,,,,,,,,,,Y,4,0,1,1,A,-,01,23152,A,N,A,I,A,A,H,-,A,A,0,,,,,Y,Y,A,01,0,0,1,0,0,0,0,0,0,"- ","- ",,,IMPERIAL,"EL CENTRO",-115.56144714355469,32.793758392333984
9484891,2022,2022-08-29,1304,2022-08-16,"849 ",368,E1,2,5,4,1304,0,0,0,,0,EAST,HOPE,HOLT,0.00,,Y,A,-,N,,,,,,,,,,Y,3,0,1,2,A,-,12,22450,A,N,D,C,A,A,H,-,A,A,0,,,,,Y,,A,01,0,1,0,0,0,0,0,0,0,"- ","- ",,,IMPERIAL,"EL CENTRO",-115.53971099853516,32.787738800048828
9484892,2022,2022-09-30,1304,2022-08-09,1544,368,E1,2,5,4,1304,0,0,0,,0,WEST,"MAIN ST","S 12TH STREET",0.00,,N,A,-,N,,,,,,,,,,N,4,0,1,2,A,-,09,21804,A,N,G,B,F,A,H,-,A,A,0,Y,,,,Y,,A,01,0,0,1,0,1,0,0,0,0,"- ","- ",,,IMPERIAL,"EL CENTRO",-115.56553649902344,32.792831420898438
9485851,2022,2022-09-07,1304,2022-08-29,1049,363,EPTRL,1,5,4,1304,0,0,0,,0,EAST,DOGWOOD,MAIN,107.00,N,N,A,-,N,,,,,,,,,,Y,3,0,1,2,A,-,09,21804,A,N,B,C,A,A,H,-,A,D,0,,,,,Y,Y,-,,0,1,0,0,0,0,0,0,0,"- ","- ",32.793540954589844,-115.53569030761719,IMPERIAL,"EL CENTRO",-115.53565216064453,32.792819976806641
9487238,2022,2022-09-28,1304,2022-09-01,1321,341,EEAS,4,5,4,1304,0,0,0,,0,EAST,"N 6TH","N 6TH 300",0.00,,-,A,-,N,,,,,,,,,,N,4,0,1,2,A,-,08,22103,,N,D,C,A,A,H,-,A,D,0,,,,,Y,,A,01,0,0,1,0,0,0,0,0,0,"- ","- ",32.795299530029297,-115.5570068359375,IMPERIAL,"EL CENTRO",-115.55696105957031,32.792823791503906
9487239,2022,2022-09-28,1304,2022-09-02,"757 ",368,E1,5,5,4,1304,0,0,0,,0,WEST,"LA BRUCHERIE",EUCLID,0.00,,Y,A,-,N,,,,,,,,,,Y,3,0,1,2,A,-,09,21802,A,N,-,C,A,A,H,-,A,A,0,,,,,Y,,A,01,0,1,0,0,0,0,0,0,0,"- ","- ",,,IMPERIAL,"EL CENTRO",-115.57868194580078,32.798374176025391
9488038,2022,2022-08-17,1304,2022-07-22,1555,365,ELCE,5,5,4,1304,0,0,0,,0,WEST,"IMPERIAL AV","ADAMS AV",200.00,S,N,A,-,N,,,,,,,,,,N,3,0,1,2,A,-,05,21650,1,N,D,G,A,A,H,-,A,D,0,,Y,,,Y,,L,04,0,1,0,0,0,0,1,0,0,"- ","- ",,,IMPERIAL,"EL CENTRO",-115.56996917724609,32.795932769775391
9496090,2022,2022-09-23,1304,2022-08-02,1825,E4276,,2,5,4,1304,0,0,0,,0,,AURORA,5TH,0.00,,Y,A,-,N,,,,,,,,,,Y,4,0,2,2,A,-,09,21804,A,N,B,C,A,A,H,-,A,A,0,,,,,Y,Y,-,,0,0,2,0,0,0,0,0,0,"- ","- ",,,IMPERIAL,"EL CENTRO",-115.55461883544922,32.778450012207031
9496905,2022,2022-09-06,1304,2022-08-06,"215 ",326,EWES,6,5,4,1304,0,0,0,,0,,OCOTILLO,WATERMAN,0.00,,Y,A,-,N,,,,,,,,,,Y,3,0,1,1,A,-,01,23152,B,N,A,I,A,A,-,-,C,A,0,,,,,Y,Y,A,01,0,1,0,0,0,0,0,0,0,"- ","- ",,,IMPERIAL,"EL CENTRO",-115.57382965087891,32.777370452880859
9498686,2022,2022-10-24,1304,2022-08-12,2315,357,EEAST,5,5,4,1304,0,0,0,,0,,4TH,ROSS,0.00,,Y,A,-,N,,,,,,,,,,N,2,0,1,2,A,-,10,21950,A,N,G,B,D,A,H,-,C,A,0,Y,,,,Y,Y,-,,1,0,0,0,1,0,0,0,0,"- ","- ",,,IMPERIAL,"EL CENTRO",-115.55242919921875,32.781448364257812
9499209,2022,2022-10-25,1304,2022-10-06,1203,322,ELCE,4,5,4,1304,0,0,0,,0,ECSC,"BRADSHAW AV","COTTONWOOD DR",0.00,,N,A,-,N,,,,,,,,,,N,3,0,1,2,A,-,09,21804,A,N,D,C,A,A,H,-,A,D,0,,,,,Y,,A,01,0,1,0,0,0,0,0,0,0,"- ","- ",32.811130523681641,-115.57215118408203,IMPERIAL,"EL CENTRO",,
9499210,2022,2022-10-21,1304,2022-10-04,1440,358,,2,5,4,1304,0,0,0,,0,WEST,PICO,IMPERIAL,500.00,E,N,A,-,N,,,,,,,,,,Y,4,0,1,2,A,-,09,21804,A,N,D,C,A,A,H,-,A,D,0,,,,,Y,,A,08,0,0,1,0,0,0,0,0,0,"- ","- ",,,IMPERIAL,"EL CENTRO",-115.56996154785156,32.805629730224609
9500326,2022,2022-10-06,1304,2022-08-24,"218 ",358,,3,5,4,1304,0,0,0,,0,EAST,3RD,BROADWAY,72.00,S,N,A,-,N,,,,,,,,,,Y,3,0,2,1,A,-,01,23152,A,N,E,I,A,A,H,-,C,D,0,,,,,Y,Y,A,01,0,2,0,0,0,0,0,0,0,"- ","- ",,,IMPERIAL,"EL CENTRO",-115.54879760742188,32.793674468994141
9503507,2022,2022-11-02,1304,2022-09-13,1230,338,EEAST,2,5,4,1304,0,0,0,,0,EAST,"4TH  ST","SMOKETREE DR",0.00,,N,A,-,Y,IMP,11,86,-,-,6.040,H,-,N,N,4,0,1,2,A,-,11,21954,A,N,G,B,D,A,H,-,A,D,0,Y,,,Y,Y,,N,60,0,0,1,0,1,0,0,0,0,"- ","- ",32.774330139160156,-115.55213165283203,IMPERIAL,"EL CENTRO",-115.55224609375,32.774276733398438
9503826,2022,2022-10-03,1301,2022-08-04,"547 ",942,BRAWL,4,5,3,1301,0,0,0,,0,001,"A ST","N 2ND ST",0.00,,Y,A,-,N,,,,,,,,,,Y,3,0,2,3,A,-,08,22107,,N,C,C,A,A,H,-,A,D,0,,,,,Y,,A,07,0,1,1,0,0,0,0,0,0,"- ","- ",,,IMPERIAL,BRAWLEY,-115.5394287109375,32.984153747558594
9503988,2022,2022-10-04,1304,2022-09-07,"900 ",E0029,ECSO,3,5,4,1304,0,0,0,,0,00W,"LA BRUCHERIE",ORANGE,0.00,,Y,B,-,N,,,,,,,,,,N,4,0,1,2,A,-,10,21950,A,N,G,B,B,A,H,-,A,A,0,Y,,,,Y,,-,,0,0,1,0,1,0,0,0,0,"- ","- ",,,IMPERIAL,"EL CENTRO",-115.57858276367188,32.788772583007812
9504008,2021,2022-09-30,1304,2021-12-05,0207,358,,7,5,4,1304,0,0,0,,0,EAST,"DOGWOOD RD","MCCABE RD",1457.00,N,N,A,-,N,,,,,,,,,,N,1,1,1,2,A,-,11,21954,A,N,-,B,E,A,H,-,D,A,0,Y,,,,Y,Y,N,60,0,1,0,1,0,0,0,0,0,"- ","- ",,,IMPERIAL,"EL CENTRO",-115.53482818603516,32.75634765625
9509124,2022,2022-12-15,1304,2022-11-15,1925,368,E1,2,5,4,1304,0,0,0,,0,WEST,8TH,STATE,0.00,,Y,A,-,N,,,,,,,,,,Y,3,0,1,2,A,-,09,21453,C,N,A,C,A,A,H,-,C,A,0,,,,,Y,,-,,0,1,0,0,0,0,0,0,0,"- ","- ",,,IMPERIAL,"EL CENTRO",-115.56142425537109,32.791786193847656