CASE_ID,ACCIDENT_YEAR,PROC_DATE,JURIS,COLLISION_DATE,COLLISION_TIME,OFFICER_ID,REPORTING_DISTRICT,DAY_OF_WEEK,CHP_SHIFT,POPULATION,CNTY_CITY_LOC,SPECIAL_COND,BEAT_TYPE,CHP_BEAT_TYPE,CITY_DIVISION_LAPD,CHP_BEAT_CLASS,BEAT_NUMBER,PRIMARY_RD,SECONDARY_RD,DISTANCE,DIRECTION,INTERSECTION,WEATHER_1,WEATHER_2,STATE_HWY_IND,CALTRANS_COUNTY,CALTRANS_DISTRICT,STATE_ROUTE,ROUTE_SUFFIX,POSTMILE_PREFIX,POSTMILE,LOCATION_TYPE,RAMP_INTERSECTION,SIDE_OF_HWY,TOW_AWAY,COLLISION_SEVERITY,NUMBER_KILLED,NUMBER_INJURED,PARTY_COUNT,PRIMARY_COLL_FACTOR,PCF_CODE_OF_VIOL,PCF_VIOL_CATEGORY,PCF_VIOLATION,PCF_VIOL_SUBSECTION,HIT_AND_RUN,TYPE_OF_COLLISION,MVIW,PED_ACTION,ROAD_SURFACE,ROAD_COND_1,ROAD_COND_2,LIGHTING,CONTROL_DEVICE,CHP_ROAD_TYPE,PEDESTRIAN_ACCIDENT,BICYCLE_ACCIDENT,MOTORCYCLE_ACCIDENT,TRUCK_ACCIDENT,NOT_PRIVATE_PROPERTY,ALCOHOL_INVOLVED,STWD_VEHTYPE_AT_FAULT,CHP_VEHTYPE_AT_FAULT,COUNT_SEVERE_INJ,COUNT_VISIBLE_INJ,COUNT_COMPLAINT_PAIN,COUNT_PED_KILLED,COUNT_PED_INJURED,COUNT_BICYCLIST_KILLED,COUNT_BICYCLIST_INJURED,COUNT_MC_KILLED,COUNT_MC_INJURED,PRIMARY_RAMP,SECONDARY_RAMP,LATITUDE,LONGITUDE,COUNTY,CITY,POINT_X,POINT_Y
9509161,2022,2022-12-12,1304,2022-10-07,2234,345,,5,5,4,1304,0,0,0,,0,EAST,AURORA,"8TH ST",0.00,S,N,A,-,N,,,,,,,,,,Y,3,0,1,3,A,-,09,21801,A,N,D,E,A,A,H,-,C,D,0,,,,,Y,,A,01,0,1,0,0,0,0,0,0,0,"- ","- ",32.77838134765625,-115.55960845947266,IMPERIAL,"EL CENTRO",-115.56118011474609,32.778423309326172
9513762,2022,2022-12-05,1304,2022-10-18,1434,358,,2,5,4,1304,0,0,0,,0,EAST,"4TH ST","HAMILTON AV",178.00,N,N,A,-,Y,IMP,11,86,-,-,6.880,H,-,S,Y,3,0,1,3,A,-,08,22107,,N,C,C,A,A,H,-,A,D,0,,,,Y,Y,,A,01,0,1,0,0,0,0,0,0,0,"- ","- ",,,IMPERIAL,"EL CENTRO",-115.55253601074219,32.786628723144531
9513766,2022,2022-12-05,1304,2022-10-20,1328,358,,4,5,4,1304,0,0,0,,0,EAST,"ADAMS AV","5TH ST",178.00,E,N,A,-,Y,IMP,11,86,-,L,7.600,H,-,S,Y,3,0,1,1,A,-,07,21658,A,N,F,I,A,A,H,-,A,D,0,,,Y,,Y,,C,02,0,1,0,0,0,0,0,0,1,"- ","- ",,,IMPERIAL,"EL CENTRO",-115.5543212890625,32.79644775390625
9513770,2022,2022-12-05,1304,2022-10-15,1145,322,ELCE,6,5,4,1304,0,0,0,,0,ECSC,"4TH ST","HAMILTON AV",0.00,,Y,B,C,Y,IMP,11,86,-,-,6.825,I,5,S,N,3,0,1,2,A,-,11,21954,A,N,G,G,A,B,F,-,A,D,0,,Y,,,Y,,L,04,0,1,0,0,0,0,1,0,0,"- ","- ",32.785800933837891,-115.55259704589844,IMPERIAL,"EL CENTRO",-115.55251312255859,32.785770416259766
9513771,2022,2022-12-01,1304,2022-10-17,1658,355,ELCE,1,5,4,1304,0,0,0,,0,EAST,3RD,MAIN,0.00,,Y,A,-,N,,,,,,,,,,Y,4,0,1,2,A,-,09,21802,A,N,D,C,A,A,H,-,A,D,0,,,,,Y,,A,01,0,0,1,0,0,0,0,0,0,"- ","- ",32.792819976806641,-115.54885101318359,IMPERIAL,"EL CENTRO",-115.54879760742188,32.792842864990234
9513821,2022,2022-12-05,1304,2022-07-14,1800,366,EPTRL,4,5,4,1304,0,0,0,,0,WEST,"IMPERIAL AV","RT 8",6.00,,N,A,-,Y,IMP,11,8,-,R,37.160,R,4,W,N,3,0,2,2,D,-,00,,,N,D,C,A,A,H,-,A,A,0,,,,,Y,,-,"- ",0,1,1,0,0,0,0,0,0,"- ","- ",,,IMPERIAL,"EL CENTRO",-115.56623840332031,32.774059295654297
9515228,2022,2022-12-14,1304,2022-11-06,"123 ",360,EWEST,7,5,4,1304,0,0,0,,0,,"ADAMS AV","N 8TH ST",285.00,W,N,A,-,Y,IMP,11,86,-,L,8.090,H,-,N,N,3,0,1,2,A,-,08,22107,,N,C,E,A,A,H,-,C,A,0,,,,,Y,,A,01,0,1,0,0,0,0,0,0,0,"- ","- ",,,IMPERIAL,"EL CENTRO",-115.56259918212891,32.796550750732422
9515229,2022,2022-12-14,1304,2022-10-29,1147,366,E1,6,5,4,1304,0,0,0,,0,EAST,"RT 86",SMOKETREE,0.00,,Y,A,-,Y,IMP,11,86,-,-,6.114,I,5,S,Y,3,0,1,2,A,-,09,21801,A,N,D,C,A,A,H,-,A,A,0,,,Y,,Y,,C,02,0,1,0,0,0,0,0,0,1,"- ","- ",32.775421142578125,-115.55239868164062,IMPERIAL,"EL CENTRO",-115.55227661132812,32.775371551513672
9519916,2022,2023-02-13,1304,2022-12-20,1856,337,,2,5,4,1304,0,0,0,,0,EAST,DOGWOOD,PLAZA,0.00,,Y,A,-,N,,,,,,,,,,N,3,0,1,2,A,-,03,22350,,N,C,C,A,A,H,-,C,A,0,,,,,Y,Y,A,01,0,1,0,0,0,0,0,0,0,"- ","- ",32.769359588623047,-115.53526306152344,IMPERIAL,"EL CENTRO",,
9519920,2022,2023-02-13,1304,2022-12-23,1242,368,E1,5,5,4,1304,0,0,0,,0,WEST,IMPERIAL,CRUICKSHANK,0.00,,Y,A,-,N,,,,,,,,,,N,4,0,1,2,A,-,12,21453,A,N,-,C,A,A,H,-,A,A,0,,,,,Y,,-,,0,0,1,0,0,0,0,0,0,"- ","- ",,,IMPERIAL,"EL CENTRO",-115.56998443603516,32.814712524414062
9520865,2023,2023-09-13,1304,2023-05-17,1038,358,,3,5,4,1304,0,0,0,,0,WEST,"LA BRUCHERIE",NUFFER,1584.00,S,N,A,-,N,,,,,,,,,,Y,1,1,0,1,A,-,05,21650,,N,F,I,A,A,H,-,A,D,0,,,,,Y,,A,01,0,0,0,0,0,0,0,0,0,"- ","- ",,,IMPERIAL,"EL CENTRO",-115.57798767089844,32.762580871582031
9526372,2023,2023-02-23,1304,2023-01-27,1638,334,6,5,5,4,1304,0,0,0,,0,EAST,"SOUTH ALLEY WEST MAIN ST","S 5TH ST",0.00,,N,A,-,N,,,,,,,,,,N,3,0,1,2,A,-,05,21650,1,M,D,G,A,A,H,-,A,A,0,,Y,,,Y,Y,L,04,0,1,0,0,0,0,1,0,0,"- ","- ",32.792308807373047,-115.55464935302734,IMPERIAL,"EL CENTRO",,
9530946,2022,2023-01-26,1304,2022-11-06,1836,338,EWEST,7,5,4,1304,0,0,0,,0,WEST,"IMPERIAL AV","SCOTT AV",0.00,,N,A,-,Y,IMP,11,86,-,-,7.550,H,-,S,Y,3,0,3,3,A,-,03,22350,,N,C,C,A,A,D,-,C,A,0,,,,,Y,,A,01,0,2,1,0,0,0,0,0,0,"- ","- ",32.800090789794922,-115.56999969482422,IMPERIAL,"EL CENTRO",-115.56993865966797,32.800060272216797
9530947,2022,2022-12-20,1304,2022-11-07,1124,368,E1,1,5,4,1304,0,0,0,,0,WEST,IMPERIAL,"BARBARA WORTH",0.00,,Y,A,-,N,,,,,,,,,,Y,4,0,2,2,A,-,04,21703,,N,C,C,A,A,H,-,A,A,0,,,,,Y,,-,,0,0,2,0,0,0,0,0,0,"- ","- ",,,IMPERIAL,"EL CENTRO",-115.5699462890625,32.794631958007812
9530948,2022,2022-12-20,1304,2022-11-03,1612,358,,4,5,4,1304,0,0,0,,0,WEST,EUCLID,12TH,0.00,,Y,A,-,N,,,,,,,,,,N,3,0,1,2,A,-,09,21802,A,N,D,G,A,A,H,-,A,D,0,,Y,,,Y,Y,L,04,0,1,0,0,0,0,1,0,0,"- ","- ",,,IMPERIAL,"EL CENTRO",-115.56562805175781,32.798366546630859
9530949,2022,2022-12-20,1304,2022-11-02,1635,368,E1,3,5,4,1304,0,0,0,,0,WEST,"LA BRUCHERIE",EUCLID,0.00,,Y,A,-,N,,,,,,,,,,Y,3,0,1,2,A,-,09,21802,A,N,D,C,A,A,H,-,A,A,0,,,,,Y,,-,,0,1,0,0,0,0,0,0,0,"- ","- ",,,IMPERIAL,"EL CENTRO",-115.57868194580078,32.798374176025391
9534122,2022,2023-02-13,1301,2022-12-31,"527 ",914,BRAWL,6,5,3,1301,0,0,0,,0,001,"OLD HWY 111","RIVER DR",1315.00,N,N,E,-,N,,,,,,,,,,Y,2,0,2,2,A,-,01,23152,A,N,D,C,A,A,H,-,D,D,0,,,,,Y,Y,A,01,1,0,1,0,0,0,0,0,0,"- ","- ",,,IMPERIAL,BRAWLEY,,
9534126,2022,2023-02-07,1301,2022-12-04,1730,907,BRAWL,7,5,3,1301,0,0,0,,0,0B1,IMPERIAL,"A ST",0.00,,Y,A,-,N,,,,,,,,,,N,4,0,1,2,A,-,12,22450,,F,C,C,A,A,H,-,C,A,0,,,Y,,Y,,D,22,0,0,1,0,0,0,0,0,1,"- ","- ",32.984138488769531,-115.53494262695312,IMPERIAL,BRAWLEY,-115.53497314453125,32.984161376953125
9534131,2022,2023-03-02,1301,2022-08-06,1806,9A12,BRAWL,6,5,3,1301,0,0,0,,0,003,"MAIN ST",8TH,204.00,E,N,A,-,N,,,,,,,,,,N,3,0,1,2,A,-,08,22107,A,N,B,-,A,A,H,-,A,A,0,,Y,,,Y,Y,D,22,0,1,0,0,0,0,1,0,0,"- ","- ",,,IMPERIAL,BRAWLEY,-115.52980041503906,32.978630065917969
9534221,2023,2023-02-22,1301,2023-01-16,"852 ",9A10,BRAWL,1,5,3,1301,0,0,0,,0,002,"WESTERN AV","ALLEN ST",110.00,N,N,A,-,N,,,,,,,,,,N,2,0,1,2,A,-,21,22106,,N,G,B,E,A,H,-,A,A,0,Y,,,,Y,,A,01,1,0,0,0,1,0,0,0,0,"- ","- ",,,IMPERIAL,BRAWLEY,-115.54364013671875,32.972377777099609
9535396,2023,2023-02-16,1301,2023-01-09,1031,9A11,BRAWL,1,5,3,1301,0,0,0,,0,004,MAIN,"CESAR CHAVEZ",0.00,,N,A,-,N,,,,,,,,,,Y,2,0,2,2,A,-,08,22107,,N,B,E,A,A,H,-,A,A,0,,,,,Y,,D,22,1,1,0,0,0,0,0,0,0,"- ","- ",32.584300994873047,-115.31289672851562,IMPERIAL,BRAWLEY,-115.52639770507812,32.978626251220703
9537952,2022,2023-01-12,1304,2022-12-05,1100,368,E1,1,5,4,1304,0,0,0,,0,WEST,IMPERIAL,OCOTILLO,0.00,,Y,A,-,N,,,,,,,,,,N,3,0,1,2,A,-,05,21650,1,N,-,G,A,A,H,-,A,A,0,,Y,,,Y,,L,04,0,1,0,0,0,0,1,0,0,"- ","- ",,,IMPERIAL,"EL CENTRO",-115.56957244873047,32.777179718017578
9537953,2022,2023-01-12,1304,2022-12-04,1331,366,E1,7,5,4,1304,0,0,0,,0,WEST,ORANGE,"LA BRUCHERIE",344.00,E,N,A,-,N,,,,,,,,,,Y,3,0,1,2,A,-,08,22107,,N,A,E,A,A,H,-,A,D,0,,,,,Y,Y,A,07,0,1,0,0,0,0,0,0,0,"- ","- ",,,IMPERIAL,"EL CENTRO",-115.57746887207031,32.788761138916016
9538095,2022,2023-01-17,1304,2022-11-27,1806,E365,ELCE,7,5,4,1304,0,0,0,,0,ELCENT,"S 4TH ST","SOUTHWIND DR",0.00,,Y,A,-,N,,,,,,,,,,N,4,0,1,2,A,-,08,22107,,N,C,C,A,A,H,-,C,A,0,,,,,Y,,A,01,0,0,1,0,0,0,0,0,0,"- ","- ",,,IMPERIAL,"EL CENTRO",-115.55230712890625,32.774608612060547
9546236,2022,2023-02-17,1304,2022-11-16,1829,368,E1,3,5,4,1304,0,0,0,,0,WEST,IMPERIAL,EUCLID,0.00,,Y,A,-,Y,IMP,11,86,-,-,7.470,H,-,N,Y,2,0,1,2,A,-,11,21954,A,N,G,B,D,A,H,-,C,D,0,Y,,,,Y,Y,N,60,1,0,0,0,1,0,0,0,0,"- ","- ",,,IMPERIAL,"EL CENTRO",-115.56996154785156,32.799007415771484
9546269,2022,2023-02-17,1304,2022-12-29,1611,358,,4,5,4,1304,0,0,0,,0,WEST,IMPERIAL,LINCOLN,0.00,,Y,A,-,Y,IMP,11,86,-,-,8.040,H,-,S,N,3,0,1,2,A,-,09,21804,A,N,B,C,A,A,H,-,A,A,0,,,Y,,Y,,A,01,0,1,0,0,0,0,0,0,1,"- ","- ",,,IMPERIAL,"EL CENTRO",-115.56990051269531,32.807254791259766
9546273,2022,2023-02-17,1304,2022-12-16,"759 ",358,,5,5,4,1304,0,0,0,,0,EAST,4TH,SOUTHWIND,37.00,S,N,A,-,Y,IMP,11,86,-,-,6.040,H,-,N,Y,3,0,1,2,A,-,05,21650,,N,D,C,A,A,H,-,A,D,0,,,,,Y,,A,01,0,1,0,0,0,0,0,0,0,"- ","- ",,,IMPERIAL,"EL CENTRO",-115.55224609375,32.774276733398438
9546277,2022,2023-02-17,1304,2022-12-31,1915,357,,6,5,4,1304,0,0,0,,0,EWEST,"IMPERIAL AV","CRUICKSHANK DR",0.00,,Y,A,-,Y,IMP,11,86,-,-,8.552,I,5,N,N,4,0,1,2,A,-,12,21453,A,N,A,B,B,A,H,-,C,A,0,Y,,,,Y,,A,01,0,0,1,0,1,0,0,0,0,"- ","- ",,,IMPERIAL,"EL CENTRO",-115.56992340087891,32.814826965332031
9547257,2022,2023-02-23,1301,2022-12-25,1740,907,BRAWL,7,5,3,1301,0,0,0,,0,0B2,"1ST ST","J ST",0.00,,Y,A,-,N,,,,,,,,,,Y,3,0,3,2,A,-,01,23153,,N,D,C,A,A,H,-,C,A,0,,,,,Y,Y,A,01,0,1,2,0,0,0,0,0,0,"- ","- ",32.974178314208984,-115.54157257080078,IMPERIAL,BRAWLEY,-115.54164123535156,32.974208831787109
9548641,2022,2023-02-13,1304,2022-12-09,1355,368,E1,5,5,4,1304,0,0,0,,0,EAST,MAIN,1ST,0.00,,Y,A,-,N,,,,,,,,,,Y,3,0,3,2,A,-,09,21802,A,N,D,C,A,A,H,-,A,A,0,,,,,Y,,-,,0,2,1,0,0,0,0,0,0,"- ","- ",,,IMPERIAL,"EL CENTRO",-115.54415893554688,32.792831420898438
9548642,2022,2023-02-13,1304,2022-12-24,1452,341,EEAS,6,5,4,1304,0,0,0,,0,EAST,"E ROSS","INDUSTRY WY",0.00,,N,A,-,N,,,,,,,,,,N,3,0,1,1,A,-,08,22107,,N,E,I,A,A,H,-,A,D,0,,,,,Y,,A,01,0,1,0,0,0,0,0,0,0,"- ","- ",,,IMPERIAL,"EL CENTRO",-115.52776336669922,32.781501770019531
9551015,2023,2023-03-07,1301,2023-01-01,1401,907,BRAWL,7,5,3,1301,0,0,0,,0,0B4,"DOGWOOD RD","MEAD RD",680.00,S,N,A,-,N,,,,,,,,,,Y,4,0,2,2,A,-,08,22107,,N,D,C,A,A,H,-,A,A,0,,,,,Y,,A,01,0,0,2,0,0,0,0,0,0,"- ","- ",32.95452880859375,-115.53549194335938,IMPERIAL,BRAWLEY,-115.53550720214844,32.954498291015625
9555011,2023,2023-03-20,1301,2023-02-12,"458 ",914,BRAWL,7,5,3,1301,0,0,0,,0,004,"MAIN ST","CESAR CHAVEZ AV",158.00,E,N,A,-,N,,,,,,,,,,Y,4,0,1,2,A,-,01,23152,A,N,C,E,A,A,H,-,C,A,0,,,,,Y,Y,A,01,0,0,1,0,0,0,0,0,0,"- ","- ",,,IMPERIAL,BRAWLEY,-115.52588653564453,32.978630065917969
9555228,2023,2023-04-24,1304,2023-03-04,1628,366,E1,6,5,4,1304,0,0,0,,0,EAST,"RT 86",BROADWAY,0.00,,Y,A,-,Y,IMP,11,86,-,L,7.360,H,-,N,Y,4,0,1,2,A,-,03,22350,,N,A,D,A,A,-,-,A,D,0,,,,,Y,,A,01,0,0,1,0,0,0,0,0,0,"- ","- ",32.793571472167969,-115.55243682861328,IMPERIAL,"EL CENTRO",-115.55252838134766,32.793590545654297
9555236,2023,2023-04-24,1304,2023-03-07,1711,358,,2,5,4,1304,0,0,0,,0,WEST,IMPERIAL,CRUICKSHANK,0.00,,Y,A,-,Y,IMP,11,86,-,-,8.552,I,5,N,Y,3,0,3,3,A,-,12,21453,A,N,D,C,A,A,H,-,A,A,0,,,,,Y,,A,01,0,2,1,0,0,0,0,0,0,"- ","- ",,,IMPERIAL,"EL CENTRO",-115.56992340087891,32.814826965332031
9559121,2023,2023-03-17,1304,2023-02-14,1421,361,ELCE,2,5,4,1304,0,0,0,,0,WEST,"LA BRUCHERIE",EUCLID,0.00,,Y,B,-,N,,,,,,,,,,Y,4,0,1,2,A,-,09,21802,A,N,D,C,A,A,H,-,A,A,0,,,,,Y,,A,07,0,0,1,0,0,0,0,0,0,"- ","- ",,,IMPERIAL,"EL CENTRO",-115.57868194580078,32.798374176025391
9559123,2023,2023-03-17,1304,2023-02-05,1056,366,E1,7,5,4,1304,0,0,0,,0,WEST,"19TH ST","VILLA AV",0.00,,N,A,-,N,,,,,,,,,,Y,2,0,1,2,A,-,08,22107,,N,C,E,A,A,H,-,A,D,0,,,,,Y,Y,A,01,1,0,0,0,0,0,0,0,0,"- ","- ",32.802150726318359,-115.57779693603516,IMPERIAL,"EL CENTRO",-115.57778167724609,32.80364990234375
9559915,2022,2023-03-20,1301,2022-12-21,1757,9A4,,3,5,3,1301,0,0,0,,0,0B2,"S IMPERIAL AV","K ST",57.00,S,N,A,-,N,,,,,,,,,,Y,3,0,1,2,A,-,21,22106,,N,D,C,A,A,H,-,C,D,0,,,,,Y,,A,01,0,1,0,0,0,0,0,0,0,"- ","- ",,,IMPERIAL,BRAWLEY,-115.53497314453125,32.972934722900391
9568572,2023,2023-05-16,1304,2023-04-23,"826 ",358,,7,5,4,1304,0,0,0,,0,EAST,ADAMS,8TH,0.00,,Y,A,-,Y,IMP,11,86,-,L,8.028,I,5,S,Y,3,0,2,2,A,-,12,21453,A,N,A,C,A,A,H,-,A,A,0,,,,,Y,,A,07,0,1,1,0,0,0,0,0,0,"- ","- ",,,IMPERIAL,"EL CENTRO",-115.56153869628906,32.796554565429688
9568971,2022,2023-06-16,1304,2022-12-09,1658,E0030,EAST,5,5,4,1304,0,0,0,,0,EAST,"ROSS AV","4TH ST",0.00,,Y,A,-,Y,IMP,11,86,-,L,6.534,I,6,N,N,3,0,1,2,A,-,10,21950,A,N,G,G,A,A,H,-,C,A,0,,Y,,,Y,,A,01,0,1,0,0,0,0,1,0,0,"- ","- ",,,IMPERIAL,"EL CENTRO",-115.55242156982422,32.781455993652344
9569024,2023,2023-06-16,1304,2023-05-17,"931 ",391,EPTRL,3,5,4,1304,0,0,0,,0,WEST,"N IMPERIAL",PICO,23.80,N,N,A,-,Y,IMP,11,86,-,-,7.930,I,5,N,Y,3,0,1,2,A,-,09,21453,C,N,D,C,A,A,H,-,A,A,0,,,,,Y,,A,01,0,1,0,0,0,0,0,0,0,"- ","- ",,,IMPERIAL,"EL CENTRO",-115.56989288330078,32.805610656738281
9569271,2023,2023-07-11,1304,2023-04-14,2142,349,1E,5,5,4,1304,0,0,0,,0,EAST,"E EVAN HEWES HWY","E EVAN HEWES HWY 1200",0.00,,-,A,-,N,,,,,,,,,,N,2,0,1,2,A,-,10,21950,,N,B,B,E,A,H,-,D,D,0,Y,,,,Y,,N,60,1,0,0,0,1,0,0,0,0,"- ","- ",32.79541015625,-115.51882171630859,IMPERIAL,"EL CENTRO",-115.51844024658203,32.795459747314453
9571282,2023,2023-04-29,1304,2023-03-13,1439,CX101,,1,5,4,1304,0,0,0,,0,WEST,"LA BRUCHERIE",ADAMS,154.00,N,N,A,-,N,,,,,,,,,,N,3,0,1,1,A,-,03,22350,,N,F,J,A,A,H,-,A,D,0,,,Y,,Y,,C,02,0,1,0,0,0,0,0,0,1,"- ","- ",,,IMPERIAL,"EL CENTRO",-115.57871246337891,32.796970367431641
9571283,2023,2023-04-29,1304,2023-03-08,1401,391,EPTRL,3,5,4,1304,0,0,0,,0,EAST,DANNENBERG,"HOTEL WY",0.00,,Y,A,-,N,,,,,,,,,,Y,3,0,1,2,D,-,00,,,N,D,C,A,A,H,-,A,A,0,,,,,Y,,-,"- ",0,1,0,0,0,0,0,0,0,"- ","- ",,,IMPERIAL,"EL CENTRO",,
9571284,2023,2023-04-29,1304,2023-03-02,1826,360,EAST,4,5,4,1304,0,0,0,,0,,"DOGWOOD RD","MAIN ST",0.00,,Y,A,-,N,,,,,,,,,,N,3,0,6,2,A,-,00,23153,F,N,C,J,A,A,H,-,C,A,0,,,,,Y,,D,22,0,6,0,0,0,0,0,0,0,"- ","- ",,,IMPERIAL,"EL CENTRO",-115.53565216064453,32.792823791503906
9571322,2023,2023-06-02,1304,2023-03-13,"700 ",361,ELCE,1,5,4,1304,0,0,0,,0,EAST,MAIN,DOGWOOD,182.00,W,N,A,-,N,,,,,,,,,,Y,4,0,2,2,A,-,09,21804,A,N,D,C,A,A,H,-,B,D,0,,,,,Y,,A,07,0,0,2,0,0,0,0,0,0,"- ","- ",,,IMPERIAL,"EL CENTRO",-115.53623962402344,32.792819976806641
9576531,2023,2023-05-22,1301,2023-04-05,1843,9A2,BRAWL,3,5,3,1301,0,0,0,,0,002,"S BRAWLEY AV","W LEGION RD",0.00,,Y,A,F,Y,IMP,11,86,-,-,19.190,I,5,N,N,4,0,1,2,A,-,05,21650,1,N,H,G,A,A,H,-,A,A,0,,Y,,,Y,,L,04,0,0,1,0,0,0,1,0,0,"- ","- ",,,IMPERIAL,BRAWLEY,-115.55059051513672,32.959941864013672
9576851,2023,2023-05-22,1301,2023-03-09,1557,9A2,BRAWL,4,5,3,1301,0,0,0,,0,004,"RT 111","RT 78",0.00,,Y,A,-,Y,IMP,11,78,-,-,15.499,I,5,E,Y,4,0,1,3,A,-,12,21453,A,N,D,C,A,A,H,-,A,A,0,,,,Y,Y,,A,07,0,0,1,0,0,0,0,0,0,"- ","- ",,,IMPERIAL,BRAWLEY,-115.5013427734375,32.978641510009766
9576870,2023,2023-05-16,1301,2023-02-21,1929,910,,2,5,3,1301,0,0,0,,0,0B4,"RT 111","WILDCAT RD",0.00,,-,A,G,Y,IMP,11,111,-,R,20.940,H,-,N,Y,3,0,6,2,A,-,09,21801,A,N,C,C,A,A,H,-,C,A,0,,,,,Y,,A,01,0,1,5,0,0,0,0,0,0,"- ","- ",32.964099884033203,-115.50695037841797,IMPERIAL,BRAWLEY,-115.50688934326172,32.964179992675781
9577278,2023,2023-05-19,1304,2023-04-01,"135 ",326,EAST,6,5,4,1304,0,0,0,,0,1304,7TH,RAILROAD,0.00,,Y,A,-,N,,,,,,,,,,Y,3,0,2,1,A,-,01,23153,A,N,A,I,A,A,H,-,D,D,0,,,,,Y,Y,A,07,0,2,0,0,0,0,0,0,0,"- ","- ",32.800071716308594,-115.55921936035156,IMPERIAL,"EL CENTRO",-122.27139282226562,38.099483489990234
9577279,2023,2023-05-19,1304,2023-04-19,1437,358,,3,5,4,1304,0,0,0,,0,WEST,8TH,OLEANDER,129.00,N,N,A,-,N,,,,,,,,,,Y,4,0,1,2,A,-,00,23153,F,F,C,C,A,A,H,-,A,D,0,,,,,Y,,A,01,0,0,1,0,0,0,0,0,0,"- ","- ",,,IMPERIAL,"EL CENTRO",-115.56146240234375,32.803581237792969
9581274,2023,2023-06-30,1301,2023-05-05,"944 ",9A10,BRAME,5,5,3,1301,0,0,0,,0,002,"MALAN ST","9TH ST",0.00,,Y,A,-,N,,,,,,,,,,Y,4,0,1,2,A,-,09,21802,A,F,-,C,A,A,H,-,A,A,0,,,,,Y,,A,07,0,0,1,0,0,0,0,0,0,"- ","- ",,,IMPERIAL,BRAWLEY,-115.53037261962891,32.970760345458984
9584377,2023,2023-05-16,1304,2023-02-15,"640 ",358,WEST,3,5,4,1304,0,0,0,,0,,12TH,CRUICKSHANK,437.00,N,N,B,-,N,,,,,,,,,,N,2,0,1,2,A,-,11,21954,A,F,G,B,E,A,H,-,C,D,0,Y,,,,Y,,N,60,1,0,0,0,1,0,0,0,0,"- ","- ",,,IMPERIAL,"EL CENTRO",-115.56564331054688,32.815944671630859
9586516,2023,2023-06-07,1304,2023-03-24,2101,364,,5,5,4,1304,0,0,0,,0,,DOGWOOD,"MCCABE RD",0.00,,N,A,-,N,,,,,,,,,,N,4,0,1,2,A,-,08,22107,,N,B,C,A,A,H,-,C,A,0,,,,,Y,,J,48,0,0,1,0,0,0,0,0,0,"- ","- ",32.760410308837891,-115.53488922119141,IMPERIAL,"EL CENTRO",-115.53492736816406,32.752368927001953
9586663,2022,2023-06-27,1304,2022-12-17,1751,E0145,ELCE,6,5,4,1304,0,0,0,,0,WEST,"N IMPERIAL","W EUCLID AV",0.00,,N,A,-,Y,IMP,11,86,-,-,7.510,H,-,S,Y,3,0,1,2,A,-,03,22350,,N,C,C,A,A,H,-,A,D,0,,,,,Y,,A,07,0,1,0,0,0,0,0,0,0,"- ","- ",32.799461364746094,-115.57006072998047,IMPERIAL,"EL CENTRO",-115.56995391845703,32.799564361572266
9587658,2023,2023-06-15,1306,2023-05-27,2130,342,,6,5,2,1306,0,0,0,,0,WEST,"IMPERIAL AV","VINE ST",0.00,,Y,A,-,N,,,,,,,,,,N,3,0,1,2,A,-,10,21950,A,F,G,G,A,A,H,-,C,D,0,,Y,,,Y,,-,99,0,1,0,0,0,0,1,0,0,"- ","- ",32.784900665283203,-115.56964874267578,IMPERIAL,IMPERIAL,-115.56976318359375,32.784904479980469
9588490,2023,2023-06-08,1304,2023-04-25,"827 ",391,EPTRL,2,5,4,1304,0,0,0,,0,WEST,VALLEYVIEW,CYPRESS,147.00,W,N,A,-,N,,,,,,,,,,Y,2,0,1,2,A,-,08,22107,,N,C,C,A,A,H,-,A,D,0,,,,,Y,,A,01,1,0,0,0,0,0,0,0,0,"- ","- ",,,IMPERIAL,"EL CENTRO",-115.56526184082031,32.759723663330078
9590564,2023,2023-06-12,1304,2023-02-28,2230,349,1E,2,5,4,1304,0,0,0,,0,EAST,4TH,DANNENBERG,0.00,,Y,A,-,N,,,86,,,,,,,Y,3,0,1,1,A,-,01,23152,A,N,E,I,A,A,H,-,C,A,0,,,,,Y,Y,-,,0,1,0,0,0,0,0,0,0,"- ","- ",32.767139434814453,-115.55225372314453,IMPERIAL,"EL CENTRO",-115.55213165283203,32.767143249511719
9594435,2023,2023-06-30,1301,2023-05-31,1344,9A2,BRAWL,3,5,3,1301,0,0,0,,0,002,"K ST","S 3RD ST",0.00,,Y,A,-,N,,,,,,,,,,Y,3,0,2,2,A,-,08,22107,,N,C,E,A,A,H,-,A,D,0,,,,,Y,,A,01,0,2,0,0,0,0,0,0,0,"- ","- ",,,IMPERIAL,BRAWLEY,-115.53720855712891,32.973110198974609
9595305,2023,2023-07-19,1304,2023-06-15,2059,327,EPTRL,4,5,4,1304,0,0,0,,0,WEST,"ROSS AV","5TH ST",0.00,,Y,A,-,N,,,,,,,,,,Y,3,0,1,2,A,-,09,21802,A,N,D,I,A,A,-,-,D,-,0,,,,,Y,,-,,0,1,0,0,0,0,0,0,0,"- ","- ",32.781459808349609,-115.55462646484375,IMPERIAL,"EL CENTRO",-115.55461883544922,32.781448364257812
9595307,2023,2023-07-18,1304,2023-06-22,1904,E0187,EAST,4,5,4,1304,0,0,0,,0,EAST,AURORA,4TH,400.00,W,N,A,-,N,,,,,,,,,,N,2,0,1,2,A,-,09,21803,A,N,G,B,D,A,H,-,A,D,0,Y,,,,Y,,A,01,1,0,0,0,1,0,0,0,0,"- ","- ",32.778480529785156,-115.55403137207031,IMPERIAL,"EL CENTRO",-115.55235290527344,32.778480529785156
9595308,2023,2023-07-19,1304,2023-06-07,1819,351,ELCE,3,5,4,1304,0,0,0,,0,WEST,"LA BRUCHERIE RD","ADAMS AV",0.00,,-,A,-,N,,,,,,,,,,N,4,0,1,3,A,-,08,22107,,N,B,C,A,A,H,-,A,A,0,,,,,Y,,-,,0,0,1,0,0,0,0,0,0,"- ","- ",32.796901702880859,-115.57871246337891,IMPERIAL,"EL CENTRO",-115.57872009277344,32.796550750732422
9595309,2023,2023-07-19,1304,2023-06-09,1345,368,E1,5,5,4,1304,0,0,0,,0,WEST,8TH,PICO,0.00,,Y,A,-,N,,,,,,,,,,N,3,0,2,2,A,-,12,22450,,N,D,C,A,A,H,-,A,A,0,,,,,Y,,-,,0,2,0,0,0,0,0,0,0,"- ","- ",,,IMPERIAL,"EL CENTRO",-115.56140899658203,32.805629730224609