CASE_ID,ACCIDENT_YEAR,PROC_DATE,JURIS,COLLISION_DATE,COLLISION_TIME,OFFICER_ID,REPORTING_DISTRICT,DAY_OF_WEEK,CHP_SHIFT,POPULATION,CNTY_CITY_LOC,SPECIAL_COND,BEAT_TYPE,CHP_BEAT_TYPE,CITY_DIVISION_LAPD,CHP_BEAT_CLASS,BEAT_NUMBER,PRIMARY_RD,SECONDARY_RD,DISTANCE,DIRECTION,INTERSECTION,WEATHER_1,WEATHER_2,STATE_HWY_IND,CALTRANS_COUNTY,CALTRANS_DISTRICT,STATE_ROUTE,ROUTE_SUFFIX,POSTMILE_PREFIX,POSTMILE,LOCATION_TYPE,RAMP_INTERSECTION,SIDE_OF_HWY,TOW_AWAY,COLLISION_SEVERITY,NUMBER_KILLED,NUMBER_INJURED,PARTY_COUNT,PRIMARY_COLL_FACTOR,PCF_CODE_OF_VIOL,PCF_VIOL_CATEGORY,PCF_VIOLATION,PCF_VIOL_SUBSECTION,HIT_AND_RUN,TYPE_OF_COLLISION,MVIW,PED_ACTION,ROAD_SURFACE,ROAD_COND_1,ROAD_COND_2,LIGHTING,CONTROL_DEVICE,CHP_ROAD_TYPE,PEDESTRIAN_ACCIDENT,BICYCLE_ACCIDENT,MOTORCYCLE_ACCIDENT,TRUCK_ACCIDENT,NOT_PRIVATE_PROPERTY,ALCOHOL_INVOLVED,STWD_VEHTYPE_AT_FAULT,CHP_VEHTYPE_AT_FAULT,COUNT_SEVERE_INJ,COUNT_VISIBLE_INJ,COUNT_COMPLAINT_PAIN,COUNT_PED_KILLED,COUNT_PED_INJURED,COUNT_BICYCLIST_KILLED,COUNT_BICYCLIST_INJURED,COUNT_MC_KILLED,COUNT_MC_INJURED,PRIMARY_RAMP,SECONDARY_RAMP,LATITUDE,LONGITUDE,COUNTY,CITY,POINT_X,POINT_Y
9595334,2023,2023-07-18,1304,2023-05-26,1040,361,ELCE,5,5,4,1304,0,0,0,,0,EAST,6TH,HAMILTON,0.00,,Y,A,-,N,,,,,,,,,,Y,2,0,1,2,A,-,09,21802,A,N,D,C,A,A,H,-,A,A,0,,,Y,,Y,,C,02,1,0,0,0,0,0,0,0,1,"- ","- ",,,IMPERIAL,"EL CENTRO",-115.55690765380859,32.785831451416016
9601417,2023,2023-09-07,1304,2023-07-29,2202,339,ELCE,6,5,4,1304,0,0,0,,0,EAST,"RT 86",COUNTRYSIDE,78.00,S,N,A,-,Y,IMP,11,86,-,-,5.110,H,-,N,Y,3,0,1,1,A,-,01,23152,A,N,E,I,A,A,H,-,D,D,0,,,,,Y,Y,A,01,0,1,0,0,0,0,0,0,0,"- ","- ",,,IMPERIAL,"EL CENTRO",-115.55198669433594,32.760715484619141
9602703,2023,2023-08-22,1304,2023-06-26,1538,391,EPTRL,1,5,4,1304,0,0,0,,0,EAST,6TH,MAIN,0.00,,Y,A,-,N,,,,,,,,,,N,2,0,1,2,A,-,09,21802,A,N,D,C,A,A,H,-,A,A,0,,,,,Y,,A,01,1,0,0,0,0,0,0,0,0,"- ","- ",,,IMPERIAL,"EL CENTRO",-115.55696105957031,32.792823791503906
9604223,2023,2023-12-21,1304,2023-10-17,1519,368,E1,2,5,4,1304,0,0,0,,0,WEST,"RT 86","EUCLID AV",0.00,,Y,A,-,Y,IMP,11,86,-,-,7.430,I,5,S,N,3,0,1,2,A,-,03,22350,,N,C,C,A,A,D,-,A,A,0,,,,,Y,,A,01,0,1,0,0,0,0,0,0,0,"- ","- ",32.798408508300781,-115.57002258300781,IMPERIAL,"EL CENTRO",-115.56996917724609,32.798385620117188
9605970,2023,2023-08-23,1304,2023-07-28,"107 ",327,EPTRL,5,5,4,1304,0,0,0,,0,WEST,"OLIVE AV","W OLIVE AV 500",0.00,,N,A,-,N,,,,,,,,,,Y,4,0,1,3,A,-,17,24250,,N,A,E,A,A,H,-,C,D,0,,,,,Y,,A,01,0,0,1,0,0,0,0,0,0,"- ","- ",32.790760040283203,-115.55610656738281,IMPERIAL,"EL CENTRO",-115.53192901611328,32.790718078613281
9610852,2023,2023-09-21,1301,2023-05-29,2035,9A7,BRAWL,1,5,3,1301,0,0,0,,0,004,"9TH ST","I ST",0.00,,Y,A,-,N,,,,,,,,,,Y,3,0,1,2,A,-,07,21658,,N,A,E,A,A,H,-,D,D,0,,,,,Y,,A,07,0,1,0,0,0,0,0,0,0,"- ","- ",32.975360870361328,-115.52964782714844,IMPERIAL,BRAWLEY,-115.52973175048828,32.975334167480469
9612863,2023,2023-08-18,1304,2023-03-05,2348,325,ELCE,7,5,4,1304,0,0,0,,0,EAST,MAIN,1ST,0.00,,Y,A,-,N,,,,,,,,,,Y,4,0,1,1,A,-,01,23152,B,N,F,I,A,A,H,-,C,D,0,,,,,Y,Y,A,01,0,0,1,0,0,0,0,0,0,"- ","- ",,,IMPERIAL,"EL CENTRO",-115.54415893554688,32.792831420898438
9613703,2023,2023-08-24,1304,2023-07-20,1138,342,EPTRL,4,5,4,1304,0,0,0,,0,EAST,4TH,ORANGE,0.00,,Y,A,-,N,,,86,,,,,,,Y,3,0,1,3,A,-,09,21453,C,N,C,C,A,A,H,-,A,A,0,,,,,Y,,A,01,0,1,0,0,0,0,0,0,0,"- ","- ",32.788780212402344,-115.55243682861328,IMPERIAL,"EL CENTRO",-115.55252838134766,32.788780212402344
9613981,2023,2023-09-25,1304,2023-07-06,"309 ",366,E1,4,5,4,1304,0,0,0,,0,WEST,"IMPERIAL AV","AURORA DR",0.00,,Y,A,-,N,,,,,,,,,,Y,2,0,1,2,A,-,09,21801,A,N,D,C,A,A,H,-,C,D,0,,,Y,,Y,,A,01,1,0,0,0,0,0,0,0,0,"- ","- ",32.778350830078125,-115.5694580078125,IMPERIAL,"EL CENTRO",-115.56954956054688,32.778377532958984
9613982,2023,2023-09-25,1304,2023-07-25,1726,E365,ELCE,2,5,4,1304,0,0,0,,0,WEST,"BROADWAY AV","8TH ST",0.00,,Y,A,-,N,,,,,,,,,,Y,3,0,2,2,A,-,12,21453,A,N,B,C,A,A,H,-,A,A,0,,,,,Y,,A,01,0,2,0,0,0,0,0,0,0,"- ","- ",32.793880462646484,-115.56140899658203,IMPERIAL,"EL CENTRO",-115.56144714355469,32.793857574462891
9613983,2023,2023-09-27,1304,2023-07-23,1648,E0194,ELCE,7,5,4,1304,0,0,0,,0,WEST,"ORANGE AV","ORANGE AV 2000",0.00,,Y,A,-,N,,,,,,,,,,Y,4,0,1,2,A,-,09,21801,A,N,D,C,A,A,H,-,A,D,0,,,,,Y,,A,01,0,0,1,0,0,0,0,0,0,"- ","- ",32.788719177246094,-115.57997131347656,IMPERIAL,"EL CENTRO",-115.54402160644531,32.788764953613281
9614167,2023,2023-09-29,1304,2023-08-16,1331,331,EPTRL,3,5,4,1304,0,0,0,,0,EAST,1ST,MAIN,28.00,S,N,A,-,N,,,,,,,,,,N,3,0,1,2,A,-,09,21801,A,N,B,C,A,A,H,-,A,A,0,,,,,Y,,I,11,0,1,0,0,0,0,0,0,0,"- ","- ",,,IMPERIAL,"EL CENTRO",-115.54415893554688,32.792831420898438
9614171,2023,2023-10-06,1304,2023-08-25,1344,335,E1,5,5,4,1304,0,0,0,,0,EAST,4TH,"WILLOW BEND",0.00,,Y,A,-,Y,IMP,11,86,-,-,5.290,H,-,N,Y,3,0,2,2,A,-,08,22107,,N,D,C,A,A,H,-,A,D,0,,,,,Y,,A,01,0,2,0,0,0,0,0,0,0,"- ","- ",32.763160705566406,-115.55197143554688,IMPERIAL,"EL CENTRO",-115.55205535888672,32.763378143310547
9614327,2023,2023-10-02,1304,2023-08-22,1517,391,EPTRL,2,5,4,1304,0,0,0,,0,EAST,ORANGE,HOPE,0.00,,Y,A,-,N,,,,,,,,,,N,3,0,1,2,A,-,12,22450,,N,D,C,A,A,H,-,A,A,0,,,,,Y,,A,01,0,1,0,0,0,0,0,0,0,"- ","- ",,,IMPERIAL,"EL CENTRO",-115.53971862792969,32.788764953613281
9614328,2023,2023-10-16,1304,2023-08-02,1145,357,,3,5,4,1304,0,0,0,,0,EEAST,DOGWOOD,"RT 8",0.00,,Y,A,-,Y,IMP,11,8,-,R,38.791,R,4,W,Y,4,0,1,2,A,-,03,22350,,N,C,C,A,A,H,-,A,A,0,,,,,Y,Y,A,01,0,0,1,0,0,0,0,0,0,"- ","- ",,,IMPERIAL,"EL CENTRO",-115.53824615478516,32.773944854736328
9614329,2023,2023-10-02,1304,2023-08-16,1841,366,E1,3,5,4,1304,0,0,0,,0,WEST,"IMPERIAL AV","STATE ST",0.00,,Y,A,-,N,,,,,,,,,,N,4,0,1,2,A,-,04,21703,,M,C,C,A,A,H,-,A,A,0,,,,,Y,Y,-,,0,0,1,0,0,0,0,0,0,"- ","- ",32.791839599609375,-115.56996917724609,IMPERIAL,"EL CENTRO",-115.56988525390625,32.791698455810547
9614330,2023,2023-10-18,1304,2023-08-17,1139,391,EPTRL,4,5,4,1304,0,0,0,,0,EAST,6TH,ADAMS,81.00,N,N,A,-,N,,,,,,,,,,Y,3,0,1,4,A,-,03,22350,,N,C,C,A,A,H,-,A,A,0,,,,,Y,,A,01,0,1,0,0,0,0,0,0,0,"- ","- ",,,IMPERIAL,"EL CENTRO",-115.55708312988281,32.7967529296875
9614725,2023,2023-10-19,1304,2023-09-01,1105,368,E1,5,5,4,1304,0,0,0,,0,WEST,BROADWAY,"IMPERIAL AV",800.00,E,N,A,-,N,,,,,,,,,,N,3,0,1,2,A,-,09,21801,A,N,D,C,A,A,H,-,A,D,0,,,,,Y,,D,22,0,1,0,0,0,0,0,0,0,"- ","- ",32.793849945068359,-115.5670166015625,IMPERIAL,"EL CENTRO",-115.56732940673828,32.793811798095703
9614726,2023,2023-10-19,1304,2023-09-06,"455 ",358,,3,5,4,1304,0,0,0,,0,EAST,MAIN,"MAIN ST 700",0.00,,N,A,-,N,,,,,,,,,,Y,3,0,1,1,A,-,01,23152,A,N,F,I,A,A,H,-,C,D,0,,,,,Y,Y,A,01,0,1,0,0,0,0,0,0,0,"- ","- ",32.793060302734375,-115.52971649169922,IMPERIAL,"EL CENTRO",-115.55251312255859,32.792823791503906
9616729,2023,2023-10-09,1301,2023-08-17,1435,9A4,BRAWL,4,5,3,1301,0,0,0,,0,0B1,IMPERIAL,APPLE,237.00,N,N,A,-,N,,,,,,,,,,Y,4,0,1,2,A,-,08,22107,,N,B,C,A,A,H,-,A,D,0,,,,,Y,,A,07,0,0,1,0,0,0,0,0,0,"- ","- ",,,IMPERIAL,BRAWLEY,-115.53507232666016,32.992107391357422
9620127,2023,2023-09-26,1301,2023-07-24,1700,908,BRAWL,1,5,3,1301,0,0,0,,0,0B3,"MAIN ST","PALM DR",0.00,,Y,A,-,N,,,,,,,,,,Y,3,0,1,2,A,-,12,21453,A,N,D,C,A,A,H,-,A,A,0,,,,,Y,,D,22,0,1,0,0,0,0,0,0,0,"- ","- ",,,IMPERIAL,BRAWLEY,-115.52204895019531,32.9786376953125
9620413,2023,2023-10-12,1304,2023-09-22,1915,366,E1,5,5,4,1304,0,0,0,,0,WEST,"NORTH IMPERIAL AV","N IMPERIAL AV 100",0.00,,N,A,-,N,,,,,,,,,,Y,2,0,1,2,A,-,07,21658,A,N,B,C,A,A,H,-,C,A,0,,,Y,,Y,,C,02,1,0,0,0,0,0,0,0,1,"- ","- ",32.793560028076172,-115.56986236572266,IMPERIAL,"EL CENTRO",-115.56996154785156,32.799274444580078
9620414,2023,2023-10-12,1304,2023-09-20,1624,391,EPTRL,3,5,4,1304,0,0,0,,0,EAST,8TH,MAIN,0.00,,Y,A,-,N,,,,,,,,,,Y,3,0,1,2,A,-,09,21802,A,N,D,C,A,A,H,-,A,A,0,,,,,Y,,A,01,0,1,0,0,0,0,0,0,0,"- ","- ",,,IMPERIAL,"EL CENTRO",-115.56143188476562,32.792831420898438
9620415,2023,2023-10-12,1304,2023-09-22,"806 ",391,EPTRL,5,5,4,1304,0,0,0,,0,EAST,5TH,STATE,83.00,S,N,A,-,N,,,,,,,,,,Y,3,0,1,2,A,-,08,22107,,N,D,C,A,-,H,-,A,D,0,,,,,Y,,A,01,0,1,0,0,0,0,0,0,0,"- ","- ",,,IMPERIAL,"EL CENTRO",-115.55471801757812,32.791553497314453
9620416,2023,2023-10-12,1304,2023-09-23,1830,358,EAST,6,5,4,1304,0,0,0,,0,,DOGWOOD,PLAZA,72.00,S,N,A,-,N,,,,,,,,,,N,3,0,3,3,A,-,03,22350,,F,C,C,A,A,G,-,B,D,0,,,,,Y,,A,01,0,3,0,0,0,0,0,0,0,"- ","- ",,,IMPERIAL,"EL CENTRO",,
9620417,2023,2023-10-12,1304,2023-09-24,1856,361,ELCE,7,5,4,1304,0,0,0,,0,EAST,DOGWOOD,DANNENBERG,78.00,S,N,A,-,N,,,,,,,,,,Y,4,0,7,4,A,-,01,23152,A,N,C,C,A,A,D,E,C,A,0,,,,,Y,Y,A,07,0,0,7,0,0,0,0,0,0,"- ","- ",,,IMPERIAL,"EL CENTRO",-115.53514862060547,32.766708374023438
9620418,2023,2023-10-12,1304,2023-09-25,1824,358,,1,5,4,1304,0,0,0,,0,EAST,EUCLID,6TH,0.00,,Y,A,-,N,,,,,,,,,,N,3,0,1,2,A,-,09,21802,A,N,D,C,A,A,H,-,A,A,0,,,,,Y,,A,07,0,1,0,0,0,0,0,0,0,"- ","- ",,,IMPERIAL,"EL CENTRO",-115.55709075927734,32.798366546630859
9620419,2023,2023-10-12,1304,2023-09-10,1225,338,ELCE,7,5,4,1304,0,0,0,,0,WEST,"VINE ST","S WATERMAN AV",400.00,E,N,A,-,N,,,,,,,,,,N,2,0,1,2,A,-,17,22517,,N,G,E,A,A,H,-,A,D,0,,Y,,,Y,,-,,1,0,0,0,0,0,1,0,0,"- ","- ",32.784889221191406,-115.57534790039062,IMPERIAL,"EL CENTRO",-115.57272338867188,32.784900665283203
9620420,2023,2023-10-12,1304,2023-09-29,1929,361,ELCE,5,5,4,1304,0,0,0,,0,WEST,IMPERIAL,BROADWAY,0.00,,Y,A,-,N,,,,,,,,,,Y,3,0,4,2,A,-,09,21801,A,N,A,C,A,A,H,-,C,A,0,,,,,Y,,A,01,0,4,0,0,0,0,0,0,0,"- ","- ",,,IMPERIAL,"EL CENTRO",-115.56991577148438,32.793804168701172
9620421,2023,2023-10-12,1304,2023-09-25,"724 ",339,E1,1,5,4,1304,0,0,0,,0,WEST,IMPERIAL,PEPPER,0.00,,Y,A,-,N,,,,,,,,,,N,3,0,1,2,A,-,10,21950,A,N,G,B,D,A,H,-,A,D,0,Y,,,,Y,,A,01,0,1,0,0,1,0,0,0,0,"- ","- ",32.779468536376953,-115.56968688964844,IMPERIAL,"EL CENTRO",-115.56957244873047,32.779411315917969
9620422,2023,2023-10-12,1304,2023-09-25,"821 ",391,EPTRL,1,5,4,1304,0,0,0,,0,WEST,LOTUS,MAIN,0.00,,Y,A,-,N,,,,,,,,,,Y,3,0,2,2,A,-,09,21802,A,N,-,C,A,A,H,-,A,A,0,,,,,Y,,A,01,0,2,0,0,0,0,0,0,0,"- ","- ",,,IMPERIAL,"EL CENTRO",-115.58474731445312,32.792823791503906
9620424,2023,2023-10-12,1304,2023-09-03,1059,339,EPTRL,7,5,4,1304,0,0,0,,0,,ORANGE,HOPE,0.00,,Y,A,-,N,,,,,,,,,,Y,3,0,1,2,A,-,09,21802,A,N,D,C,A,A,H,-,A,D,0,,,,,Y,,A,01,0,1,0,0,0,0,0,0,0,"- ","- ",,,IMPERIAL,"EL CENTRO",-115.53971862792969,32.788764953613281
9620425,2023,2023-10-18,1304,2023-09-16,"50  ",366,E1,6,5,4,1304,0,0,0,,0,EAST,"MAIN ST","5TH ST",0.00,,Y,A,-,N,,,,,,,,,,Y,2,0,2,2,A,-,01,23153,A,N,D,C,A,A,H,-,C,D,0,,,,,Y,Y,A,01,1,1,0,0,0,0,0,0,0,"- ","- ",,,IMPERIAL,"EL CENTRO",-115.55471801757812,32.792831420898438
9620426,2023,2023-10-12,1304,2023-09-18,"755 ",391,EPTRL,1,5,4,1304,0,0,0,,0,EAST,6TH,"EL CENTRO",0.00,,Y,A,-,N,,,,,,,,,,Y,3,0,1,2,A,-,09,21802,A,N,D,C,A,A,H,-,A,A,0,,,,,Y,,A,01,0,1,0,0,0,0,0,0,0,"- ","- ",,,IMPERIAL,"EL CENTRO",-115.55709075927734,32.797458648681641
9628308,2023,2023-11-01,1304,2023-09-24,2255,E4283,,7,5,4,1304,0,0,0,,0,WEST,"IMPERIAL AV","PICO AV",0.00,,Y,A,-,Y,IMP,11,86,-,-,7.930,I,5,N,Y,4,0,2,2,A,-,09,21453,C,N,B,C,A,A,H,-,C,A,0,,,,,Y,,A,01,0,0,2,0,0,0,0,0,0,"- ","- ",,,IMPERIAL,"EL CENTRO",-115.56989288330078,32.805610656738281
9632953,2023,2023-12-13,1304,2023-10-02,1607,391,EPTRL,1,5,4,1304,0,0,0,,0,EAST,MAIN,"3RD ST",0.00,,Y,A,-,N,,,,,,,,,,Y,3,0,1,2,A,-,09,21802,A,N,D,C,A,A,H,-,A,A,0,,,,,Y,,A,01,0,1,0,0,0,0,0,0,0,"- ","- ",,,IMPERIAL,"EL CENTRO",-115.54879760742188,32.792842864990234
9632955,2023,2023-12-13,1304,2023-10-11,2249,351,EPTRL,3,5,4,1304,0,0,0,,0,WEST,"IMPERIAL AV","EUCLID AV",0.00,,Y,A,-,N,,,,,,,,,,Y,3,0,2,2,A,-,12,21453,A,F,D,C,A,A,H,-,C,A,0,,,,,Y,Y,A,01,0,2,0,0,0,0,0,0,0,"- ","- ",32.798141479492188,-115.56996917724609,IMPERIAL,"EL CENTRO",-115.56996917724609,32.798374176025391
9632958,2023,2023-12-13,1304,2023-10-25,"800 ",363,EPTRL,3,5,4,1304,0,0,0,,0,WEST,"8TH ST","ROSS AV",0.00,,Y,A,-,N,,,,,,,,,,Y,3,0,1,2,A,-,09,21804,A,N,D,C,A,A,H,-,A,A,0,,,,,Y,,A,07,0,1,0,0,0,0,0,0,0,"- ","- ",32.780521392822266,-115.56123352050781,IMPERIAL,"EL CENTRO",-115.56124114990234,32.781501770019531
9632959,2023,2023-12-13,1304,2023-10-10,"835 ",363,EPTRL,2,5,4,1304,0,0,0,,0,WEST,IMPERIAL,BRADSHAW,0.00,,Y,A,-,N,,,86,,,,,,,Y,2,0,1,2,A,-,09,21453,C,N,D,C,A,A,H,-,A,A,0,,,,,Y,,A,07,1,0,0,0,0,0,0,0,0,"- ","- ",32.811149597167969,-115.57002258300781,IMPERIAL,"EL CENTRO",-115.56992340087891,32.811149597167969
9634121,2023,2023-12-22,1304,2023-11-22,"545 ",358,,3,5,4,1304,0,0,0,,0,EAST,MAIN,3RD,0.00,,Y,A,-,N,,,,,,,,,,Y,3,0,1,2,A,-,09,21801,A,N,D,C,A,A,H,-,B,D,0,,,,,Y,,A,01,0,1,0,0,0,0,0,0,0,"- ","- ",,,IMPERIAL,"EL CENTRO",-115.54879760742188,32.792842864990234
9637360,2023,2024-02-16,1301,2023-10-13,1438,910,BRAWL,5,5,3,1301,0,0,0,,0,0B2,"RT 86","PANNO RD",341.00,S,N,A,-,Y,IMP,11,86,-,-,19.410,H,-,N,Y,3,0,2,2,A,-,03,22350,,N,C,C,A,A,H,-,A,A,0,,,,,Y,,A,01,0,1,1,0,0,0,0,0,0,"- ","- ",,,IMPERIAL,BRAWLEY,-115.54892730712891,32.962821960449219
9638830,2023,2023-12-05,1301,2023-10-24,1317,913,BRAWL,2,5,3,1301,0,0,0,,0,0B3,"MAIN ST","EASTERN AV",0.00,,Y,A,-,N,,,,,,,,,,Y,3,0,1,2,A,-,12,21453,A,N,A,C,A,A,H,-,A,A,0,,,,,Y,,A,07,0,1,0,0,0,0,0,0,0,"- ","- ",,,IMPERIAL,BRAWLEY,-115.51778411865234,32.978626251220703
9640534,2023,2024-06-05,1304,2023-10-13,1929,358,,5,5,4,1304,0,0,0,,0,EAST,"4TH ST","STATE ST",89.00,S,N,A,-,Y,,,,,,,,,,Y,1,2,1,3,A,-,03,22350,,N,G,B,D,A,H,-,C,D,0,Y,,,,Y,,A,01,0,1,0,2,0,0,0,0,0,"- ","- ",,,IMPERIAL,"EL CENTRO",-115.55251312255859,32.791538238525391
9642331,2023,2024-01-19,1304,2023-11-26,1635,E4276,,7,5,4,1304,0,0,0,,0,EWEST,STATE,"STATE 1400",0.00,,N,A,-,N,,,,,,,,,,N,4,0,1,2,A,-,17,21200,A,N,D,G,A,A,H,-,D,D,0,,Y,,,Y,,L,04,0,0,1,0,0,0,1,0,0,"- ","- ",,,IMPERIAL,"EL CENTRO",,
9642332,2023,2024-03-01,1304,2023-11-23,1931,339,,4,5,4,1304,0,0,0,,0,,"MAIN ST","S HOPE ST",0.00,,Y,A,-,N,,,,,,,,,,N,3,0,1,2,A,-,03,22350,,N,D,C,A,A,B,-,C,D,0,,,,,Y,,A,01,0,1,0,0,0,0,0,0,0,"- ","- ",32.790000915527344,-115.54000091552734,IMPERIAL,"EL CENTRO",-115.53973388671875,32.792831420898438
9642333,2023,2024-01-19,1304,2023-11-09,1354,391,EPTRL,4,5,4,1304,0,0,0,,0,WEST,CRUICKSHANK,IMPERIAL,324.00,E,N,A,-,N,,,,,,,,,,Y,3,0,2,2,A,-,03,22350,,N,D,C,A,A,H,-,A,D,0,,,,,Y,,A,01,0,2,0,0,0,0,0,0,0,"- ","- ",,,IMPERIAL,"EL CENTRO",-115.56893157958984,32.814731597900391
9642335,2023,2024-01-19,1304,2023-11-10,1322,342,EPTRL,5,5,4,1304,0,0,0,,0,EAST,8TH,MAIN,0.00,,Y,-,-,N,,,,,,,,,,N,4,0,1,3,A,-,12,21453,A,N,-,C,A,A,H,-,A,A,0,,,,,Y,,-,,0,0,1,0,0,0,0,0,0,"- ","- ",,,IMPERIAL,"EL CENTRO",-115.56143188476562,32.792831420898438
9642336,2023,2024-01-19,1304,2023-11-06,"600 ",325,ELCE,1,5,4,1304,0,0,0,,0,EAST,"S 5TH",MAIN,189.00,S,N,A,-,N,,,,,,,,,,N,3,0,1,2,A,-,10,21952,,N,G,A,E,A,H,-,C,D,0,Y,,,,Y,,-,,0,1,0,0,1,0,0,0,0,"- ","- ",,,IMPERIAL,"EL CENTRO",-115.55471801757812,32.792312622070312
9642338,2023,2024-01-19,1304,2023-11-06,1041,335,E1,1,5,4,1304,0,0,0,,0,EAST,5TH,ROSS,0.00,,Y,A,-,N,,,,,,,,,,Y,3,0,1,2,A,-,08,22107,,N,D,C,A,A,H,-,A,A,0,,,,,Y,,A,01,0,1,0,0,0,0,0,0,0,"- ","- ",,,IMPERIAL,"EL CENTRO",-115.55461883544922,32.781448364257812
9642485,2023,2023-12-21,1304,2023-10-18,1114,357,,3,5,4,1304,0,0,0,,0,EEAST,STATE,7TH,0.00,,Y,A,-,N,,,,,,,,,,N,4,0,1,2,A,-,10,21950,A,N,-,B,B,A,H,-,A,A,0,Y,,,,Y,,-,,0,0,1,0,1,0,0,0,0,"- ","- ",,,IMPERIAL,"EL CENTRO",-115.55912017822266,32.791778564453125
9643281,2023,2023-11-28,1301,2023-10-27,1421,910,BRAWL,5,5,3,1301,0,0,0,,0,0BL,"W LEGION RD","EVELYN AV",224.00,W,N,A,-,N,,,,,,,,,,Y,4,0,1,1,A,-,03,22350,,N,E,I,A,A,H,-,A,A,0,,,,,Y,,D,22,0,0,1,0,0,0,0,0,0,"- ","- ",,,IMPERIAL,BRAWLEY,-115.55572509765625,32.959930419921875
9650102,2023,2024-02-20,1304,2023-12-06,2343,339,EPTRL,3,5,4,1304,0,0,0,,0,WEST,ADAMS,"ADAMS 1751",0.00,,N,A,-,N,,,,,,,,,,Y,3,0,1,2,A,-,07,21658,A,N,C,E,A,A,H,-,D,D,0,,,,,Y,Y,A,01,0,1,0,0,0,0,0,0,0,"- ","- ",32.796611785888672,-115.57377624511719,IMPERIAL,"EL CENTRO",-115.55448150634766,32.796550750732422
9650134,2023,2024-02-16,1304,2023-12-08,1816,327,E1,5,5,4,1304,0,0,0,,0,WEST,"LABRUCHERIE AV","BRADSHAW AV",0.00,,Y,A,-,N,,,,,,,,,,Y,4,0,2,2,A,-,12,21453,A,N,A,C,A,A,H,-,C,A,0,,,,,Y,,A,01,0,0,2,0,0,0,0,0,0,"- ","- ",,,IMPERIAL,"EL CENTRO",-115.57866668701172,32.811065673828125
9650136,2023,2024-02-16,1304,2023-12-21,1800,327,E1,4,5,4,1304,0,0,0,,0,WEST,"S IMPERIAL AV","S IMPERIAL AV 1800 BLOCK",0.00,,-,B,-,N,,,,,,,,,,Y,4,0,1,3,A,-,00,23123,A,N,C,C,A,A,H,-,C,A,0,,,,,Y,,A,01,0,0,1,0,0,0,0,0,0,"- ","- ",32.774829864501953,-115.56964874267578,IMPERIAL,"EL CENTRO",-115.56957244873047,32.777179718017578
9650138,2023,2024-02-21,1304,2023-12-17,"359 ",358,,7,5,4,1304,0,0,0,,0,EAST,COMMERCIAL,6TH,0.00,,Y,A,-,N,,,,,,,,,,Y,2,0,2,4,A,-,03,22350,,F,H,E,A,A,H,-,C,D,0,,,,,Y,,A,01,1,1,0,0,0,0,0,0,0,"- ","- ",,,IMPERIAL,"EL CENTRO",-115.55694580078125,32.794883728027344
9650139,2023,2024-02-21,1304,2023-12-16,"223 ",E0038,6,6,5,4,1304,0,0,0,,0,EAST,GILLETT,"EVAN HEWES",0.00,,N,A,-,N,,,,,,,,,,Y,3,0,2,2,A,-,01,23152,B,N,A,C,A,A,H,-,C,A,0,,,,,Y,Y,A,01,0,2,0,0,0,0,0,0,0,"- ","- ",32.792858123779297,-115.52742767333984,IMPERIAL,"EL CENTRO",-115.52696990966797,32.792949676513672
9650677,2023,2024-01-17,1304,2023-10-31,"623 ",368,E1,2,5,4,1304,0,0,0,,0,WEST,"NORTH IMPERIAL AV","BARBARA WORTH DR",0.00,,Y,A,-,N,,,,,,,,,,Y,2,0,1,2,A,-,10,21950,A,N,G,B,B,A,H,-,C,B,0,Y,,,,Y,Y,A,01,1,0,0,0,1,0,0,0,0,"- ","- ",,,IMPERIAL,"EL CENTRO",-115.5699462890625,32.794631958007812
9651064,2023,2024-01-04,1301,2023-10-05,1030,9A5,BRAWL,4,5,3,1301,0,0,0,,0,002,"LEGION RD","LA VALENCIA",0.00,,N,A,-,N,,,,,,,,,,Y,4,0,1,2,A,-,03,22350,,N,C,E,A,A,H,-,A,D,0,,,,,Y,,D,22,0,0,1,0,0,0,0,0,0,"- ","- ",,,IMPERIAL,BRAWLEY,-115.56313323974609,32.95989990234375
9651349,2023,2024-01-05,1301,2023-11-28,1957,914,BRAWL,2,5,3,1301,0,0,0,,0,001,"7TH ST","ADLER ST",0.00,,Y,A,-,N,,,,,,,,,,N,3,0,1,2,A,-,00,20001,A,F,D,G,A,A,H,-,C,A,0,,Y,,,Y,,D,22,0,1,0,0,0,0,1,0,0,"- ","- ",32.986000061035156,-115.53115081787109,IMPERIAL,BRAWLEY,-115.53114318847656,32.986045837402344
9652997,2023,2024-02-05,1301,2023-12-12,"941 ",9A4,BRAWL,2,5,3,1301,0,0,0,,0,0B4,"MALAN ST","9TH ST",0.00,,Y,A,-,N,,,,,,,,,,N,3,0,1,3,A,-,00,21703,A,N,C,C,A,A,H,-,A,D,0,,,,,Y,,A,01,0,1,0,0,0,0,0,0,0,"- ","- ",,,IMPERIAL,BRAWLEY,-115.53037261962891,32.970760345458984
9656066,2023,2024-01-11,1304,2023-10-23,"826 ",391,EPTRO,1,5,4,1304,0,0,0,,0,WEST,IMPERIAL,PICO,44.00,S,N,A,-,Y,IMP,11,86,-,-,7.910,H,-,N,N,3,0,1,4,A,-,03,22350,,F,C,C,A,A,H,-,A,A,0,,,,,Y,,-,,0,1,0,0,0,0,0,0,0,"- ","- ",,,IMPERIAL,"EL CENTRO",-115.56988525390625,32.805294036865234
9656419,2023,2024-03-08,1304,2023-12-30,1340,338,ELCE,6,5,4,1304,0,0,0,,0,WEST,"IMPERIAL AV","PICO AV",325.00,N,N,A,-,Y,IMP,11,86,-,-,7.990,H,-,N,Y,4,0,2,3,A,-,03,22350,,N,C,C,A,A,H,-,A,D,0,,,,,Y,,A,01,0,0,2,0,0,0,0,0,0,"- ","- ",,,IMPERIAL,"EL CENTRO",-115.56989288330078,32.806533813476562
9656803,2023,2024-01-26,1301,2023-11-24,1820,DSACRABI,BRAWL,5,5,3,1301,0,0,0,,0,0B3,"9TH ST",GST2,0.00,,Y,A,-,N,,,,,,,,,,,3,0,1,2,A,-,09,21802,A,N,D,C,A,A,H,-,C,A,0,,,,,Y,,A,07,0,1,0,0,0,0,0,0,0,"- ","- ",,,IMPERIAL,BRAWLEY,,